식품코드,식품명,데이터구분코드,데이터구분명,식품기원코드,식품기원명,식품대분류코드,식품대분류명,대표식품코드,대표식품명,식품중분류코드,식품중분류명,식품소분류코드,식품소분류명,식품세분류코드,식품세분류명,영양성분함량기준량,에너지(kcal),수분(g),단백질(g),지방(g),회분(g),탄수화물(g),당류(g),식이섬유(g),칼슘(mg),철(mg),인(mg),칼륨(mg),나트륨(mg),비타민 A(μg RAE),레티놀(μg),베타카로틴(μg),티아민(mg),리보플라빈(mg),니아신(mg),비타민 C(mg),비타민 D(μg),콜레스테롤(mg),포화지방산(g),트랜스지방산(g),니코틴산(mg),니코틴아마이드(mg),비오틴(μg),비타민 B6 / 피리독신(mg),비타민 B12(μg),엽산(μg DFE),콜린(mg),판토텐산(mg),비타민 D2(μg),비타민 D3(μg),비타민 E(mg α-TE),알파 토코페롤(mg),베타 토코페롤(mg),감마 토코페롤(mg),델타 토코페롤(mg),알파 토코트리에놀(mg),베타 토코트리에놀(mg),감마 토코트리에놀(mg),델타 토코트리에놀(mg),비타민 K(μg),비타민 K1(μg),비타민 K2(μg),갈락토오스(g),과당(g),당알콜(g),맥아당(g),알룰로오스(g),에리스리톨(g),유당(g),자당(g),타가토스(g),포도당(g),불포화지방산(g),EPA와 DHA의 합(mg),가돌레산(20:1) / 에이코센산(20:1)(mg),감마 리놀렌산(18:3(n-6))(mg),네르본산(24:1)(mg),도코사디에노산(22:2)(mg),도코사펜타에노산/토코사펜타엔산(22:5(n-3))(mg),DHA / 도코사헥사에노산/도코사헥사엔산(22:6(n-3))(mg),디호모리놀렌산/에이코사트리에노산(20:3(n-3))(mg),라우르산(12:0)(mg),리그노세르산(24:0)(mg),리놀레산(18:2(n-6))(g),미리스톨레산(14:1)(mg),미리스트산(14:0)(mg),박센산(18:1(n-7))(mg),베헨산(22:0)(mg),부티르산(4:0)(mg),스테아르산(18:0)(mg),스테아리돈산(18:4(n-3))(mg),아라키돈산(20:4(n-6))(mg),아라키드산(20:0)(mg),알파 리놀렌산(18:3(n-3))(g),에루크산(22:1)(mg),에이코사디에노산(20:2(n-6))(mg),에이코사트리에노산(20:3(n-6))(mg),EPA / 에이코사펜타에노산(20:5(n-3))(mg),오메가3 지방산(g),오메가6 지방산(g),올레산(18:1(n-9))(mg),카프로산(6:0)(mg),카프르산(10:0)(mg),카프릴산(8:0)(mg),트라이데칸산(13:0)(mg),트랜스 리놀레산(18:2t)(mg),트랜스 리놀렌산(18:3t)(mg),트랜스 올레산(18:1(n-9t)(mg),트리코산산(23:0)(mg),팔미톨레산(16:1)(mg),팔미트산(16:0)(mg),펜타데칸산(15:0)(mg),헨에이코산산(21:0)(mg),헵타데센산(17:1)(mg),헵타데칸산(17:0)(mg),구리(μg),마그네슘(mg),망간(mg),몰리브덴(μg),불소(mg),셀레늄(μg),아연(mg),염소(mg),요오드(μg),크롬(μg),아미노산(mg),필수아미노산(mg),비필수아미노산(mg),글루탐산(mg),글라이신(mg),라이신(mg),류신(mg),메티오닌(mg),발린(mg),세린(mg),시스테인(mg),아르기닌(mg),아스파르트산(mg),알라닌(mg),이소류신(mg),타우린(mg),트레오닌(mg),트립토판(mg),티로신(mg),페닐알라닌(mg),프롤린(mg),히스티딘(mg),토코페롤(mg),토코트리에놀(mg),알코올(g),출처코드,출처명,1회 섭취참고량,식품중량,품목제조보고번호,제조사명,수입업체명,유통업체명,수입여부,원산지국코드,원산지국명,데이터생성방법코드,데이터생성방법명,데이터생성일자,데이터기준일자
P114-103010200-0827,？스타곰탕 냉면 무김치,P,가공식품,1,가공식품,14,절임류 또는 조림류,14103,기타김치,1400001,김치류,140000102,김치,00,해당없음,100g,35,,1.00,0.00,,8.00,4.00,,,,,,650,,,,,,,,,0.00,0.00,0.00,,,,,,,,,,,,,,,,,,,,,,,,,,,,,,,,,,,,,,,,,,,,,,,,,,,,,,,,,,,,,,,,,,,,,,,,,,,,,,,,,,,,,,,,,,,,,,,,,,,,,,,,,,,,,,,3,식품의약품안전처,40g,500g,202504053896,주식회사 더스타푸드,해당없음,해당없음,N,,해당없음,2,수집,2026-05-13,2026-07-28 00:00:00
P101-104000100-1203,﻿우리밀 한입 스콘 초코칩,P,가공식품,1,가공식품,01,과자류·빵류 또는 떡류,01104,스낵과자,0100000,해당없음,010000001,과자,00,해당없음,100g,457,,7.00,18.00,,67.00,22.00,,,,,,412,,,,,,,,,73.00,11.00,0.00,,,,,,,,,,,,,,,,,,,,,,,,,,,,,,,,,,,,,,,,,,,,,,,,,,,,,,,,,,,,,,,,,,,,,,,,,,,,,,,,,,,,,,,,,,,,,,,,,,,,,,,,,,,,,,,3,식품의약품안전처,30g,100g,2024041736623,(주)페어베이커리,해당없음,해당없음,N,,해당없음,2,수집,2025-08-27,2026-07-28 00:00:00
P101-406000100-0078,﻿우리밀 한입 스콘 오트밀 레이즌,P,가공식품,1,가공식품,01,과자류·빵류 또는 떡류,01406,스콘,0100000,해당없음,010000001,과자,00,해당없음,100g,449,,6.00,18.00,,66.00,21.00,,,,,,493,,,,,,,,,72.00,11.00,0.00,,,,,,,,,,,,,,,,,,,,,,,,,,,,,,,,,,,,,,,,,,,,,,,,,,,,,,,,,,,,,,,,,,,,,,,,,,,,,,,,,,,,,,,,,,,,,,,,,,,,,,,,,,,,,,,3,식품의약품안전처,70g,100g,2024041736626,(주)페어베이커리,해당없음,해당없음,N,,해당없음,2,수집,2025-08-27,2026-07-28 00:00:00
P101-406000100-0077,﻿우리밀 한입 스콘 쑥고물,P,가공식품,1,가공식품,01,과자류·빵류 또는 떡류,01406,스콘,0100000,해당없음,010000001,과자,00,해당없음,100g,443,,7.00,18.00,,64.00,19.00,,,,,,491,,,,,,,,,80.00,10.00,0.00,,,,,,,,,,,,,,,,,,,,,,,,,,,,,,,,,,,,,,,,,,,,,,,,,,,,,,,,,,,,,,,,,,,,,,,,,,,,,,,,,,,,,,,,,,,,,,,,,,,,,,,,,,,,,,,3,식품의약품안전처,70g,100g,2024041736625,(주)페어베이커리,해당없음,해당없음,N,,해당없음,2,수집,2025-08-27,2026-07-28 00:00:00
P101-406000100-0076,﻿우리밀 한입 스콘 바다김,P,가공식품,1,가공식품,01,과자류·빵류 또는 떡류,01406,스콘,0100000,해당없음,010000001,과자,00,해당없음,100g,453,,7.00,19.00,,65.00,14.00,,,,,,250,,,,,,,,,90.00,10.00,0.00,,,,,,,,,,,,,,,,,,,,,,,,,,,,,,,,,,,,,,,,,,,,,,,,,,,,,,,,,,,,,,,,,,,,,,,,,,,,,,,,,,,,,,,,,,,,,,,,,,,,,,,,,,,,,,,3,식품의약품안전처,70g,100g,2024041736624,(주)페어베이커리,해당없음,해당없음,N,,해당없음,2,수집,2025-08-27,2026-07-28 00:00:00
P101-501000500-3289,﻿Yeschef BIG TTEOKBOKKI 국물떡볶이,P,가공식품,1,가공식품,01,과자류·빵류 또는 떡류,01501,떡,0100000,해당없음,010000005,떡류,00,해당없음,100g,202,,5.53,0.29,,45.80,5.47,2.8,6,0.36,,87,259,,,,,,,,0.00,0.00,0.14,0.00,,,,,,,,,,,,,,,,,,,,,,,,,,,,,,,,,,,,,,,,,,,,,,,,,,,,,,,,,,,,,,,,,,,,,,,,,,,,,,,,,,,,,,,,,,,,,,,,,,,,,,,,,,,,,,,3,식품의약품안전처,100g,400g,20150294499381,(주)아이케이푸드,해당없음,해당없음,N,,해당없음,2,수집,2025-06-17,2026-07-28 00:00:00
P108-008000200-0095,李家메밀소바,P,가공식품,1,가공식품,08,면류,08008,메밀국수/냉면국수,0800000,해당없음,080000002,숙면,00,해당없음,100g,162,,5.88,1.03,,32.35,3.68,,,,,,926,,,,,,,,,0.00,0.00,0.00,,,,,,,,,,,,,,,,,,,,,,,,,,,,,,,,,,,,,,,,,,,,,,,,,,,,,,,,,,,,,,,,,,,,,,,,,,,,,,,,,,,,,,,,,,,,,,,,,,,,,,,,,,,,,,,3,식품의약품안전처,"생·숙면 200g, 건면 100g, 당면 30g, 유탕면(봉지)120g, 유탕면(용기)80g",1084g,20060445194499,(주)이가자연면,해당없음,해당없음,N,,해당없음,2,수집,2019-06-30,2026-07-28 00:00:00
P101-501000500-4541,金세기 쫀득쫀득 밀떡볶이,P,가공식품,1,가공식품,01,과자류·빵류 또는 떡류,01501,떡,0100000,해당없음,010000005,떡류,00,해당없음,100g,220,,6.00,0.90,,47.00,2.00,,,,,,310,,,,,,,,,0.00,0.00,0.00,,,,,,,,,,,,,,,,,,,,,,,,,,,,,,,,,,,,,,,,,,,,,,,,,,,,,,,,,,,,,,,,,,,,,,,,,,,,,,,,,,,,,,,,,,,,,,,,,,,,,,,,,,,,,,,3,식품의약품안전처,100g,1000g,2011051807353,주식회사 죽암에프앤씨,해당없음,해당없음,N,,해당없음,2,수집,2026-01-23,2026-07-28 00:00:00
P101-501000500-4540,金세기 조랭이,P,가공식품,1,가공식품,01,과자류·빵류 또는 떡류,01501,떡,0100000,해당없음,010000005,떡류,00,해당없음,100g,224,,4.00,0.60,,51.00,0.00,,,,,,430,,,,,,,,,0.00,0.00,0.00,,,,,,,,,,,,,,,,,,,,,,,,,,,,,,,,,,,,,,,,,,,,,,,,,,,,,,,,,,,,,,,,,,,,,,,,,,,,,,,,,,,,,,,,,,,,,,,,,,,,,,,,,,,,,,,3,식품의약품안전처,100g,2000g,201105180735,주식회사 죽암에프앤씨,해당없음,해당없음,N,,해당없음,2,수집,2026-01-23,2026-07-28 00:00:00
P101-501000500-4539,金세기 떡볶이떡,P,가공식품,1,가공식품,01,과자류·빵류 또는 떡류,01501,떡,0100000,해당없음,010000005,떡류,00,해당없음,100g,229,,4.00,0.00,,52.00,0.10,,,,,,230,,,,,,,,,0.00,0.00,0.00,,,,,,,,,,,,,,,,,,,,,,,,,,,,,,,,,,,,,,,,,,,,,,,,,,,,,,,,,,,,,,,,,,,,,,,,,,,,,,,,,,,,,,,,,,,,,,,,,,,,,,,,,,,,,,,3,식품의약품안전처,100g,2000g,2011051807333,주식회사 죽암에프앤씨,해당없음,해당없음,N,,해당없음,2,수집,2026-01-23,2026-07-28 00:00:00
P101-501000500-4538,金세기 떡국,P,가공식품,1,가공식품,01,과자류·빵류 또는 떡류,01501,떡,0100000,해당없음,010000005,떡류,00,해당없음,100g,229,,4.00,0.00,,52.00,0.50,,,,,,230,,,,,,,,,0.00,0.00,0.00,,,,,,,,,,,,,,,,,,,,,,,,,,,,,,,,,,,,,,,,,,,,,,,,,,,,,,,,,,,,,,,,,,,,,,,,,,,,,,,,,,,,,,,,,,,,,,,,,,,,,,,,,,,,,,,3,식품의약품안전처,100g,2000g,2011051807332,주식회사 죽암에프앤씨,해당없음,해당없음,N,,해당없음,2,수집,2026-01-23,2026-07-28 00:00:00
P101-501000500-4537,金세기 구멍이송송 한입빠방떡볶이떡,P,가공식품,1,가공식품,01,과자류·빵류 또는 떡류,01501,떡,0100000,해당없음,010000005,떡류,00,해당없음,100g,229,,4.00,0.00,,52.00,0.10,,,,,,230,,,,,,,,,0.00,0.00,0.00,,,,,,,,,,,,,,,,,,,,,,,,,,,,,,,,,,,,,,,,,,,,,,,,,,,,,,,,,,,,,,,,,,,,,,,,,,,,,,,,,,,,,,,,,,,,,,,,,,,,,,,,,,,,,,,3,식품의약품안전처,100g,2000g,2011051807350,주식회사 죽암에프앤씨,해당없음,해당없음,N,,해당없음,2,수집,2026-01-23,2026-07-28 00:00:00
P109-102010200-5189,호박을 내리다 茶,P,가공식품,1,가공식품,09,음료류,09102,액상차,0900001,다류,090000102,액상차,00,해당없음,100ml,13,,0.75,0.03,,2.34,1.99,,,,,,1,,,,,,,,,0.00,0.00,0.00,,,,,,,,,,,,,,,,,,,,,,,,,,,,,,,,,,,,,,,,,,,,,,,,,,,,,,,,,,,,,,,,,,,,,,,,,,,,,,,,,,,,,,,,,,,,,,,,,,,,,,,,,,,,,,,3,식품의약품안전처,200ml,100ml,2016057023152,주식회사 다니엘컴퍼니,해당없음,해당없음,N,,해당없음,2,수집,2026-05-12,2026-07-28 00:00:00
P109-102010200-1937,헛개茶,P,가공식품,1,가공식품,09,음료류,09102,액상차,0900001,다류,090000102,액상차,00,해당없음,100ml,0,,0.00,0.00,,0.00,0.00,,,,,,6,,,,,,,,,0.00,0.00,0.00,,,,,,,,,,,,,,,,,,,,,,,,,,,,,,,,,,,,,,,,,,,,,,,,,,,,,,,,,,,,,,,,,,,,,,,,,,,,,,,,,,,,,,,,,,,,,,,,,,,,,,,,,,,,,,,3,식품의약품안전처,200ml,500ml,20190413079199,동원시스템즈,해당없음,해당없음,N,,해당없음,2,수집,2024-05-04,2026-07-28 00:00:00
P109-102010200-3336,헛개차茶,P,가공식품,1,가공식품,09,음료류,09102,액상차,0900001,다류,090000102,액상차,00,해당없음,100ml,0,,0.00,0.00,,0.00,0.00,,,,,,5,,,,,,,,,0.00,0.00,0.00,,,,,,,,,,,,,,,,,,,,,,,,,,,,,,,,,,,,,,,,,,,,,,,,,,,,,,,,,,,,,,,,,,,,,,,,,,,,,,,,,,,,,,,,,,,,,,,,,,,,,,,,,,,,,,,3,식품의약품안전처,200ml,500ml,200704431101030,(주)삼양패키징광혜원공장,해당없음,해당없음,N,,해당없음,2,수집,2025-08-22,2026-07-28 00:00:00
P109-102010200-5188,헛개를 내리다 茶,P,가공식품,1,가공식품,09,음료류,09102,액상차,0900001,다류,090000102,액상차,00,해당없음,100ml,12,,0.23,0.35,,1.98,1.71,,,,,,1,,,,,,,,,0.00,0.05,0.00,,,,,,,,,,,,,,,,,,,,,,,,,,,,,,,,,,,,,,,,,,,,,,,,,,,,,,,,,,,,,,,,,,,,,,,,,,,,,,,,,,,,,,,,,,,,,,,,,,,,,,,,,,,,,,,3,식품의약품안전처,200ml,100ml,2016057023164,주식회사 다니엘컴퍼니,해당없음,해당없음,N,,해당없음,2,수집,2026-05-08,2026-07-28 00:00:00
P123-201020300-2959,햇반컵반 스팸？마요덮밥,P,가공식품,1,가공식품,23,즉석식품류,23201,밥류,2300002,즉석섭취·편의식품류,230000203,즉석조리식품,00,해당없음,100g,192,,3.65,7.31,,27.85,1.83,,,,,,347,,,,,,,,,13.70,1.83,0.00,,,,,,,,,,,,,,,,,,,,,,,,,,,,,,,,,,,,,,,,,,,,,,,,,,,,,,,,,,,,,,,,,,,,,,,,,,,,,,,,,,,,,,,,,,,,,,,,,,,,,,,,,,,,,,,3,식품의약품안전처,210g,219g,19910144038703,씨제이제일제당주식회사,해당없음,해당없음,N,,해당없음,2,수집,2026-01-02,2026-07-28 00:00:00
P123-201020300-2958,햇반컵반 스팸？김치덮밥,P,가공식품,1,가공식품,23,즉석식품류,23201,밥류,2300002,즉석섭취·편의식품류,230000203,즉석조리식품,00,해당없음,100g,145,,3.59,3.19,,25.50,2.39,,,,,,530,,,,,,,,,3.98,1.20,0.00,,,,,,,,,,,,,,,,,,,,,,,,,,,,,,,,,,,,,,,,,,,,,,,,,,,,,,,,,,,,,,,,,,,,,,,,,,,,,,,,,,,,,,,,,,,,,,,,,,,,,,,,,,,,,,,3,식품의약품안전처,210g,251g,19910144038794,씨제이제일제당주식회사,해당없음,해당없음,N,,해당없음,2,수집,2026-01-02,2026-07-28 00:00:00
P117-100010100-1568,한끼통살 오븐 순살 닭다리 저당 버터커리맛 ,P,가공식품,1,가공식품,17,식육가공품 및 포장육,17100,햄,1700001,햄류(축산물가공품),170000101,햄,00,해당없음,100g,120,,15.00,4.30,,5.00,1.00,,,,,,760,,,,,,,,,75.00,1.60,0.00,,,,,,,,,,,,,,,,,,,,,,,,,,,,,,,,,,,,,,,,,,,,,,,,,,,,,,,,,,,,,,,,,,,,,,,,,,,,,,,,,,,,,,,,,,,,,,,,,,,,,,,,,,,,,,,3,식품의약품안전처,30g,100g,20240371098122,농업회사법인주식회사다온,해당없음,해당없음,N,,해당없음,2,수집,2025-06-10,2026-07-28 00:00:00
P116-705060000-1436,프리미엄 곡물 효소 골드 with 카무트？브랜드 밀,P,가공식품,1,가공식품,16,농산가공식품류,16705,기타 농산가공품,1600006,효소식품,160000600,해당없음,00,해당없음,100g,402,,9.71,5.61,,78.17,39.06,,,,,,129,,,,,,,,,0.00,3.89,0.00,,,,,,,,,,,,,,,,,,,,,,,,,,,,,,,,,,,,,,,,,,,,,,,,,,,,,,,,,,,,,,,,,,,,,,,,,,,,,,,,,,,,,,,,,,,,,,,,,,,,,,,,,,,,,,,3,식품의약품안전처,,90g,20080399004167,고려인삼,해당없음,해당없음,N,,해당없음,2,수집,2026-05-08,2026-07-28 00:00:00
P101-206000200-0454,"퓔렌 프로틴 츄 망고향
(퓔렌 프로틴 츄)",P,가공식품,1,가공식품,01,과자류·빵류 또는 떡류,01206,캐러멜,0100000,해당없음,010000002,캔디류,00,해당없음,100g,405,,40.10,12.60,,33.00,0.00,,,,,,257,,,,,,,,,0.00,11.00,0.00,,,,,,,,,,,,,,,,,,,,,,,,,,,,,,,,,,,,,,,,,,,,,,,,,,,,,,,,,,,,,,,,,,,,,,,,,,,,,,,,,,,,,,,,,,,,,,,,,,,,,,,,,,,,,,,3,식품의약품안전처,10g,650g,19930309017171,(주)한샘식품,해당없음,해당없음,N,,해당없음,2,수집,2024-12-31,2026-07-28 00:00:00
P120-600060000-3687,코다노 바삭 통새우 튀김 ,P,가공식품,1,가공식품,20,수산가공식품류,20600,기타 수산가공품,2000006,기타 수산물가공품,200000600,해당없음,00,해당없음,100g,235,,15.70,11.90,,16.30,0.00,,,,,,202,,,,,,,,,124.40,2.00,0.00,,,,,,,,,,,,,,,,,,,,,,,,,,,,,,,,,,,,,,,,,,,,,,,,,,,,,,,,,,,,,,,,,,,,,,,,,,,,,,,,,,,,,,,,,,,,,,,,,,,,,,,,,,,,,,,3,식품의약품안전처,,1000g,2019014484093,초산씨푸드(주),해당없음,해당없음,N,,해당없음,2,수집,2026-05-27,2026-07-28 00:00:00
P101-107000100-1644,"찹쌀유과
(찹쌀연사유과)",P,가공식품,1,가공식품,01,과자류·빵류 또는 떡류,01107,전통과자,0100000,해당없음,010000001,과자,00,해당없음,100g,406,,1.90,9.10,,79.20,27.70,,,,,,9,,,,,,,,,0.00,0.50,0.00,,,,,,,,,,,,,,,,,,,,,,,,,,,,,,,,,,,,,,,,,,,,,,,,,,,,,,,,,,,,,,,,,,,,,,,,,,,,,,,,,,,,,,,,,,,,,,,,,,,,,,,,,,,,,,,3,식품의약품안전처,30g,3500g,202206437491,농업회사법인 주식회사 다정성푸드,해당없음,해당없음,N,,해당없음,2,수집,2024-12-31,2026-07-28 00:00:00
P102-103010300-1219,"찰떡아이스 홈
(찰떡아이스홈 통팥)",P,가공식품,1,가공식품,02,빙과류,02103,아이스밀크,0200001,아이스크림류(축산물가공품),020000103,아이스밀크,00,해당없음,100ml,140,,2.00,6.00,,19.00,14.00,,,,,,65,,,,,,,,,10.00,4.00,0.50,,,,,,,,,,,,,,,,,,,,,,,,,,,,,,,,,,,,,,,,,,,,,,,,,,,,,,,,,,,,,,,,,,,,,,,,,,,,,,,,,,,,,,,,,,,,,,,,,,,,,,,,,,,,,,,3,식품의약품안전처,100ml,660ml,19960230001554,롯데웰푸드(주),해당없음,해당없음,N,,해당없음,2,수집,2024-12-31,2026-07-28 00:00:00
P101-107000100-0831,제주메밀金부각,P,가공식품,1,가공식품,01,과자류·빵류 또는 떡류,01107,전통과자,0100000,해당없음,010000001,과자,00,해당없음,100g,515,,9.19,27.89,,56.69,0.18,,,,,,538,,,,,,,,,3.31,6.03,0.27,,,,,,,,,,,,,,,,,,,,,,,,,,,,,,,,,,,,,,,,,,,,,,,,,,,,,,,,,,,,,,,,,,,,,,,,,,,,,,,,,,,,,,,,,,,,,,,,,,,,,,,,,,,,,,,3,식품의약품안전처,30g,100g,202104962355,농업회사법인유한회사하이오백,해당없음,해당없음,N,,해당없음,2,수집,2024-10-07,2026-07-28 00:00:00
P109-102010200-2312,인산 사시사철 무？생강진액,P,가공식품,1,가공식품,09,음료류,09102,액상차,0900001,다류,090000102,액상차,00,해당없음,100g,49,,0.98,0.04,,11.19,7.21,,,,,,90,,,,,,,,,0.00,0.00,0.00,,,,,,,,,,,,,,,,,,,,,,,,,,,,,,,,,,,,,,,,,,,,,,,,,,,,,,,,,,,,,,,,,,,,,,,,,,,,,,,,,,,,,,,,,,,,,,,,,,,,,,,,,,,,,,,3,식품의약품안전처,200ml,84g,19860443015750,(주)네이처텍,해당없음,해당없음,N,,해당없음,2,수집,2025-02-26,2026-07-28 00:00:00
P117-501050100-1522,요리樂언양식소불고기,P,가공식품,1,가공식품,17,식육가공품 및 포장육,17501,양념육,1700005,양념육류(축산물가공품),170000501,양념육,00,해당없음,100g,181,,14.00,8.00,,14.00,6.00,,,,,,384,,,,,,,,,40.00,3.30,0.30,,,,,,,,,,,,,,,,,,,,,,,,,,,,,,,,,,,,,,,,,,,,,,,,,,,,,,,,,,,,,,,,,,,,,,,,,,,,,,,,,,,,,,,,,,,,,,,,,,,,,,,,,,,,,,,3,식품의약품안전처,100g,400g,199801890011278,(주)미트뱅크,해당없음,해당없음,N,,해당없음,2,수집,2024-07-11,2026-07-28 00:00:00
P117-501050100-1521,요리樂양념제육볶음,P,가공식품,1,가공식품,17,식육가공품 및 포장육,17501,양념육,1700005,양념육류(축산물가공품),170000501,양념육,00,해당없음,100g,176,,13.00,7.00,,15.00,6.00,,,,,,475,,,,,,,,,36.00,2.30,0.00,,,,,,,,,,,,,,,,,,,,,,,,,,,,,,,,,,,,,,,,,,,,,,,,,,,,,,,,,,,,,,,,,,,,,,,,,,,,,,,,,,,,,,,,,,,,,,,,,,,,,,,,,,,,,,,3,식품의약품안전처,100g,500g,199801890011277,(주)미트뱅크,해당없음,해당없음,N,,해당없음,2,수집,2024-07-11,2026-07-28 00:00:00
P117-501050100-3709,요리樂양념소찜갈비,P,가공식품,1,가공식품,17,식육가공품 및 포장육,17501,양념육,1700005,양념육류(축산물가공품),170000501,양념육,00,해당없음,100g,163,,11.00,8.00,,11.00,7.00,,,,,,512,,,,,,,,,31.00,3.50,0.20,,,,,,,,,,,,,,,,,,,,,,,,,,,,,,,,,,,,,,,,,,,,,,,,,,,,,,,,,,,,,,,,,,,,,,,,,,,,,,,,,,,,,,,,,,,,,,,,,,,,,,,,,,,,,,,3,식품의약품안전처,100g,600g,199801890011384,(주)미트뱅크,해당없음,해당없음,N,,해당없음,2,수집,2025-08-08,2026-07-28 00:00:00
P117-501050100-1520,요리樂양념소불고기,P,가공식품,1,가공식품,17,식육가공품 및 포장육,17501,양념육,1700005,양념육류(축산물가공품),170000501,양념육,00,해당없음,100g,139,,16.00,4.40,,9.00,6.00,,,,,,380,,,,,,,,,28.00,2.00,0.00,,,,,,,,,,,,,,,,,,,,,,,,,,,,,,,,,,,,,,,,,,,,,,,,,,,,,,,,,,,,,,,,,,,,,,,,,,,,,,,,,,,,,,,,,,,,,,,,,,,,,,,,,,,,,,,3,식품의약품안전처,100g,400g,199801890011276,(주)미트뱅크,해당없음,해당없음,N,,해당없음,2,수집,2024-07-11,2026-07-28 00:00:00
P117-501050100-1519,요리樂두툼칼집구이,P,가공식품,1,가공식품,17,식육가공품 및 포장육,17501,양념육,1700005,양념육류(축산물가공품),170000501,양념육,00,해당없음,100g,191,,14.00,9.00,,13.00,4.00,,,,,,373,,,,,,,,,42.00,2.70,0.00,,,,,,,,,,,,,,,,,,,,,,,,,,,,,,,,,,,,,,,,,,,,,,,,,,,,,,,,,,,,,,,,,,,,,,,,,,,,,,,,,,,,,,,,,,,,,,,,,,,,,,,,,,,,,,,3,식품의약품안전처,100g,800g,199801890011279,(주)미트뱅크,해당없음,해당없음,N,,해당없음,2,수집,2024-07-11,2026-07-28 00:00:00
P109-102010200-2261,어성초를 내리다 茶,P,가공식품,1,가공식품,09,음료류,09102,액상차,0900001,다류,090000102,액상차,00,해당없음,100ml,6,,0.56,0.16,,0.72,0.68,,,,,,40,,,,,,,,,0.00,0.08,0.00,,,,,,,,,,,,,,,,,,,,,,,,,,,,,,,,,,,,,,,,,,,,,,,,,,,,,,,,,,,,,,,,,,,,,,,,,,,,,,,,,,,,,,,,,,,,,,,,,,,,,,,,,,,,,,,3,식품의약품안전처,200ml,500ml,2016057023160,주식회사 다니엘컴퍼니,해당없음,해당없음,N,,해당없음,2,수집,2026-05-12,2026-07-28 00:00:00
P109-102010200-5113,솔잎을 내리다 茶,P,가공식품,1,가공식품,09,음료류,09102,액상차,0900001,다류,090000102,액상차,00,해당없음,100ml,7,,0.08,0.14,,1.25,0.45,,,,,,1,,,,,,,,,0.00,0.11,0.00,,,,,,,,,,,,,,,,,,,,,,,,,,,,,,,,,,,,,,,,,,,,,,,,,,,,,,,,,,,,,,,,,,,,,,,,,,,,,,,,,,,,,,,,,,,,,,,,,,,,,,,,,,,,,,,3,식품의약품안전처,200ml,100ml,2016057023163,주식회사 다니엘컴퍼니,해당없음,해당없음,N,,해당없음,2,수집,2026-05-08,2026-07-28 00:00:00
P105-001000100-1673,비렌버그 오스트레일리안 블러드오렌지 마말레이드 300g (블러드오렌지 27.1%) ,P,가공식품,1,가공식품,05,잼류,05001,잼,0500000,해당없음,050000001,잼,00,해당없음,100g,268,,0.00,0.00,,67.00,54.60,,,,,,0,,,,,,,,,0.00,0.00,0.00,,,,,,,,,,,,,,,,,,,,,,,,,,,,,,,,,,,,,,,,,,,,,,,,,,,,,,,,,,,,,,,,,,,,,,,,,,,,,,,,,,,,,,,,,,,,,,,,,,,,,,,,,,,,,,,3,식품의약품안전처,20g,300g,24AU07Z00D1,BEERENBERG PTY LTD,에스제이트레이더스,해당없음,Y,036,호주,2,수집,2024-06-03,2026-07-28 00:00:00
P101-409000400-6866,"본정 산딸기무스케익
(미니)",P,가공식품,1,가공식품,01,과자류·빵류 또는 떡류,01409,케이크,0100000,해당없음,010000004,빵류,00,해당없음,100g,281,,3.33,13.33,,36.66,26.66,,,,,,60,,,,,,,,,59.99,6.67,0.00,,,,,,,,,,,,,,,,,,,,,,,,,,,,,,,,,,,,,,,,,,,,,,,,,,,,,,,,,,,,,,,,,,,,,,,,,,,,,,,,,,,,,,,,,,,,,,,,,,,,,,,,,,,,,,,3,식품의약품안전처,70g,300g,2010041510452,본정초콜릿(주),해당없음,해당없음,N,,해당없음,2,수집,2024-12-31,2026-07-28 00:00:00
P108-010000300-0120,"밀가루0% 화순 햅쌀 부추 쌀국수
 표고맛",P,가공식품,1,가공식품,08,면류,08010,쌀국수,0800000,해당없음,080000003,건면,00,해당없음,100g,348,,8.70,2.83,,71.74,3.26,,,,,,2010,,,,,,,,,3.26,0.54,0.00,,,,,,,,,,,,,,,,,,,,,,,,,,,,,,,,,,,,,,,,,,,,,,,,,,,,,,,,,,,,,,,,,,,,,,,,,,,,,,,,,,,,,,,,,,,,,,,,,,,,,,,,,,,,,,,3,식품의약품안전처,"생·숙면 200g, 건면 100g, 당면 30g, 유탕면(봉지)120g, 유탕면(용기)80g",92g,2019052411829,농업회사법인화순파프리카쌀국수주식회사,해당없음,해당없음,N,,해당없음,2,수집,2025-07-01,2026-07-28 00:00:00
P109-102010200-2137,물빛누리 화천오미자차(茶),P,가공식품,1,가공식품,09,음료류,09102,액상차,0900001,다류,090000102,액상차,00,해당없음,100ml,53,,0.12,0.00,,13.03,4.55,,,,,,1,,,,,,,,,0.00,0.00,0.00,,,,,,,,,,,,,,,,,,,,,,,,,,,,,,,,,,,,,,,,,,,,,,,,,,,,,,,,,,,,,,,,,,,,,,,,,,,,,,,,,,,,,,,,,,,,,,,,,,,,,,,,,,,,,,,3,식품의약품안전처,200ml,100ml,2018041805232,화천군농산물종합가공지원센터,해당없음,해당없음,N,,해당없음,2,수집,2024-11-04,2026-07-28 00:00:00
P118-100010700-0260,맛난(卵)구운란 중란,P,가공식품,1,가공식품,18,알가공품류,18100,달걀/메추리알,1800001,알가공품(축산물가공품),180000107,알가열제품,00,해당없음,100g,132,,13.60,6.81,,3.96,0.00,,,,,,167,,,,,,,,,207.46,4.08,0.00,,,,,,,,,,,,,,,,,,,,,,,,,,,,,,,,,,,,,,,,,,,,,,,,,,,,,,,,,,,,,,,,,,,,,,,,,,,,,,,,,,,,,,,,,,,,,,,,,,,,,,,,,,,,,,,3,식품의약품안전처,50g,100g,202206670184,영농조합법인이앤티,해당없음,해당없음,N,,해당없음,2,수집,2025-04-28,2026-07-28 00:00:00
P118-100010700-0331,맛난(卵)구운란 중란,P,가공식품,1,가공식품,18,알가공품류,18100,달걀/메추리알,1800001,알가공품(축산물가공품),180000107,알가열제품,00,해당없음,100g,132,,13.60,6.81,,3.96,0.00,,,,,,167,,,,,,,,,207.46,4.08,0.00,,,,,,,,,,,,,,,,,,,,,,,,,,,,,,,,,,,,,,,,,,,,,,,,,,,,,,,,,,,,,,,,,,,,,,,,,,,,,,,,,,,,,,,,,,,,,,,,,,,,,,,,,,,,,,,3,식품의약품안전처,50g,100g,202206670186,영농조합법인 이앤티,해당없음,해당없음,N,,해당없음,2,수집,2025-12-08,2026-07-28 00:00:00
P118-100010700-0330,맛난(卵)구운란 대란,P,가공식품,1,가공식품,18,알가공품류,18100,달걀/메추리알,1800001,알가공품(축산물가공품),180000107,알가열제품,00,해당없음,100g,132,,13.60,6.81,,3.96,0.00,,,,,,167,,,,,,,,,207.46,4.08,0.00,,,,,,,,,,,,,,,,,,,,,,,,,,,,,,,,,,,,,,,,,,,,,,,,,,,,,,,,,,,,,,,,,,,,,,,,,,,,,,,,,,,,,,,,,,,,,,,,,,,,,,,,,,,,,,,3,식품의약품안전처,50g,100g,202206670185,영농조합법인 이앤티,해당없음,해당없음,N,,해당없음,2,수집,2025-12-08,2026-07-28 00:00:00
P109-102010200-0534,히비스커스블렌딩티,P,가공식품,1,가공식품,09,음료류,09102,액상차,0900001,다류,090000102,액상차,00,해당없음,100ml,1,,0.00,0.00,,0.29,0.29,,,,,,1,,,,,,,,,0.00,0.00,0.00,,,,,,,,,,,,,,,,,,,,,,,,,,,,,,,,,,,,,,,,,,,,,,,,,,,,,,,,,,,,,,,,,,,,,,,,,,,,,,,,,,,,,,,,,,,,,,,,,,,,,,,,,,,,,,,3,식품의약품안전처,200ml,340ml,19920562023402,대구경북능금농협,해당없음,해당없음,N,,해당없음,2,수집,2019-06-30,2026-07-28 00:00:00
P120-600060000-1560,흰다리새우살(두절  탈각  내장제거  꼬리유) 750G,P,가공식품,1,가공식품,20,수산가공식품류,20600,기타 수산가공품,2000006,기타 수산물가공품,200000600,해당없음,00,해당없음,100g,55,,13.00,0.50,,0.00,0.00,,,,,,900,,,,,,,,,120.00,0.20,0.00,,,,,,,,,,,,,,,,,,,,,,,,,,,,,,,,,,,,,,,,,,,,,,,,,,,,,,,,,,,,,,,,,,,,,,,,,,,,,,,,,,,,,,,,,,,,,,,,,,,,,,,,,,,,,,,3,식품의약품안전처,,,23VN03900D9,CA MAU SEAFOOD PROCESSING AND SERVICE JOINT STOCK CORPORATION (CASES) - CANG CA II FROZEN SEAFOOD PROCESSING FACTORY,롯데쇼핑(주)롯데마트사업본부,해당없음,Y,704,베트남,2,수집,2024-12-31,2026-07-28 00:00:00
P101-107000100-0299,흑임자유과,P,가공식품,1,가공식품,01,과자류·빵류 또는 떡류,01107,전통과자,0100000,해당없음,010000001,과자,00,해당없음,100g,484,,11.00,23.00,,58.00,34.00,,,,,,31,,,,,,,,,0.00,3.00,0.00,,,,,,,,,,,,,,,,,,,,,,,,,,,,,,,,,,,,,,,,,,,,,,,,,,,,,,,,,,,,,,,,,,,,,,,,,,,,,,,,,,,,,,,,,,,,,,,,,,,,,,,,,,,,,,,3,식품의약품안전처,30g,20g,2002056204613,일월한과,해당없음,해당없음,N,,해당없음,2,수집,2023-12-22,2026-07-28 00:00:00
P117-700060000-0471,흑염소진액블랙,P,가공식품,1,가공식품,17,식육가공품 및 포장육,17700,식육간편조리,1700006,식육추출가공품(축산물가공품),170000600,해당없음,00,해당없음,100ml,11,,0.52,0.50,,1.11,0.63,,,,,,4,,,,,,,,,0.00,0.01,0.00,,,,,,,,,,,,,,,,,,,,,,,,,,,,,,,,,,,,,,,,,,,,,,,,,,,,,,,,,,,,,,,,,,,,,,,,,,,,,,,,,,,,,,,,,,,,,,,,,,,,,,,,,,,,,,,3,식품의약품안전처,,2100ml,202403710141,삼성바이오헬스케어(주),해당없음,해당없음,N,,해당없음,2,수집,2024-02-19,2026-07-28 00:00:00
P101-104000100-0863,흑미로칩,P,가공식품,1,가공식품,01,과자류·빵류 또는 떡류,01104,스낵과자,0100000,해당없음,010000001,과자,00,해당없음,100g,402,,7.50,3.70,,84.60,0.90,,,,,,219,,,,,,,,,0.00,0.80,0.00,,,,,,,,,,,,,,,,,,,,,,,,,,,,,,,,,,,,,,,,,,,,,,,,,,,,,,,,,,,,,,,,,,,,,,,,,,,,,,,,,,,,,,,,,,,,,,,,,,,,,,,,,,,,,,,3,식품의약품안전처,30g,60g,20050355361145,(주)푸디스,해당없음,해당없음,N,,해당없음,2,수집,2024-12-26,2026-07-28 00:00:00
P123-201020300-5973,흑닭 더 시즌 닭가슴살 볶음밥 찜닭맛,P,가공식품,1,가공식품,23,즉석식품류,23201,밥류,2300002,즉석섭취·편의식품류,230000203,즉석조리식품,00,해당없음,100g,178,,9.30,3.00,,28.40,2.30,,,,,,465,,,,,,,,,28.20,0.30,0.00,,,,,,,,,,,,,,,,,,,,,,,,,,,,,,,,,,,,,,,,,,,,,,,,,,,,,,,,,,,,,,,,,,,,,,,,,,,,,,,,,,,,,,,,,,,,,,,,,,,,,,,,,,,,,,,3,식품의약품안전처,210g,200g,20040355580676,오뚜기냉동식품주식회사,해당없음,해당없음,N,,해당없음,2,수집,2025-09-22,2026-07-28 00:00:00
P120-600060000-3322,훙유 오징어빨판,P,가공식품,1,가공식품,20,수산가공식품류,20600,기타 수산가공품,2000006,기타 수산물가공품,200000600,해당없음,00,해당없음,100g,245,,11.00,17.00,,13.00,2.00,,,,,,1030,,,,,,,,,250.00,1.50,0.00,,,,,,,,,,,,,,,,,,,,,,,,,,,,,,,,,,,,,,,,,,,,,,,,,,,,,,,,,,,,,,,,,,,,,,,,,,,,,,,,,,,,,,,,,,,,,,,,,,,,,,,,,,,,,,,3,식품의약품안전처,,100g,26CN0XA00D6,RONGCHENG CITY HE SHUN AQUATIC PRODUCTS CO.，LTD,성창 DDF,해당없음,Y,156,중국,2,수집,2026-02-02,2026-07-28 00:00:00
P120-111060000-0226,훈제 대서양연어 슬라이스(냉동),P,가공식품,1,가공식품,20,수산가공식품류,20111,연어,2000006,기타 수산물가공품,200000600,해당없음,00,해당없음,100g,187,,20.29,11.80,,0.00,0.00,,,,,,961,,,,,,,,4.67,59.20,1.98,0.00,,,,,,,,,,,,,,,,,,,,,,,,,,,,,,,,,,,,,,,,,,,,,,,,,,,,,,,,,,,,,,,,,,,,,,,,,,,,,,,,,,,,,,,,,,,,,,,,,,,,,,,,,,,,,,,3,식품의약품안전처,,1250g,26CL01N00D5,ALIMENTOS MULTIEXPORT S A,씨케이글로벌(주),해당없음,Y,152,칠레,2,수집,2026-05-11,2026-07-28 00:00:00
P123-203020200-1880,후식주먹밥 치즈닭갈비,P,가공식품,1,가공식품,23,즉석식품류,23203,주먹밥/김밥/초밥,2300002,즉석섭취·편의식품류,230000202,즉석섭취식품,00,해당없음,100g,175,,4.62,4.35,,29.43,3.50,,,,,,399,,,,,,,,,8.19,1.28,0.02,,,,,,,,,,,,,,,,,,,,,,,,,,,,,,,,,,,,,,,,,,,,,,,,,,,,,,,,,,,,,,,,,,,,,,,,,,,,,,,,,,,,,,,,,,,,,,,,,,,,,,,,,,,,,,,3,식품의약품안전처,210g,116g,200306073752668,(주)원푸드림,해당없음,해당없음,N,,해당없음,2,수집,2024-10-10,2026-07-28 00:00:00
P105-001000200-0113,후루티리얼오렌지에이드,P,가공식품,1,가공식품,05,잼류,05001,잼,0500000,해당없음,050000002,기타잼,00,해당없음,100g,178,,1.40,0.00,,46.00,46.00,,,,,,50,,,,,,,,,0.00,0.00,0.00,,,,,,,,,,,,,,,,,,,,,,,,,,,,,,,,,,,,,,,,,,,,,,,,,,,,,,,,,,,,,,,,,,,,,,,,,,,,,,,,,,,,,,,,,,,,,,,,,,,,,,,,,,,,,,,3,식품의약품안전처,20g,1000g,199104430101134,아그라나프루트코리아주식회사,해당없음,해당없음,N,,해당없음,2,수집,2019-06-30,2026-07-28 00:00:00
P119-202040200-0559,후디스그릭요거트무설탕저지방,P,가공식품,1,가공식품,19,유가공품류,19202,농후발효유,1900004,발효유류(축산물가공품),190000402,농후발효유,00,해당없음,100g,81,,6.00,2.00,,9.50,9.50,,,,,,110,,,,,,,,,10.00,1.25,0.00,,,,,,,,,,,,,,,,,,,,,,,,,,,,,,,,,,,,,,,,,,,,,,,,,,,,,,,,,,,,,,,,,,,,,,,,,,,,,,,,,,,,,,,,,,,,,,,,,,,,,,,,,,,,,,,3,식품의약품안전처,"액상 150ml, 호상 100ml(g)",80g,2007037900947,일동후디스(주),해당없음,해당없음,N,,해당없음,2,수집,2021-06-30,2026-07-28 00:00:00
P116-705060000-1299,효소밸런스,P,가공식품,1,가공식품,16,농산가공식품류,16705,기타 농산가공품,1600006,효소식품,160000600,해당없음,00,해당없음,100g,396,,11.90,3.00,,80.40,46.80,,,,,,165,,,,,,,,,0.00,1.60,0.00,,,,,,,,,,,,,,,,,,,,,,,,,,,,,,,,,,,,,,,,,,,,,,,,,,,,,,,,,,,,,,,,,,,,,,,,,,,,,,,,,,,,,,,,,,,,,,,,,,,,,,,,,,,,,,,3,식품의약품안전처,,60g,20170449030328,주식회사코스팜,해당없음,해당없음,N,,해당없음,2,수집,2024-10-02,2026-07-28 00:00:00
P120-301030200-0048,황태채,P,가공식품,1,가공식품,20,수산가공식품류,20301,조미건어포,2000003,건포류,200000302,건어포,00,해당없음,100g,328,,59.00,2.00,,17.00,0.00,,,,,,334,,,,,,,,,159.00,0.20,0.00,,,,,,,,,,,,,,,,,,,,,,,,,,,,,,,,,,,,,,,,,,,,,,,,,,,,,,,,,,,,,,,,,,,,,,,,,,,,,,,,,,,,,,,,,,,,,,,,,,,,,,,,,,,,,,,3,식품의약품안전처,15g,20000g,24CN5DO00D5,"YANBIAN FENGJIANG AQUATICS PROCESSING CO.,LTD",(주)경북무역,해당없음,Y,643,러시아,2,수집,2024-10-24,2026-07-28 00:00:00
P114-101010200-1403,황진담맛김치,P,가공식품,1,가공식품,14,절임류 또는 조림류,14101,배추김치,1400001,김치류,140000102,김치,00,해당없음,100g,43,,2.14,0.22,,8.10,2.84,,,,,,561,,,,,,,,,0.00,0.00,0.00,,,,,,,,,,,,,,,,,,,,,,,,,,,,,,,,,,,,,,,,,,,,,,,,,,,,,,,,,,,,,,,,,,,,,,,,,,,,,,,,,,,,,,,,,,,,,,,,,,,,,,,,,,,,,,,3,식품의약품안전처,40g,100g,20030449061104,농업회사법인 비에스푸드 주식회사,해당없음,해당없음,N,,해당없음,2,수집,2025-12-24,2026-07-28 00:00:00
P120-301060000-0003,황금어포,P,가공식품,1,가공식품,20,수산가공식품류,20301,조미건어포,2000006,기타 수산물가공품,200000600,해당없음,00,해당없음,100g,477,,12.50,21.10,,61.10,36.40,,,,,,720,,,,,,,,,35.00,2.70,0.10,,,,,,,,,,,,,,,,,,,,,,,,,,,,,,,,,,,,,,,,,,,,,,,,,,,,,,,,,,,,,,,,,,,,,,,,,,,,,,,,,,,,,,,,,,,,,,,,,,,,,,,,,,,,,,,3,식품의약품안전처,15g,150g,20100392140302,(주)씨월드,해당없음,해당없음,N,,해당없음,2,수집,2024-08-08,2026-07-28 00:00:00
P108-001000100-0114,화풍생라면,P,가공식품,1,가공식품,08,면류,08001,국수,0800000,해당없음,080000001,생면,00,해당없음,100g,270,,6.00,0.40,,60.00,2.00,,,,,,400,,,,,,,,,0.00,0.10,0.00,,,,,,,,,,,,,,,,,,,,,,,,,,,,,,,,,,,,,,,,,,,,,,,,,,,,,,,,,,,,,,,,,,,,,,,,,,,,,,,,,,,,,,,,,,,,,,,,,,,,,,,,,,,,,,,3,식품의약품안전처,"생·숙면 200g, 건면 100g, 당면 30g, 유탕면(봉지)120g, 유탕면(용기)80g",3000g,2013027503322,(주)타마루에스엠에스,해당없음,해당없음,N,,해당없음,2,수집,2023-12-22,2026-07-28 00:00:00
P101-424000400-1795,화이트시트,P,가공식품,1,가공식품,01,과자류·빵류 또는 떡류,01424,반제품/생지,0100000,해당없음,010000004,빵류,00,해당없음,100g,350,,9.00,11.00,,55.00,35.00,,,,,,75,,,,,,,,,225.00,2.00,0.00,,,,,,,,,,,,,,,,,,,,,,,,,,,,,,,,,,,,,,,,,,,,,,,,,,,,,,,,,,,,,,,,,,,,,,,,,,,,,,,,,,,,,,,,,,,,,,,,,,,,,,,,,,,,,,,3,식품의약품안전처,,100g,20170275064117,(주)수니케이크,해당없음,해당없음,N,,해당없음,2,수집,2026-04-01,2026-07-28 00:00:00
P102-103010300-1125,화이트 스노우 빌리지,P,가공식품,1,가공식품,02,빙과류,02103,아이스밀크,0200001,아이스크림류(축산물가공품),020000103,아이스밀크,00,해당없음,100g,240,,3.60,14.00,,25.00,21.00,,,,,,89,,,,,,,,,43.00,11.00,0.00,,,,,,,,,,,,,,,,,,,,,,,,,,,,,,,,,,,,,,,,,,,,,,,,,,,,,,,,,,,,,,,,,,,,,,,,,,,,,,,,,,,,,,,,,,,,,,,,,,,,,,,,,,,,,,,3,식품의약품안전처,100ml,575g,20060262092143,(주)빨라쪼,해당없음,해당없음,N,,해당없음,2,수집,2025-11-07,2026-07-28 00:00:00
P101-415000400-1155,화덕 불고기피자 M,P,가공식품,1,가공식품,01,과자류·빵류 또는 떡류,01415,피자,0100000,해당없음,010000004,빵류,00,해당없음,100g,225,,7.95,8.92,,28.92,2.65,,,,,,482,,,,,,,,,14.46,3.62,0.12,,,,,,,,,,,,,,,,,,,,,,,,,,,,,,,,,,,,,,,,,,,,,,,,,,,,,,,,,,,,,,,,,,,,,,,,,,,,,,,,,,,,,,,,,,,,,,,,,,,,,,,,,,,,,,,3,식품의약품안전처,150g,415g,20160355741155,(주)알찬식품,해당없음,해당없음,N,,해당없음,2,수집,2025-12-19,2026-07-28 00:00:00
P101-103000100-1293,홍차 초코칩 발효 쿠키,P,가공식품,1,가공식품,01,과자류·빵류 또는 떡류,01103,비스킷/쿠키/크래커,0100000,해당없음,010000001,과자,00,해당없음,100g,464,,12.00,20.00,,59.00,16.00,,,,,,141,,,,,,,,,48.00,9.00,0.00,,,,,,,,,,,,,,,,,,,,,,,,,,,,,,,,,,,,,,,,,,,,,,,,,,,,,,,,,,,,,,,,,,,,,,,,,,,,,,,,,,,,,,,,,,,,,,,,,,,,,,,,,,,,,,,3,식품의약품안전처,30g,100g,2013044306192,(주)에그앤씨드,해당없음,해당없음,N,,해당없음,2,수집,2024-05-02,2026-07-28 00:00:00
P109-700070000-0879,홍삼정진액 에브리데이 365 스틱,P,가공식품,1,가공식품,09,음료류,09700,인삼/홍삼음료,0900007,인삼·홍삼음료,090000700,해당없음,00,해당없음,100g,200,,0.00,0.00,,50.00,10.00,,,,,,0,,,,,,,,,0.00,0.00,0.00,,,,,,,,,,,,,,,,,,,,,,,,,,,,,,,,,,,,,,,,,,,,,,,,,,,,,,,,,,,,,,,,,,,,,,,,,,,,,,,,,,,,,,,,,,,,,,,,,,,,,,,,,,,,,,,3,식품의약품안전처,100ml,1000g,2023066113755,세종에프앤비 주식회사,해당없음,해당없음,N,,해당없음,2,수집,2026-04-24,2026-07-28 00:00:00
P120-402040000-0405,홍반장 진도돌김돌자반,P,가공식품,1,가공식품,20,수산가공식품류,20402,김자반,2000004,가공김(조미김 또는 구운김),200000400,해당없음,00,해당없음,100g,100,,0.00,10.00,,2.86,2.86,,,,,,71,,,,,,,,,0.00,0.00,0.00,,,,,,,,,,,,,,,,,,,,,,,,,,,,,,,,,,,,,,,,,,,,,,,,,,,,,,,,,,,,,,,,,,,,,,,,,,,,,,,,,,,,,,,,,,,,,,,,,,,,,,,,,,,,,,,3,식품의약품안전처,5g,35g,2022024903336,(주)더국민,해당없음,해당없음,N,,해당없음,2,수집,2025-11-07,2026-07-28 00:00:00
P123-305020200-0083,홈파티 치즈 플래터 더블,P,가공식품,1,가공식품,23,즉석식품류,23305,기타 즉석식품,2300002,즉석섭취·편의식품류,230000202,즉석섭취식품,00,해당없음,100g,383,,17.45,24.43,,23.34,3.25,,,,,,699,,,,,,,,,57.67,10.57,0.27,,,,,,,,,,,,,,,,,,,,,,,,,,,,,,,,,,,,,,,,,,,,,,,,,,,,,,,,,,,,,,,,,,,,,,,,,,,,,,,,,,,,,,,,,,,,,,,,,,,,,,,,,,,,,,,3,식품의약품안전처,,261g,2018028001932,(주)소유에프앤비,해당없음,해당없음,N,,해당없음,2,수집,2023-12-22,2026-07-28 00:00:00
P116-702070100-2901,홀 토마토통조림,P,가공식품,1,가공식품,16,농산가공식품류,16702,채소가공품,1600007,기타 농산가공품류,160000701,과·채가공품,00,해당없음,100g,18,,1.20,0.10,,3.00,3.00,,,,,,44,,,,,,,,,0.00,0.00,0.00,,,,,,,,,,,,,,,,,,,,,,,,,,,,,,,,,,,,,,,,,,,,,,,,,,,,,,,,,,,,,,,,,,,,,,,,,,,,,,,,,,,,,,,,,,,,,,,,,,,,,,,,,,,,,,,3,식품의약품안전처,30g,2500g,26IT0TB00D1,CALISPA SPA,(주)영인코퍼레이션,해당없음,Y,380,이탈리아,2,수집,2026-04-24,2026-07-28 00:00:00
P109-302030200-2313,호재준A+B+C주스,P,가공식품,1,가공식품,09,음료류,09302,과·채주스,0900003,과일·채소류음료,090000302,과·채주스,00,해당없음,100ml,45,,0.70,0.00,,10.00,10.00,,,,,,25,,,,,,,,,0.00,0.00,0.00,,,,,,,,,,,,,,,,,,,,,,,,,,,,,,,,,,,,,,,,,,,,,,,,,,,,,,,,,,,,,,,,,,,,,,,,,,,,,,,,,,,,,,,,,,,,,,,,,,,,,,,,,,,,,,,3,식품의약품안전처,200ml,100ml,20030445042845,(주)웰팜,해당없음,해당없음,N,,해당없음,2,수집,2020-06-30,2026-07-28 00:00:00
P116-705070500-0749,호박씨,P,가공식품,1,가공식품,16,농산가공식품류,16705,기타 농산가공품,1600007,기타 농산가공품류,160000705,기타 농산가공품,00,해당없음,100g,585,,20.00,43.81,,27.62,0.00,,,,,,120,,,,,,,,,0.00,7.62,0.00,,,,,,,,,,,,,,,,,,,,,,,,,,,,,,,,,,,,,,,,,,,,,,,,,,,,,,,,,,,,,,,,,,,,,,,,,,,,,,,,,,,,,,,,,,,,,,,,,,,,,,,,,,,,,,,3,식품의약품안전처,,105g,21TH06G00D1,"B.K.Y.CO.,LTD.",(주)아시아푸드스토리,해당없음,Y,764,태국,2,수집,2026-02-11,2026-07-28 00:00:00
P111-000010700-0003,호로록,P,가공식품,1,가공식품,11,특수의료용도식품,11000,환자용 식품,1100001,표준형 영양조제식품,110000107,연하곤란자용 점도조절 식품,00,해당없음,100g,240,,0.66,0.29,,88.20,0.00,59.0,,,,,1448,,,,,,,,,0.00,0.05,0.00,,,,,,,,,,,,,,,,,,,,,,,,,,,,,,,,,,,,,,,,,,,,,,,,,,,,,,,,,,,,,,,,,,,,,,,,,,,,,,,,,,,,,,,,,,,,,,,,,,,,,,,,,,,,,,,3,식품의약품안전처,,100g,198506140553473,(주)엠에스씨(MSC),해당없음,해당없음,N,,해당없음,2,수집,2023-12-13,2026-07-28 00:00:00
P101-434000400-0053,호두앤녹차호두과자,P,가공식품,1,가공식품,01,과자류·빵류 또는 떡류,01434,호두과자,0100000,해당없음,010000004,빵류,00,해당없음,100g,166,,6.25,2.50,,30.00,26.25,,,,,,109,,,,,,,,,10.50,0.30,0.00,,,,,,,,,,,,,,,,,,,,,,,,,,,,,,,,,,,,,,,,,,,,,,,,,,,,,,,,,,,,,,,,,,,,,,,,,,,,,,,,,,,,,,,,,,,,,,,,,,,,,,,,,,,,,,,3,식품의약품안전처,70g,400g,2022039753625,선한팩토리주식회사,해당없음,해당없음,N,,해당없음,2,수집,2025-02-11,2026-07-28 00:00:00
P123-201020200-0314,혜자로운집밥너비아니&닭강정(온라인),P,가공식품,1,가공식품,23,즉석식품류,23201,밥류,2300002,즉석섭취·편의식품류,230000202,즉석섭취식품,00,해당없음,100g,172,,6.24,6.88,,21.29,2.80,,,,,,251,,,,,,,,,77.42,0.77,0.00,,,,,,,,,,,,,,,,,,,,,,,,,,,,,,,,,,,,,,,,,,,,,,,,,,,,,,,,,,,,,,,,,,,,,,,,,,,,,,,,,,,,,,,,,,,,,,,,,,,,,,,,,,,,,,,3,식품의약품안전처,210g,465g,20110528067882,(주)가온에프에스,해당없음,해당없음,N,,해당없음,2,수집,2023-12-22,2026-07-28 00:00:00
P116-705070200-1377,현미칩 누룽지,P,가공식품,1,가공식품,16,농산가공식품류,16705,기타 농산가공품,1600007,기타 농산가공품류,160000702,곡류가공품,00,해당없음,100g,395,,7.40,2.30,,86.20,0.50,,,,,,251,,,,,,,,,0.00,0.50,0.00,,,,,,,,,,,,,,,,,,,,,,,,,,,,,,,,,,,,,,,,,,,,,,,,,,,,,,,,,,,,,,,,,,,,,,,,,,,,,,,,,,,,,,,,,,,,,,,,,,,,,,,,,,,,,,,3,식품의약품안전처,,336g,2018056018241,상주장터영농조합법인,해당없음,해당없음,N,,해당없음,2,수집,2025-04-08,2026-07-28 00:00:00
P101-104000100-1200,현미고구마스낵,P,가공식품,1,가공식품,01,과자류·빵류 또는 떡류,01104,스낵과자,0100000,해당없음,010000001,과자,00,해당없음,100g,337,,7.00,1.00,,84.00,0.00,,,,,,193,,,,,,,,,0.00,0.00,0.00,,,,,,,,,,,,,,,,,,,,,,,,,,,,,,,,,,,,,,,,,,,,,,,,,,,,,,,,,,,,,,,,,,,,,,,,,,,,,,,,,,,,,,,,,,,,,,,,,,,,,,,,,,,,,,,3,식품의약품안전처,30g,180g,2024059428517,농업법인어랑(주),해당없음,해당없음,N,,해당없음,2,수집,2025-08-27,2026-07-28 00:00:00
P103-102020500-2608,헬로키티 마쉬멜로우 초콜릿맛,P,가공식품,1,가공식품,03,코코아가공품류 또는 초콜릿류,03102,초콜릿과자,0300002,초콜릿류,030000205,초콜릿가공품,00,해당없음,100g,375,,2.50,7.50,,75.00,60.00,,,,,,25,,,,,,,,,0.00,2.50,0.00,,,,,,,,,,,,,,,,,,,,,,,,,,,,,,,,,,,,,,,,,,,,,,,,,,,,,,,,,,,,,,,,,,,,,,,,,,,,,,,,,,,,,,,,,,,,,,,,,,,,,,,,,,,,,,,3,식품의약품안전처,30g,,21JPLPJ00D0,"EIWA CONFECTIONERY CO.,LTD",이멕스무역(주),해당없음,Y,392,일본,2,수집,2023-12-31,2026-07-28 00:00:00
P113-206020400-4625,헤이즐넛 초코소스,P,가공식품,1,가공식품,13,조미식품,13206,기타 소스류,1300002,소스류,130000204,소스,00,해당없음,100g,295,,3.61,3.54,,62.25,43.95,,,,,,36,,,,,,,,,3.98,1.14,0.00,,,,,,,,,,,,,,,,,,,,,,,,,,,,,,,,,,,,,,,,,,,,,,,,,,,,,,,,,,,,,,,,,,,,,,,,,,,,,,,,,,,,,,,,,,,,,,,,,,,,,,,,,,,,,,,3,식품의약품안전처,"드레싱 15g, 덮밥소스 165g",30g,201504430301468,(주)제이엔제이푸드,해당없음,해당없음,N,,해당없음,2,수집,2025-08-21,2026-07-28 00:00:00
P109-102010200-1936,헛개블렌딩,P,가공식품,1,가공식품,09,음료류,09102,액상차,0900001,다류,090000102,액상차,00,해당없음,100g,156,,1.80,0.00,,37.00,30.00,,,,,,6,,,,,,,,,0.00,0.00,0.00,,,,,,,,,,,,,,,,,,,,,,,,,,,,,,,,,,,,,,,,,,,,,,,,,,,,,,,,,,,,,,,,,,,,,,,,,,,,,,,,,,,,,,,,,,,,,,,,,,,,,,,,,,,,,,,3,식품의약품안전처,200ml,100g,2013055814463,농업회사법인문경미소주식회사,해당없음,해당없음,N,,해당없음,2,수집,2024-04-08,2026-07-28 00:00:00
P101-207000200-1644,허쉬 스페셜 크리에이션 스트로베리향 앤 크림,P,가공식품,1,가공식품,01,과자류·빵류 또는 떡류,01207,기타 사탕,0100000,해당없음,010000002,캔디류,00,해당없음,100g,539,,5.26,28.95,,63.16,52.63,,,,,,118,,,,,,,,,0.00,18.42,0.00,,,,,,,,,,,,,,,,,,,,,,,,,,,,,,,,,,,,,,,,,,,,,,,,,,,,,,,,,,,,,,,,,,,,,,,,,,,,,,,,,,,,,,,,,,,,,,,,,,,,,,,,,,,,,,,3,식품의약품안전처,10g,38g,25MY0BZ00D1,HERSHEY MALAYSIA SDN. BHD.,롯데웰푸드(주),해당없음,Y,458,말레이시아,2,수집,2025-12-23,2026-07-28 00:00:00
P123-226020200-0632,허니치킨스쿱샐러드,P,가공식품,1,가공식품,23,즉석식품류,23226,샐러드,2300002,즉석섭취·편의식품류,230000202,즉석섭취식품,00,해당없음,100g,182,,5.00,14.00,,9.00,8.00,,,,,,570,,,,,,,,,15.00,2.10,0.10,,,,,,,,,,,,,,,,,,,,,,,,,,,,,,,,,,,,,,,,,,,,,,,,,,,,,,,,,,,,,,,,,,,,,,,,,,,,,,,,,,,,,,,,,,,,,,,,,,,,,,,,,,,,,,,3,식품의약품안전처,,700g,20170415080659,주식회사 에스피씨삼립 청주공장,해당없음,해당없음,N,,해당없음,2,수집,2022-12-29,2026-07-28 00:00:00
P116-701070100-2696,허니라니 딸기한줌,P,가공식품,1,가공식품,16,농산가공식품류,16701,과일가공품,1600007,기타 농산가공품류,160000701,과·채가공품,00,해당없음,100g,369,,0.00,0.00,,84.62,76.92,,,,,,23,,,,,,,,,7.69,0.00,0.00,,,,,,,,,,,,,,,,,,,,,,,,,,,,,,,,,,,,,,,,,,,,,,,,,,,,,,,,,,,,,,,,,,,,,,,,,,,,,,,,,,,,,,,,,,,,,,,,,,,,,,,,,,,,,,,3,식품의약품안전처,30g,100g,2024094504845,경남약용작물산업화지원센터,해당없음,해당없음,N,,해당없음,2,수집,2026-06-10,2026-07-28 00:00:00
P101-501000500-3242,행운호두 호두찹쌀떡,P,가공식품,1,가공식품,01,과자류·빵류 또는 떡류,01501,떡,0100000,해당없음,010000005,떡류,00,해당없음,100g,237,,3.80,3.30,,47.90,2.90,,,,,,196,,,,,,,,,0.00,0.40,0.00,,,,,,,,,,,,,,,,,,,,,,,,,,,,,,,,,,,,,,,,,,,,,,,,,,,,,,,,,,,,,,,,,,,,,,,,,,,,,,,,,,,,,,,,,,,,,,,,,,,,,,,,,,,,,,,3,식품의약품안전처,100g,320g,20100364071245,정남농협화성웰빙떡클러스터사업단,해당없음,해당없음,N,,해당없음,2,수집,2025-08-05,2026-07-28 00:00:00
P116-302030200-0615,행복담은 무염견과 10종,P,가공식품,1,가공식품,16,농산가공식품류,16302,견과류,1600003,땅콩 또는 견과류가공품류,160000302,땅콩 또는 견과류가공품,00,해당없음,100g,606,,23.00,55.00,,17.00,3.00,,,,,,46,,,,,,,,,0.00,8.00,0.00,,,,,,,,,,,,,,,,,,,,,,,,,,,,,,,,,,,,,,,,,,,,,,,,,,,,,,,,,,,,,,,,,,,,,,,,,,,,,,,,,,,,,,,,,,,,,,,,,,,,,,,,,,,,,,,3,식품의약품안전처,10g,980g,2021035057284,주식회사율성푸드랩제1공장,해당없음,해당없음,N,,해당없음,2,수집,2024-10-29,2026-07-28 00:00:00
P123-201020300-2950,햇반컵반버터장조림비빔밥,P,가공식품,1,가공식품,23,즉석식품류,23201,밥류,2300002,즉석섭취·편의식품류,230000203,즉석조리식품,00,해당없음,100g,155,,4.63,2.78,,27.78,1.39,,,,,,343,,,,,,,,,16.20,0.93,0.00,,,,,,,,,,,,,,,,,,,,,,,,,,,,,,,,,,,,,,,,,,,,,,,,,,,,,,,,,,,,,,,,,,,,,,,,,,,,,,,,,,,,,,,,,,,,,,,,,,,,,,,,,,,,,,,3,식품의약품안전처,210g,216g,19910144038702,씨제이제일제당(주),해당없음,해당없음,N,,해당없음,2,수집,2021-06-30,2026-07-28 00:00:00
P101-404000400-0729,햄치즈베이글,P,가공식품,1,가공식품,01,과자류·빵류 또는 떡류,01404,베이글,0100000,해당없음,010000004,빵류,00,해당없음,100g,264,,8.11,4.89,,46.91,8.78,,,,,,373,,,,,,,,,15.07,2.40,0.11,,,,,,,,,,,,,,,,,,,,,,,,,,,,,,,,,,,,,,,,,,,,,,,,,,,,,,,,,,,,,,,,,,,,,,,,,,,,,,,,,,,,,,,,,,,,,,,,,,,,,,,,,,,,,,,3,식품의약품안전처,70g,100g,2022062621436,타타스팩토리,해당없음,해당없음,N,,해당없음,2,수집,2025-02-27,2026-07-28 00:00:00
P123-203020200-1078,햄고추장비빔밥,P,가공식품,1,가공식품,23,즉석식품류,23203,주먹밥/김밥/초밥,2300002,즉석섭취·편의식품류,230000202,즉석섭취식품,00,해당없음,100g,176,,3.95,7.24,,23.68,3.95,,,,,,507,,,,,,,,,48.03,2.11,0.00,,,,,,,,,,,,,,,,,,,,,,,,,,,,,,,,,,,,,,,,,,,,,,,,,,,,,,,,,,,,,,,,,,,,,,,,,,,,,,,,,,,,,,,,,,,,,,,,,,,,,,,,,,,,,,,3,식품의약품안전처,210g,152g,200506070021596,(주)삼영데리카후레쉬,해당없음,해당없음,N,,해당없음,2,수집,2023-12-21,2026-07-28 00:00:00
P103-102020500-0330,해피애니멀쿠키,P,가공식품,1,가공식품,03,코코아가공품류 또는 초콜릿류,03102,초콜릿과자,0300002,초콜릿류,030000205,초콜릿가공품,00,해당없음,100g,539,,3.90,31.00,,60.00,23.00,,,,,,210,,,,,,,,,0.00,16.00,0.00,,,,,,,,,,,,,,,,,,,,,,,,,,,,,,,,,,,,,,,,,,,,,,,,,,,,,,,,,,,,,,,,,,,,,,,,,,,,,,,,,,,,,,,,,,,,,,,,,,,,,,,,,,,,,,,3,식품의약품안전처,30g,125g,2020_DNSP_05836,해당없음,JENS SCHLEICHER GMBH,해당없음,Y,276,독일,2,수집,2020-06-30,2026-07-28 00:00:00
P101-205000200-2108,해초곤약젤리 라벤더 애플&망고맛,P,가공식품,1,가공식품,01,과자류·빵류 또는 떡류,01205,젤리,0100000,해당없음,010000002,캔디류,00,해당없음,100g,15,,0.00,0.00,,11.33,0.00,3.3,,,,,62,,,,,,,,,0.00,0.00,0.00,,,,,,,,,,,,,,,,,,,,,,,,,,,,6.000,,,,,,,,,,,,,,,,,,,,,,,,,,,,,,,,,,,,,,,,,,,,,,,,,,,,,,,,,,,,,,,,,,,,,,,,,,,,,,,,,,,3,식품의약품안전처,10g,150g,20060512128515,좋은영농조합법인,해당없음,해당없음,N,,해당없음,2,수집,2025-04-29,2026-07-28 00:00:00
P123-224020200-0852,해쉬브라운 샌드위치,P,가공식품,1,가공식품,23,즉석식품류,23224,샌드위치,2300002,즉석섭취·편의식품류,230000202,즉석섭취식품,00,해당없음,100g,180,,5.00,6.10,,27.00,6.00,,,,,,330,,,,,,,,,5.00,2.20,0.00,,,,,,,,,,,,,,,,,,,,,,,,,,,,,,,,,,,,,,,,,,,,,,,,,,,,,,,,,,,,,,,,,,,,,,,,,,,,,,,,,,,,,,,,,,,,,,,,,,,,,,,,,,,,,,,3,식품의약품안전처,150g,130g,2022046080150,(주)프레딧팩토리,해당없음,해당없음,N,,해당없음,2,수집,2023-12-19,2026-07-28 00:00:00
P120-600060000-2753,해물육수 혼합다시 6종,P,가공식품,1,가공식품,20,수산가공식품류,20600,기타 수산가공품,2000006,기타 수산물가공품,200000600,해당없음,00,해당없음,100g,318,,53.69,9.14,,5.35,0.00,,,,,,1644,,,,,,,,,432.00,2.83,0.03,,,,,,,,,,,,,,,,,,,,,,,,,,,,,,,,,,,,,,,,,,,,,,,,,,,,,,,,,,,,,,,,,,,,,,,,,,,,,,,,,,,,,,,,,,,,,,,,,,,,,,,,,,,,,,,3,식품의약품안전처,,100g,20140332261112,(주)강고집,해당없음,해당없음,N,,해당없음,2,수집,2026-01-22,2026-07-28 00:00:00
P117-700060000-0727,해드림 국밥 육수,P,가공식품,1,가공식품,17,식육가공품 및 포장육,17700,식육간편조리,1700006,식육추출가공품(축산물가공품),170000600,해당없음,00,해당없음,100g,24,,1.47,1.55,,0.95,0.00,,,,,,212,,,,,,,,,1.54,0.32,0.00,,,,,,,,,,,,,,,,,,,,,,,,,,,,,,,,,,,,,,,,,,,,,,,,,,,,,,,,,,,,,,,,,,,,,,,,,,,,,,,,,,,,,,,,,,,,,,,,,,,,,,,,,,,,,,,3,식품의약품안전처,,500g,20090618126114,부남에프앤비,해당없음,해당없음,N,,해당없음,2,수집,2024-06-13,2026-07-28 00:00:00
P123-224020200-0851,핫치킨 귀리보리 웜랩,P,가공식품,1,가공식품,23,즉석식품류,23224,샌드위치,2300002,즉석섭취·편의식품류,230000202,즉석섭취식품,00,해당없음,100g,218,,7.37,10.00,,24.74,3.16,,,,,,421,,,,,,,,,10.53,2.63,0.00,,,,,,,,,,,,,,,,,,,,,,,,,,,,,,,,,,,,,,,,,,,,,,,,,,,,,,,,,,,,,,,,,,,,,,,,,,,,,,,,,,,,,,,,,,,,,,,,,,,,,,,,,,,,,,,3,식품의약품안전처,150g,190g,20210280073351,(주)스윗밸런스랩,해당없음,해당없음,N,,해당없음,2,수집,2024-02-22,2026-07-28 00:00:00
P103-102020500-4579,합격기원 6입,P,가공식품,1,가공식품,03,코코아가공품류 또는 초콜릿류,03102,초콜릿과자,0300002,초콜릿류,030000205,초콜릿가공품,00,해당없음,100g,583,,5.56,40.74,,48.15,44.45,,,,,,65,,,,,,,,,4.82,29.63,0.00,,,,,,,,,,,,,,,,,,,,,,,,,,,,,,,,,,,,,,,,,,,,,,,,,,,,,,,,,,,,,,,,,,,,,,,,,,,,,,,,,,,,,,,,,,,,,,,,,,,,,,,,,,,,,,,3,식품의약품안전처,30g,54g,200703553072005,(주)토스크,해당없음,해당없음,N,,해당없음,2,수집,2026-06-25,2026-07-28 00:00:00
P107-105010500-0562,할매방앗간 참기름,P,가공식품,1,가공식품,07,식용유지류,07105,참기름,0700001,식물성유지류,070000105,참기름,00,해당없음,100ml,910,,0.00,101.00,,0.00,0.00,,,,,,0,,,,,,,,,0.00,14.10,0.50,,,,,,,,,,,,,,,,,,,,,,,,,,,,,,,,,,,,,,,,,,,,,,,,,,,,,,,,,,,,,,,,,,,,,,,,,,,,,,,,,,,,,,,,,,,,,,,,,,,,,,,,,,,,,,,3,식품의약품안전처,5g(ml),350ml,2024036242211,선푸드,해당없음,해당없음,N,,해당없음,2,수집,2025-10-23,2026-07-28 00:00:00
P105-001000100-0507,한천잼 딸기,P,가공식품,1,가공식품,05,잼류,05001,잼,0500000,해당없음,050000001,잼,00,해당없음,100g,74,,0.37,0.00,,18.15,12.59,,,,,,0,,,,,,,,,0.00,0.00,0.00,,,,,,,,,,,,,,,,,,,,,,,,,,,,,,,,,,,,,,,,,,,,,,,,,,,,,,,,,,,,,,,,,,,,,,,,,,,,,,,,,,,,,,,,,,,,,,,,,,,,,,,,,,,,,,,3,식품의약품안전처,20g,270g,200306143071350,(주)젠푸드,해당없음,해당없음,N,,해당없음,2,수집,2023-12-22,2026-07-28 00:00:00
P123-201020300-5166,한입시래기비빔밥,P,가공식품,1,가공식품,23,즉석식품류,23201,밥류,2300002,즉석섭취·편의식품류,230000203,즉석조리식품,00,해당없음,100g,121,,1.01,1.04,,26.81,1.30,,,,,,332,,,,,,,,,0.00,0.40,0.01,,,,,,,,,,,,,,,,,,,,,,,,,,,,,,,,,,,,,,,,,,,,,,,,,,,,,,,,,,,,,,,,,,,,,,,,,,,,,,,,,,,,,,,,,,,,,,,,,,,,,,,,,,,,,,,3,식품의약품안전처,210g,240g,2021048559049,농업회사법인전주비빔밥유한회사제1공장,해당없음,해당없음,N,,해당없음,2,수집,2025-01-03,2026-07-28 00:00:00
P117-501050100-7888,한입 닭가슴살 타코맛,P,가공식품,1,가공식품,17,식육가공품 및 포장육,17501,양념육,1700005,양념육류(축산물가공품),170000501,양념육,00,해당없음,100g,130,,24.00,1.80,,5.00,3.00,,,,,,70,,,,,,,,,65.00,0.60,0.00,,,,,,,,,,,,,,,,,,,,,,,,,,,,,,,,,,,,,,,,,,,,,,,,,,,,,,,,,,,,,,,,,,,,,,,,,,,,,,,,,,,,,,,,,,,,,,,,,,,,,,,,,,,,,,,3,식품의약품안전처,100g,100g,20150262128102,(주)제이웰푸드,해당없음,해당없음,N,,해당없음,2,수집,2026-05-08,2026-07-28 00:00:00
P110-400040000-0805,한우짜짜아기밥,P,가공식품,1,가공식품,10,특수영양식품,10400,영·유아용 이유식,1000004,영·유아용 이유식,100000400,해당없음,00,해당없음,100g,91,,3.13,1.44,,16.25,1.25,,,,,,131,,,,,,,,,3.13,0.38,0.00,,,,,,,,,,,,,,,,,,,,,,,,,,,,,,,,,,,,,,,,,,,,,,,,,,,,,,,,,,,,,,,,,,,,,,,,,,,,,,,,,,,,,,,,,,,,,,,,,,,,,,,,,,,,,,,3,식품의약품안전처,,160g,20140466024167,주식회사 내담에프앤비(NAEDAM F&B),해당없음,해당없음,N,,해당없음,2,수집,2023-12-22,2026-07-28 00:00:00
P110-400040000-1441,한우알배추감자비트된죽,P,가공식품,1,가공식품,10,특수영양식품,10400,영·유아용 이유식,1000004,영·유아용 이유식,100000400,해당없음,00,해당없음,100g,76,,3.73,0.87,,13.33,0.00,,,,,,8,,,,,,,,,6.40,0.33,0.00,,,,,,,,,,,,,,,,,,,,,,,,,,,,,,,,,,,,,,,,,,,,,,,,,,,,,,,,,,,,,,,,,,,,,,,,,,,,,,,,,,,,,,,,,,,,,,,,,,,,,,,,,,,,,,,3,식품의약품안전처,,150g,20240320157282,주식회사 지니온,해당없음,해당없음,N,,해당없음,2,수집,2024-06-10,2026-07-28 00:00:00
P110-400040000-2626,한우비타민버섯영양밥,P,가공식품,1,가공식품,10,특수영양식품,10400,영·유아용 이유식,1000004,영·유아용 이유식,100000400,해당없음,00,해당없음,100g,119,,5.00,2.50,,19.17,0.29,,,,,,10,,,,,,,,,8.33,0.75,0.00,,,,,,,,,,,,,,,,,,,,,,,,,,,,,,,,,,,,,,,,,,,,,,,,,,,,,,,,,,,,,,,,,,,,,,,,,,,,,,,,,,,,,,,,,,,,,,,,,,,,,,,,,,,,,,,3,식품의약품안전처,,240g,20250483015188,주식회사플라잉닥터제2공장,해당없음,해당없음,N,,해당없음,2,수집,2025-07-07,2026-07-28 00:00:00
P117-800060000-0744,한우로 고기곰탕,P,가공식품,1,가공식품,17,식육가공품 및 포장육,17800,기타 식육가공품,1700006,식육추출가공품(축산물가공품),170000600,해당없음,00,해당없음,100g,24,,3.00,0.75,,1.38,0.00,,,,,,24,,,,,,,,,7.50,0.63,0.00,,,,,,,,,,,,,,,,,,,,,,,,,,,,,,,,,,,,,,,,,,,,,,,,,,,,,,,,,,,,,,,,,,,,,,,,,,,,,,,,,,,,,,,,,,,,,,,,,,,,,,,,,,,,,,,3,식품의약품안전처,,800g,20190536046326,(주)다담,해당없음,해당없음,N,,해당없음,2,수집,2025-06-19,2026-07-28 00:00:00
P123-205020300-1315,한우검은콩근대감자죽밀키트(쌀제외),P,가공식품,1,가공식품,23,즉석식품류,23205,죽,2300002,즉석섭취·편의식품류,230000203,즉석조리식품,00,해당없음,100g,66,,5.26,2.63,,5.26,0.00,,,,,,35,,,,,,,,,13.16,0.79,0.00,,,,,,,,,,,,,,,,,,,,,,,,,,,,,,,,,,,,,,,,,,,,,,,,,,,,,,,,,,,,,,,,,,,,,,,,,,,,,,,,,,,,,,,,,,,,,,,,,,,,,,,,,,,,,,,3,식품의약품안전처,250ml(g),228g,20200230887461,쿡베이스,해당없음,해당없음,N,,해당없음,2,수집,2021-06-30,2026-07-28 00:00:00
P117-501050100-1072,한양화로장조림,P,가공식품,1,가공식품,17,식육가공품 및 포장육,17501,양념육,1700005,양념육류(축산물가공품),170000501,양념육,00,해당없음,100g,83,,6.40,3.20,,7.20,0.00,,,,,,1032,,,,,,,,,68.80,1.68,0.00,,,,,,,,,,,,,,,,,,,,,,,,,,,,,,,,,,,,,,,,,,,,,,,,,,,,,,,,,,,,,,,,,,,,,,,,,,,,,,,,,,,,,,,,,,,,,,,,,,,,,,,,,,,,,,,3,식품의약품안전처,100g,125g,20230632005102,제이에이식품,해당없음,해당없음,N,,해당없음,2,수집,2023-12-28,2026-07-28 00:00:00
P123-201020300-6563,한성 크래미&스크램블 볶음밥,P,가공식품,1,가공식품,23,즉석식품류,23201,밥류,2300002,즉석섭취·편의식품류,230000203,즉석조리식품,00,해당없음,100g,425,,8.00,9.00,,78.00,7.00,,,,,,1570,,,,,,,,,60.00,1.60,1.00,,,,,,,,,,,,,,,,,,,,,,,,,,,,,,,,,,,,,,,,,,,,,,,,,,,,,,,,,,,,,,,,,,,,,,,,,,,,,,,,,,,,,,,,,,,,,,,,,,,,,,,,,,,,,,,3,식품의약품안전처,210g,250g,20210504123433,(주)엄지식품,해당없음,해당없음,N,,해당없음,2,수집,2026-06-01,2026-07-28 00:00:00
P113-206020400-0894,한마음 냉면육수,P,가공식품,1,가공식품,13,조미식품,13206,기타 소스류,1300002,소스류,130000204,소스,00,해당없음,100ml,392,,12.00,0.00,,86.00,2.00,,,,,,800,,,,,,,,,0.00,0.00,0.00,,,,,,,,,,,,,,,,,,,,,,,,,,,,,,,,,,,,,,,,,,,,,,,,,,,,,,,,,,,,,,,,,,,,,,,,,,,,,,,,,,,,,,,,,,,,,,,,,,,,,,,,,,,,,,,3,식품의약품안전처,"드레싱 15g, 덮밥소스 165g",5000ml,20140467016108,더먹자에프앤비,해당없음,해당없음,N,,해당없음,2,수집,2023-12-22,2026-07-28 00:00:00
P117-501050100-5748,한돈제육볶음,P,가공식품,1,가공식품,17,식육가공품 및 포장육,17501,양념육,1700005,양념육류(축산물가공품),170000501,양념육,00,해당없음,100g,202,,14.50,6.90,,20.50,7.80,,,,,,593,,,,,,,,,38.50,2.60,0.00,,,,,,,,,,,,,,,,,,,,,,,,,,,,,,,,,,,,,,,,,,,,,,,,,,,,,,,,,,,,,,,,,,,,,,,,,,,,,,,,,,,,,,,,,,,,,,,,,,,,,,,,,,,,,,,3,식품의약품안전처,100g,400g,20210397012108,(주)더프레시 에프앤비,해당없음,해당없음,N,,해당없음,2,수집,2026-01-24,2026-07-28 00:00:00
P101-501000500-1142,한담 영양호박인절미,P,가공식품,1,가공식품,01,과자류·빵류 또는 떡류,01501,떡,0100000,해당없음,010000005,떡류,00,해당없음,100g,242,,5.64,2.16,,50.00,6.35,,,,,,296,,,,,,,,,0.00,0.24,0.00,,,,,,,,,,,,,,,,,,,,,,,,,,,,,,,,,,,,,,,,,,,,,,,,,,,,,,,,,,,,,,,,,,,,,,,,,,,,,,,,,,,,,,,,,,,,,,,,,,,,,,,,,,,,,,,3,식품의약품안전처,100g,100g,2020047512116,한담떡,해당없음,해당없음,N,,해당없음,2,수집,2024-03-13,2026-07-28 00:00:00
P123-213020200-1254,한끼만족뉴최애11첩한상,P,가공식품,1,가공식품,23,즉석식품류,23213,도시락,2300002,즉석섭취·편의식품류,230000202,즉석섭취식품,00,해당없음,100g,178,,7.57,5.83,,23.70,4.04,,,,,,441,,,,,,,,,17.99,1.37,0.03,,,,,,,,,,,,,,,,,,,,,,,,,,,,,,,,,,,,,,,,,,,,,,,,,,,,,,,,,,,,,,,,,,,,,,,,,,,,,,,,,,,,,,,,,,,,,,,,,,,,,,,,,,,,,,,3,식품의약품안전처,1식,485g,200804940611269,(주)비지에프푸드전북,해당없음,해당없음,N,,해당없음,2,수집,2025-09-22,2026-07-28 00:00:00
P117-800060000-1658,한국민속촌 도가니탕,P,가공식품,1,가공식품,17,식육가공품 및 포장육,17800,기타 식육가공품,1700006,식육추출가공품(축산물가공품),170000600,해당없음,00,해당없음,100g,20,,2.60,0.32,,1.60,0.00,,,,,,328,,,,,,,,,3.00,0.14,0.00,,,,,,,,,,,,,,,,,,,,,,,,,,,,,,,,,,,,,,,,,,,,,,,,,,,,,,,,,,,,,,,,,,,,,,,,,,,,,,,,,,,,,,,,,,,,,,,,,,,,,,,,,,,,,,,3,식품의약품안전처,,500g,20130189011134,(주)선봉식품,해당없음,해당없음,N,,해당없음,2,수집,2026-04-08,2026-07-28 00:00:00
P101-106000100-1957,하트파이,P,가공식품,1,가공식품,01,과자류·빵류 또는 떡류,01106,일반과자,0100000,해당없음,010000001,과자,00,해당없음,100g,474,,7.29,26.04,,52.08,29.17,,,,,,563,,,,,,,,,62.50,12.50,0.31,,,,,,,,,,,,,,,,,,,,,,,,,,,,,,,,,,,,,,,,,,,,,,,,,,,,,,,,,,,,,,,,,,,,,,,,,,,,,,,,,,,,,,,,,,,,,,,,,,,,,,,,,,,,,,,3,식품의약품안전처,30g,96g,200404490102475,(주)신세계푸드,해당없음,해당없음,N,,해당없음,2,수집,2021-06-30,2026-07-28 00:00:00
P123-213020200-1544,하인즈미트볼파스타,P,가공식품,1,가공식품,23,즉석식품류,23213,도시락,2300002,즉석섭취·편의식품류,230000202,즉석섭취식품,00,해당없음,100g,172,,6.57,6.55,,21.70,7.63,,,,,,554,,,,,,,,,8.22,2.38,0.04,,,,,,,,,,,,,,,,,,,,,,,,,,,,,,,,,,,,,,,,,,,,,,,,,,,,,,,,,,,,,,,,,,,,,,,,,,,,,,,,,,,,,,,,,,,,,,,,,,,,,,,,,,,,,,,3,식품의약품안전처,1식,337g,200804940611378,(주)비지에프푸드전북,해당없음,해당없음,N,,해당없음,2,수집,2025-10-29,2026-07-28 00:00:00
P101-206000200-0331,하이츄 사우어 레몬맛,P,가공식품,1,가공식품,01,과자류·빵류 또는 떡류,01206,캐러멜,0100000,해당없음,010000002,캔디류,00,해당없음,100g,418,,1.75,8.95,,82.46,68.42,,,,,,5,,,,,,,,,0.00,4.74,0.00,,,,,,,,,,,,,,,,,,,,,,,,,,,,,,,,,,,,,,,,,,,,,,,,,,,,,,,,,,,,,,,,,,,,,,,,,,,,,,,,,,,,,,,,,,,,,,,,,,,,,,,,,,,,,,,3,식품의약품안전처,10g,57g,21CN1OB00D4,MORINAGA (ZHEJIANG) CO  LTD,매크로통상(주),해당없음,Y,156,중국,2,수집,2026-03-12,2026-07-28 00:00:00
P101-103000100-0456,하우스 쿠키(사브레),P,가공식품,1,가공식품,01,과자류·빵류 또는 떡류,01103,비스킷/쿠키/크래커,0100000,해당없음,010000001,과자,00,해당없음,100g,434,,9.70,14.30,,66.70,9.81,,,,,,275,,,,,,,,,0.30,2.15,0.15,,,,,,,,,,,,,,,,,,,,,,,,,,,,,,,,,,,,,,,,,,,,,,,,,,,,,,,,,,,,,,,,,,,,,,,,,,,,,,,,,,,,,,,,,,,,,,,,,,,,,,,,,,,,,,,3,식품의약품안전처,30g,150g,20180335412141,애덕의집보호작업장(소울베이커리),해당없음,해당없음,N,,해당없음,2,수집,2023-12-22,2026-07-28 00:00:00
P117-100010200-0189,하몽 이베리코 햄 핸드 슬라이스(베요타 ),P,가공식품,1,가공식품,17,식육가공품 및 포장육,17100,햄,1700001,햄류(축산물가공품),170000102,생햄,00,해당없음,100g,307,,24.20,23.40,,0.00,0.00,,,,,,1432,,,,,,,,,32.00,8.50,0.00,,,,,,,,,,,,,,,,,,,,,,,,,,,,,,,,,,,,,,,,,,,,,,,,,,,,,,,,,,,,,,,,,,,,,,,,,,,,,,,,,,,,,,,,,,,,,,,,,,,,,,,,,,,,,,,3,식품의약품안전처,30g,80g,25ES01L00H3,DE MONTANERA S.L.,(주)판코상사,해당없음,Y,724,스페인,2,수집,2025-05-28,2026-07-28 00:00:00
P109-401040100-1644,하리토스 만다린,P,가공식품,1,가공식품,09,음료류,09401,탄산음료,0900004,탄산음료류,090000401,탄산음료,00,해당없음,100ml,41,,0.00,0.00,,10.00,10.00,,,,,,7,,,,,,,,,0.00,0.00,0.00,,,,,,,,,,,,,,,,,,,,,,,,,,,,,,,,,,,,,,,,,,,,,,,,,,,,,,,,,,,,,,,,,,,,,,,,,,,,,,,,,,,,,,,,,,,,,,,,,,,,,,,,,,,,,,,3,식품의약품안전처,200ml,,23MX02J00D5,NOVAMEXMEXICOS.A.DEC.V.,(주)어번바틀컴퍼니,해당없음,Y,484,멕시코,2,수집,2023-12-31,2026-07-28 00:00:00
P119-201020100-0051,하루우유 플러스 비타밀크,P,가공식품,1,가공식품,19,유가공품류,19201,강화우유,1900002,가공유류(축산물가공품),190000201,강화우유,00,해당없음,100ml,60,,3.00,3.20,,5.00,5.00,,110,,,,40,60,,,,,,,1.00,10.00,2.10,0.00,,,,,,,,,,,,,,,,,,,,,,,,,,,,,,,,,,,,,,,,,,,,,,,,,,,,,,,,,,,,,,,,,,,,,,,,,,,,,,,,,,,,,,,,,,,,,,,,,,,,,,,,,,,,,,,3,식품의약품안전처,200ml,2300ml,2019045501873,행복드림영농조합법인,해당없음,해당없음,N,,해당없음,2,수집,2025-05-29,2026-07-28 00:00:00
P101-403000400-0870,하드롤바게트,P,가공식품,1,가공식품,01,과자류·빵류 또는 떡류,01403,바게트/치아바타,0100000,해당없음,010000004,빵류,00,해당없음,100g,272,,10.50,1.10,,54.90,4.00,,,,,,535,,,,,,,,,0.00,0.00,0.00,,,,,,,,,,,,,,,,,,,,,,,,,,,,,,,,,,,,,,,,,,,,,,,,,,,,,,,,,,,,,,,,,,,,,,,,,,,,,,,,,,,,,,,,,,,,,,,,,,,,,,,,,,,,,,,3,식품의약품안전처,70g,3520g,20130275158125,핫브레드(Hot Bread),해당없음,해당없음,N,,해당없음,2,수집,2026-02-24,2026-07-28 00:00:00
P117-800090000-0122,하나가득 대패 목심,P,가공식품,1,가공식품,17,식육가공품 및 포장육,17800,기타 식육가공품,1700009,포장육(축산물),170000900,해당없음,00,해당없음,100g,212,,17.90,15.70,,0.51,0.00,,,,,,98,,,,,,,,,65.07,4.28,0.07,,,,,,,,,,,,,,,,,,,,,,,,,,,,,,,,,,,,,,,,,,,,,,,,,,,,,,,,,,,,,,,,,,,,,,,,,,,,,,,,,,,,,,,,,,,,,,,,,,,,,,,,,,,,,,,3,식품의약품안전처,,700g,20050415158424,(주)농협유통 청주농산물종합유통센터,해당없음,해당없음,N,,해당없음,2,수집,2026-06-30,2026-07-28 00:00:00
P101-103000400-2031,핏콩큐브카카오닙스,P,가공식품,1,가공식품,01,과자류·빵류 또는 떡류,01103,비스킷/쿠키/크래커,0100000,해당없음,010000004,빵류,00,해당없음,100g,443,,23.33,26.67,,26.67,13.33,,,,,,250,,,,,,,,,0.00,15.67,0.00,,,,,,,,,,,,,,,,,,,,,,,,,,,,,,,,,,,,,,,,,,,,,,,,,,,,,,,,,,,,,,,,,,,,,,,,,,,,,,,,,,,,,,,,,,,,,,,,,,,,,,,,,,,,,,,3,식품의약품안전처,30g,60g,20100285773238,신성제과,해당없음,해당없음,N,,해당없음,2,수집,2021-06-30,2026-07-28 00:00:00
P116-302030200-0572,피피넛 탈각 구운 피스타치오,P,가공식품,1,가공식품,16,농산가공식품류,16302,견과류,1600003,땅콩 또는 견과류가공품류,160000302,땅콩 또는 견과류가공품,00,해당없음,100g,645,,25.00,52.00,,18.00,5.00,,,,,,10,,,,,,,,,0.00,6.00,0.00,,,,,,,,,,,,,,,,,,,,,,,,,,,,,,,,,,,,,,,,,,,,,,,,,,,,,,,,,,,,,,,,,,,,,,,,,,,,,,,,,,,,,,,,,,,,,,,,,,,,,,,,,,,,,,,3,식품의약품안전처,10g,150g,2023021647613,(주)호산종합개발,해당없음,해당없음,N,,해당없음,2,수집,2024-07-30,2026-07-28 00:00:00
P101-106000100-3786,피칸초코,P,가공식품,1,가공식품,01,과자류·빵류 또는 떡류,01106,일반과자,0100000,해당없음,010000001,과자,00,해당없음,100g,458,,5.56,15.56,,72.22,50.00,,,,,,360,,,,,,,,,67.78,7.78,0.00,,,,,,,,,,,,,,,,,,,,,,,,,,,,,,,,,,,,,,,,,,,,,,,,,,,,,,,,,,,,,,,,,,,,,,,,,,,,,,,,,,,,,,,,,,,,,,,,,,,,,,,,,,,,,,,3,식품의약품안전처,30g,90g,20190349138127,배정열베이커리,해당없음,해당없음,N,,해당없음,2,수집,2024-09-25,2026-07-28 00:00:00
P114-202020100-0056,피자파는집 후레쉬피클,P,가공식품,1,가공식품,14,절임류 또는 조림류,14202,단무지/피클,1400002,절임류,140000201,절임식품,00,해당없음,100g,38,,0.00,0.00,,8.75,7.50,,,,,,44,,,,,,,,,0.00,0.00,0.00,,,,,,,,,,,,,,,,,,,,,,,,,,,,,,,,,,,,,,,,,,,,,,,,,,,,,,,,,,,,,,,,,,,,,,,,,,,,,,,,,,,,,,,,,,,,,,,,,,,,,,,,,,,,,,,3,식품의약품안전처,25g,80g,2016030801778,농업회사법인 비전프라임 주식회사,해당없음,해당없음,N,,해당없음,2,수집,2023-12-22,2026-07-28 00:00:00
P103-101020400-1116,피아트 크레미니 스페셜 (2750-8013),P,가공식품,1,가공식품,03,코코아가공품류 또는 초콜릿류,03101,초콜릿,0300002,초콜릿류,030000204,준초콜릿,00,해당없음,100g,549,,6.70,34.00,,54.00,47.00,,,,,,84,,,,,,,,,0.00,10.00,0.00,,,,,,,,,,,,,,,,,,,,,,,,,,,,,,,,,,,,,,,,,,,,,,,,,,,,,,,,,,,,,,,,,,,,,,,,,,,,,,,,,,,,,,,,,,,,,,,,,,,,,,,,,,,,,,,3,식품의약품안전처,15g,101g,22IT2F600D5,MAJANI 1796 S.P.A.,(주)머큐리스,해당없음,Y,380,이탈리아,2,수집,2025-11-24,2026-07-28 00:00:00
P101-409000400-4297,피스타치오 초코 크럼블 케이크,P,가공식품,1,가공식품,01,과자류·빵류 또는 떡류,01409,케이크,0100000,해당없음,010000004,빵류,00,해당없음,100g,322,,4.16,20.77,,29.59,25.18,,,,,,82,,,,,,,,,33.46,14.01,0.16,,,,,,,,,,,,,,,,,,,,,,,,,,,,,,,,,,,,,,,,,,,,,,,,,,,,,,,,,,,,,,,,,,,,,,,,,,,,,,,,,,,,,,,,,,,,,,,,,,,,,,,,,,,,,,,3,식품의약품안전처,70g,420g,20170308389513,엠즈베이커스주식회사,해당없음,해당없음,N,,해당없음,2,수집,2024-12-12,2026-07-28 00:00:00
P101-104000100-0857,피뉴트 갈릭새우칩,P,가공식품,1,가공식품,01,과자류·빵류 또는 떡류,01104,스낵과자,0100000,해당없음,010000001,과자,00,해당없음,100g,551,,1.51,33.88,,60.05,6.81,,,,,,928,,,,,,,,,7.61,14.91,0.08,,,,,,,,,,,,,,,,,,,,,,,,,,,,,,,,,,,,,,,,,,,,,,,,,,,,,,,,,,,,,,,,,,,,,,,,,,,,,,,,,,,,,,,,,,,,,,,,,,,,,,,,,,,,,,,3,식품의약품안전처,30g,300g,202407491814,주식회사윈푸드,해당없음,해당없음,N,,해당없음,2,수집,2025-01-03,2026-07-28 00:00:00
P101-106000100-5967,플린트치즈향,P,가공식품,1,가공식품,01,과자류·빵류 또는 떡류,01106,일반과자,0100000,해당없음,010000001,과자,00,해당없음,100g,412,,11.10,7.60,,75.00,60.00,,,,,,170,,,,,,,,,0.00,0.00,0.00,,,,,,,,,,,,,,,,,,,,,,,,,,,,,,,,,,,,,,,,,,,,,,,,,,,,,,,,,,,,,,,,,,,,,,,,,,,,,,,,,,,,,,,,,,,,,,,,,,,,,,,,,,,,,,,3,식품의약품안전처,30g,,23KZ01800D5,KAZ SNACK SAUDA,쵸커,해당없음,Y,398,카자흐스탄,2,수집,2024-12-31,2026-07-28 00:00:00
P101-405000400-5304,플레인시트,P,가공식품,1,가공식품,01,과자류·빵류 또는 떡류,01405,기타 빵,0100000,해당없음,010000004,빵류,00,해당없음,100g,340,,9.00,14.00,,46.00,24.00,,,,,,89,,,,,,,,,172.00,4.70,0.00,,,,,,,,,,,,,,,,,,,,,,,,,,,,,,,,,,,,,,,,,,,,,,,,,,,,,,,,,,,,,,,,,,,,,,,,,,,,,,,,,,,,,,,,,,,,,,,,,,,,,,,,,,,,,,,3,식품의약품안전처,70g,100g,20210371087307,(주)씨에스아이팩토리,해당없음,해당없음,N,,해당없음,2,수집,2024-04-02,2026-07-28 00:00:00
P101-429000400-0010,플레인 아메리칸 와플,P,가공식품,1,가공식품,01,과자류·빵류 또는 떡류,01429,와플,0100000,해당없음,010000004,빵류,00,해당없음,100g,341,,5.45,10.91,,53.64,11.82,,,,,,357,,,,,,,,,0.00,4.36,0.18,,,,,,,,,,,,,,,,,,,,,,,,,,,,,,,,,,,,,,,,,,,,,,,,,,,,,,,,,,,,,,,,,,,,,,,,,,,,,,,,,,,,,,,,,,,,,,,,,,,,,,,,,,,,,,,3,식품의약품안전처,70g,550g,202305260523,벼리제이앤씨,해당없음,해당없음,N,,해당없음,2,수집,2024-03-11,2026-07-28 00:00:00
P123-210020300-0229,플랜트치킨 찜닭,P,가공식품,1,가공식품,23,즉석식품류,23210,조림/찜,2300002,즉석섭취·편의식품류,230000203,즉석조리식품,00,해당없음,100g,166,,14.38,4.38,,16.88,4.38,,,,,,813,,,,,,,,,0.00,0.81,0.00,,,,,,,,,,,,,,,,,,,,,,,,,,,,,,,,,,,,,,,,,,,,,,,,,,,,,,,,,,,,,,,,,,,,,,,,,,,,,,,,,,,,,,,,,,,,,,,,,,,,,,,,,,,,,,,3,식품의약품안전처,,160g,20150355222428,(주)엠디에스코리아,해당없음,해당없음,N,,해당없음,2,수집,2023-12-22,2026-07-28 00:00:00
P101-106000100-5938,프링글스 리치 치즈 갈릭맛,P,가공식품,1,가공식품,01,과자류·빵류 또는 떡류,01106,일반과자,0100000,해당없음,010000001,과자,00,해당없음,100g,509,,6.10,26.20,,62.10,2.80,,,,,,446,,,,,,,,,0.00,11.80,0.00,,,,,,,,,,,,,,,,,,,,,,,,,,,,,,,,,,,,,,,,,,,,,,,,,,,,,,,,,,,,,,,,,,,,,,,,,,,,,,,,,,,,,,,,,,,,,,,,,,,,,,,,,,,,,,,3,식품의약품안전처,30g,,23MYXOV00D7,KELLOGG ASIA PRODUCTS SDN.BHD.,농심켈로그(주),해당없음,Y,458,말레이시아,2,수집,2024-12-31,2026-07-28 00:00:00
P107-101010100-0089,프리미엄최고급식용유,P,가공식품,1,가공식품,07,식용유지류,07101,콩기름(대두유),0700001,식물성유지류,070000101,콩기름(대두유),00,해당없음,100g,900,,0.00,100.00,,0.00,0.00,,,,,,0,,,,,,,,,0.00,16.00,0.00,,,,,,,,,,,,,,,,,,,,,,,,,,,,,,,,,,,,,,,,,,,,,,,,,,,,,,,,,,,,,,,,,,,,,,,,,,,,,,,,,,,,,,,,,,,,,,,,,,,,,,,,,,,,,,,3,식품의약품안전처,5g(ml),16500g,2023063464317,주식회사한산오앤에프,해당없음,해당없음,N,,해당없음,2,수집,2023-12-22,2026-07-28 00:00:00
P102-103010300-0614,프리미엄 쿠즈코초콜릿,P,가공식품,1,가공식품,02,빙과류,02103,아이스밀크,0200001,아이스크림류(축산물가공품),020000103,아이스밀크,00,해당없음,100g,154,,4.00,6.00,,21.00,20.00,,,,,,65,,,,,,,,,10.00,3.60,0.00,,,,,,,,,,,,,,,,,,,,,,,,,,,,,,,,,,,,,,,,,,,,,,,,,,,,,,,,,,,,,,,,,,,,,,,,,,,,,,,,,,,,,,,,,,,,,,,,,,,,,,,,,,,,,,,3,식품의약품안전처,100ml,100g,2010026209490,(주)테이트,해당없음,해당없음,N,,해당없음,2,수집,2025-10-23,2026-07-28 00:00:00
P116-303030200-0803,프리미엄 밤(DICE GOLD),P,가공식품,1,가공식품,16,농산가공식품류,16303,견과류 가공품,1600003,땅콩 또는 견과류가공품류,160000302,땅콩 또는 견과류가공품,00,해당없음,100g,231,,1.00,2.30,,51.50,36.70,,,,,,24,,,,,,,,,0.00,0.10,0.00,,,,,,,,,,,,,,,,,,,,,,,,,,,,,,,,,,,,,,,,,,,,,,,,,,,,,,,,,,,,,,,,,,,,,,,,,,,,,,,,,,,,,,,,,,,,,,,,,,,,,,,,,,,,,,,3,식품의약품안전처,10g,7500g,20210417014121,성신푸드,해당없음,해당없음,N,,해당없음,2,수집,2026-05-11,2026-07-28 00:00:00
P101-205000200-1083,프리마베라딸기맛,P,가공식품,1,가공식품,01,과자류·빵류 또는 떡류,01205,젤리,0100000,해당없음,010000002,캔디류,00,해당없음,100g,376,,3.00,0.00,,91.00,77.00,,,,,,30,,,,,,,,,0.00,0.00,0.00,,,,,,,,,,,,,,,,,,,,,,,,,,,,,,,,,,,,,,,,,,,,,,,,,,,,,,,,,,,,,,,,,,,,,,,,,,,,,,,,,,,,,,,,,,,,,,,,,,,,,,,,,,,,,,,3,식품의약품안전처,10g,200g,2021_DNSP_03323,해당없음,HARIBO PRODUKTIONS GMBH & CO. KG,해당없음,Y,276,독일,2,수집,2021-06-30,2026-07-28 00:00:00
P109-302030200-5130,프루즈 오가닉 블랙멀베리 착즙주스,P,가공식품,1,가공식품,09,음료류,09302,과·채주스,0900003,과일·채소류음료,090000302,과·채주스,00,해당없음,100ml,50,,0.60,0.00,,11.40,9.80,1.0,,,,,0,,,,,,,,,0.00,0.00,0.00,,,,,,,,,,,,,,,,,,,,,,,,,,,,,,,,,,,,,,,,,,,,,,,,,,,,,,,,,,,,,,,,,,,,,,,,,,,,,,,,,,,,,,,,,,,,,,,,,,,,,,,,,,,,,,,3,식품의약품안전처,200ml,700ml,23TRXW800D8,ELITE NATUREL ORGANIK GIDA SANAYI VE TICARET A.S.,(주)에스씨디글로벌,해당없음,Y,792,튀르키예,2,수집,2023-09-25,2026-07-28 00:00:00
P116-303030200-0630,프로틴바,P,가공식품,1,가공식품,16,농산가공식품류,16303,견과류 가공품,1600003,땅콩 또는 견과류가공품류,160000302,땅콩 또는 견과류가공품,00,해당없음,100g,550,,30.00,33.33,,33.33,20.00,,,,,,200,,,,,,,,,0.00,6.67,0.00,,,,,,,,,,,,,,,,,,,,,,,,,,,,,,,,,,,,,,,,,,,,,,,,,,,,,,,,,,,,,,,,,,,,,,,,,,,,,,,,,,,,,,,,,,,,,,,,,,,,,,,,,,,,,,,3,식품의약품안전처,10g,120g,2019040435629,에스앤푸드주식회사,해당없음,해당없음,N,,해당없음,2,수집,2026-02-15,2026-07-28 00:00:00
P117-100010200-0161,프로슈토 디 파르마 슬라이스,P,가공식품,1,가공식품,17,식육가공품 및 포장육,17100,햄,1700001,햄류(축산물가공품),170000102,생햄,00,해당없음,100g,205,,21.60,12.80,,0.24,0.00,,,,,,1472,,,,,,,,,64.80,4.24,0.00,,,,,,,,,,,,,,,,,,,,,,,,,,,,,,,,,,,,,,,,,,,,,,,,,,,,,,,,,,,,,,,,,,,,,,,,,,,,,,,,,,,,,,,,,,,,,,,,,,,,,,,,,,,,,,,3,식품의약품안전처,30g,80g,23IT03000H1,AGRICOLA TRE VALLI SOCIETA COOPERATIVA,지앤지푸드(주),해당없음,Y,380,이탈리아,2,수집,2023-03-13,2026-07-28 00:00:00
P101-409000400-5660,프렌치 소프트 스노우케이크,P,가공식품,1,가공식품,01,과자류·빵류 또는 떡류,01409,케이크,0100000,해당없음,010000004,빵류,00,해당없음,100g,345,,8.00,1.20,,75.40,28.00,,,,,,92,,,,,,,,,0.00,0.00,0.00,,,,,,,,,,,,,,,,,,,,,,,,,,,,,,,,,,,,,,,,,,,,,,,,,,,,,,,,,,,,,,,,,,,,,,,,,,,,,,,,,,,,,,,,,,,,,,,,,,,,,,,,,,,,,,,3,식품의약품안전처,70g,480g,23CNQ7Y00D5,"ZHENGZHOU HENGXIN FOOD CO.,LTD",주식회사 진성무역코리아,해당없음,Y,156,중국,2,수집,2023-08-28,2026-07-28 00:00:00
P101-404000400-1149,프레시오늘 신선냉장 쫄깃촉촉 어니언 베이글,P,가공식품,1,가공식품,01,과자류·빵류 또는 떡류,01404,베이글,0100000,해당없음,010000004,빵류,00,해당없음,100g,265,,11.00,1.00,,54.00,6.00,,,,,,480,,,,,,,,,0.00,0.00,0.00,,,,,,,,,,,,,,,,,,,,,,,,,,,,,,,,,,,,,,,,,,,,,,,,,,,,,,,,,,,,,,,,,,,,,,,,,,,,,,,,,,,,,,,,,,,,,,,,,,,,,,,,,,,,,,,3,식품의약품안전처,70g,105g,20240543519125,주식회사 프레시오늘,해당없음,해당없음,N,,해당없음,2,수집,2025-11-06,2026-07-28 00:00:00
P113-206020400-0877,프레쉬홈 저칼로리쓰리라차칠리소스,P,가공식품,1,가공식품,13,조미식품,13206,기타 소스류,1300002,소스류,130000204,소스,00,해당없음,100g,12,,0.50,0.21,,23.98,1.62,,,,,,914,,,,,,,,,0.00,0.04,0.00,,,,,,,,,,,,,,,,,,,,,,,,,,,,,,,,,,,,,,,,,,,,,,,,,,,,,,,,,,,,,,,,,,,,,,,,,,,,,,,,,,,,,,,,,,,,,,,,,,,,,,,,,,,,,,,3,식품의약품안전처,"드레싱 15g, 덮밥소스 165g",100g,199104450779007,주식회사 동방푸드마스타,해당없음,해당없음,N,,해당없음,2,수집,2023-12-22,2026-07-28 00:00:00
P103-101020400-1076,프랄린 월넛 마지팬 (10109073),P,가공식품,1,가공식품,03,코코아가공품류 또는 초콜릿류,03101,초콜릿,0300002,초콜릿류,030000204,준초콜릿,00,해당없음,100g,519,,7.84,32.72,,49.64,39.31,,,,,,30,,,,,,,,,3.11,9.08,0.20,,,,,,,,,,,,,,,,,,,,,,,,,,,,,,,,,,,,,,,,,,,,,,,,,,,,,,,,,,,,,,,,,,,,,,,,,,,,,,,,,,,,,,,,,,,,,,,,,,,,,,,,,,,,,,,3,식품의약품안전처,15g,804g,25CH03F00D3,LADERACH (SCHWEIZ) AG,레더라코리아 유한회사,해당없음,Y,756,스위스,2,수집,2025-10-16,2026-07-28 00:00:00
P117-800080000-0355,퓨어푸드 시식,P,가공식품,1,가공식품,17,식육가공품 및 포장육,17800,기타 식육가공품,1700008,식육함유가공품,170000800,해당없음,00,해당없음,100g,348,,24.00,24.00,,9.00,3.00,,,,,,1077,,,,,,,,,93.00,9.00,0.00,,,,,,,,,,,,,,,,,,,,,,,,,,,,,,,,,,,,,,,,,,,,,,,,,,,,,,,,,,,,,,,,,,,,,,,,,,,,,,,,,,,,,,,,,,,,,,,,,,,,,,,,,,,,,,,3,식품의약품안전처,,150g,23PH02T00D0,ICY POINT COLD STORAGE AND PROCESSING CORP.,슈퍼캡익스프레스트래이딩,해당없음,Y,608,필리핀,2,수집,2023-09-04,2026-07-28 00:00:00
P109-802080200-0548,풍성한 비오틴 맥주효모,P,가공식품,1,가공식품,09,음료류,09802,농축음료/베이스,0900008,기타음료,090000802,음료베이스,00,해당없음,100g,349,,32.80,1.00,,52.30,12.00,,,,,,100,,,,,,,,,0.00,0.10,0.00,,,,,,,,,,,,,,,,,,,,,,,,,,,,,,,,,,,,,,,,,,,,,,,,,,,,,,,,,,,,,,,,,,,,,,,,,,,,,,,,,,,,,,,,,,,,,,,,,,,,,,,,,,,,,,,3,식품의약품안전처,150ml,30g,20190462522305,주식회사 상상바이오,해당없음,해당없음,N,,해당없음,2,수집,2023-12-22,2026-07-28 00:00:00
P123-302030100-2554,풀무원 지구식단 표고야채 한식교자,P,가공식품,1,가공식품,23,즉석식품류,23302,만두,2300003,만두류,230000301,만두,00,해당없음,100g,153,,6.00,6.00,,21.50,3.00,,58,1.20,,,293,,,,,,,,,0.00,1.10,0.00,,,,,,,,,,,,,,,,,,,,,,,,,,,,,,,,,,,,,,,,,,,,,,,,,,,,,,,,,,,,,,,,,,,,,,,,,,,,,,,,,,,,,,,,,,,,,,,,,,,,,,,,,,,,,,,3,식품의약품안전처,150g,400g,19950492079745,(주)지엠에프,해당없음,해당없음,N,,해당없음,2,수집,2025-08-13,2026-07-28 00:00:00
P108-014000300-1272,푸실리,P,가공식품,1,가공식품,08,면류,08014,파스타,0800000,해당없음,080000003,건면,00,해당없음,100g,350,,13.50,1.30,,70.80,3.20,,,,,,2,,,,,,,,,0.00,0.30,0.00,,,,,,,,,,,,,,,,,,,,,,,,,,,,,,,,,,,,,,,,,,,,,,,,,,,,,,,,,,,,,,,,,,,,,,,,,,,,,,,,,,,,,,,,,,,,,,,,,,,,,,,,,,,,,,,3,식품의약품안전처,"생·숙면 200g, 건면 100g, 당면 30g, 유탕면(봉지)120g, 유탕면(용기)80g",,22IT0CK00D4,DE MATTEIS AGROALIMENTARE S.P.A,(주)이랜드킴스클럽,해당없음,Y,380,이탈리아,2,수집,2023-12-31,2026-07-28 00:00:00
P101-415000400-0575,푸딩팩토리 화덕 페퍼로니피자,P,가공식품,1,가공식품,01,과자류·빵류 또는 떡류,01415,피자,0100000,해당없음,010000004,빵류,00,해당없음,100g,330,,15.67,18.67,,24.67,3.00,,,,,,397,,,,,,,,,31.00,10.33,0.73,,,,,,,,,,,,,,,,,,,,,,,,,,,,,,,,,,,,,,,,,,,,,,,,,,,,,,,,,,,,,,,,,,,,,,,,,,,,,,,,,,,,,,,,,,,,,,,,,,,,,,,,,,,,,,,3,식품의약품안전처,150g,300g,20160355741129,(주)알찬식품,해당없음,해당없음,N,,해당없음,2,수집,2024-01-08,2026-07-28 00:00:00
P110-400040000-3820,표고사과진밥,P,가공식품,1,가공식품,10,특수영양식품,10400,영·유아용 이유식,1000004,영·유아용 이유식,100000400,해당없음,00,해당없음,100g,84,,2.00,1.42,,15.84,0.93,,,,,,5,,,,,,,,,0.00,0.22,0.00,,,,,,,,,,,,,,,,,,,,,,,,,,,,,,,,,,,,,,,,,,,,,,,,,,,,,,,,,,,,,,,,,,,,,,,,,,,,,,,,,,,,,,,,,,,,,,,,,,,,,,,,,,,,,,,3,식품의약품안전처,,180g,20100231185672,(주)에르코스농업회사법인,해당없음,해당없음,N,,해당없음,2,수집,2026-05-07,2026-07-28 00:00:00
P109-102010200-3313,폴리쌕진산정,P,가공식품,1,가공식품,09,음료류,09102,액상차,0900001,다류,090000102,액상차,00,해당없음,100g,264,,8.83,0.09,,56.94,45.52,,,,,,134,,,,,,,,,0.00,0.00,0.00,,,,,,,,,,,,,,,,,,,,,,,,,,,,,,,,,,,,,,,,,,,,,,,,,,,,,,,,,,,,,,,,,,,,,,,,,,,,,,,,,,,,,,,,,,,,,,,,,,,,,,,,,,,,,,,3,식품의약품안전처,200ml,240g,1998044204683,충북인삼농협고려인삼창,해당없음,해당없음,N,,해당없음,2,수집,2025-07-18,2026-07-28 00:00:00
P101-412000400-1050,포트루갈 커스터드 타르트(파스텔드나타),P,가공식품,1,가공식품,01,과자류·빵류 또는 떡류,01412,파이/타르트,0100000,해당없음,010000004,빵류,00,해당없음,100g,310,,5.30,16.90,,34.10,18.50,,,,,,232,,,,,,,,,116.00,9.20,0.08,,,,,,,,,,,,,,,,,,,,,,,,,,,,,,,,,,,,,,,,,,,,,,,,,,,,,,,,,,,,,,,,,,,,,,,,,,,,,,,,,,,,,,,,,,,,,,,,,,,,,,,,,,,,,,,3,식품의약품안전처,70g,,23PT04H00D6,"NUTRIVA PRODUCAO E DISTRIBUICAO ALIMENTAR, LDA",(주)이랜드킴스클럽,해당없음,Y,620,포르투갈,2,수집,2024-12-31,2026-07-28 00:00:00
P113-206020400-8997,포크 & 치킨 가라스프,P,가공식품,1,가공식품,13,조미식품,13206,기타 소스류,1300002,소스류,130000204,소스,00,해당없음,100g,70,,8.50,4.00,,0.00,0.00,,,,,,398,,,,,,,,,0.70,0.00,0.00,,,,,,,,,,,,,,,,,,,,,,,,,,,,,,,,,,,,,,,,,,,,,,,,,,,,,,,,,,,,,,,,,,,,,,,,,,,,,,,,,,,,,,,,,,,,,,,,,,,,,,,,,,,,,,,3,식품의약품안전처,"드레싱 15g, 덮밥소스 165g",1000g,18JP1O800D6,"NIHON SHOKUZAI KAKO CO.,LTD",주식회사엠오유통,해당없음,Y,392,일본,2,수집,2026-03-19,2026-07-28 00:00:00
P108-001000200-0323,포차)잔치국수191.3G,P,가공식품,1,가공식품,08,면류,08001,국수,0800000,해당없음,080000002,숙면,00,해당없음,100g,175,,5.75,1.31,,35.02,2.09,,,,,,1072,,,,,,,,,10.45,0.31,0.00,,,,,,,,,,,,,,,,,,,,,,,,,,,,,,,,,,,,,,,,,,,,,,,,,,,,,,,,,,,,,,,,,,,,,,,,,,,,,,,,,,,,,,,,,,,,,,,,,,,,,,,,,,,,,,,3,식품의약품안전처,"생·숙면 200g, 건면 100g, 당면 30g, 유탕면(봉지)120g, 유탕면(용기)80g",191.30g,20220601689173,한일식품(주),해당없음,해당없음,N,,해당없음,2,수집,2025-09-30,2026-07-28 00:00:00
P107-301011700-0001,포마스 올리브 오일,P,가공식품,1,가공식품,07,식용유지류,07301,혼합식용유,0700001,식물성유지류,070000117,기타식물성유지,00,해당없음,100ml,828,,0.00,92.00,,0.00,0.00,,,,,,0,,,,,,,,,0.00,12.00,0.00,,,,,,,,,,,,,,,,,,,,,,,,,,,,,,,,,,,,,,,,,,,,,,,,,,,,,,,,,,,,,,,,,,,,,,,,,,,,,,,,,,,,,,,,,,,,,,,,,,,,,,,,,,,,,,,3,식품의약품안전처,5g(ml),5000ml,17IT08U00D7,MEDSOL SRL,주식회사 케이티에스씨 (KTSC),해당없음,Y,380,이탈리아,2,수집,2025-10-28,2026-07-28 00:00:00
P114-101010200-0591,포기김치,P,가공식품,1,가공식품,14,절임류 또는 조림류,14101,배추김치,1400001,김치류,140000102,김치,00,해당없음,100g,40,,2.00,0.50,,6.00,1.50,,,,,,620,,,,,,,,,0.00,0.00,0.00,,,,,,,,,,,,,,,,,,,,,,,,,,,,,,,,,,,,,,,,,,,,,,,,,,,,,,,,,,,,,,,,,,,,,,,,,,,,,,,,,,,,,,,,,,,,,,,,,,,,,,,,,,,,,,,3,식품의약품안전처,40g,100g,20160362700170,이도통상(주),해당없음,해당없음,N,,해당없음,2,수집,2024-11-22,2026-07-28 00:00:00
P109-401040100-0552,펩시스트롱,P,가공식품,1,가공식품,09,음료류,09401,탄산음료,0900004,탄산음료류,090000401,탄산음료,00,해당없음,100ml,45,,0.00,0.00,,11.25,11.25,,,,,,4,,,,,,,,,0.00,0.00,0.00,,,,,,,,,,,,,,,,,,,,,,,,,,,,,,,,,,,,,,,,,,,,,,,,,,,,,,,,,,,,,,,,,,,,,,,,,,,,,,,,,,,,,,,,,,,,,,,,,,,,,,,,,,,,,,,3,식품의약품안전처,200ml,400ml,19930242053368,롯데칠성음료(주),해당없음,해당없음,N,,해당없음,2,수집,2019-06-30,2026-07-28 00:00:00
P108-014000300-1222,페투치니,P,가공식품,1,가공식품,08,면류,08014,파스타,0800000,해당없음,080000003,건면,00,해당없음,100g,346,,13.50,1.50,,71.00,4.00,,,,,,4,,,,,,,,,0.00,0.30,0.00,,,,,,,,,,,,,,,,,,,,,,,,,,,,,,,,,,,,,,,,,,,,,,,,,,,,,,,,,,,,,,,,,,,,,,,,,,,,,,,,,,,,,,,,,,,,,,,,,,,,,,,,,,,,,,,3,식품의약품안전처,"생·숙면 200g, 건면 100g, 당면 30g, 유탕면(봉지)120g, 유탕면(용기)80g",,16IT2ZW00D3,RUSTICHELLA D`ABRUZZO S.P.A,주식회사 투데이앤투머로우,해당없음,Y,380,이탈리아,2,수집,2024-12-31,2026-07-28 00:00:00
P123-203020200-0845,페리카나)반반양념치킨김밥,P,가공식품,1,가공식품,23,즉석식품류,23203,주먹밥/김밥/초밥,2300002,즉석섭취·편의식품류,230000202,즉석섭취식품,00,해당없음,100g,187,,5.49,8.24,,22.75,6.67,,,,,,415,,,,,,,,,10.98,2.35,0.12,,,,,,,,,,,,,,,,,,,,,,,,,,,,,,,,,,,,,,,,,,,,,,,,,,,,,,,,,,,,,,,,,,,,,,,,,,,,,,,,,,,,,,,,,,,,,,,,,,,,,,,,,,,,,,,3,식품의약품안전처,210g,255g,200506070021546,(주)삼영데리카후레쉬,해당없음,해당없음,N,,해당없음,2,수집,2023-12-22,2026-07-28 00:00:00
P109-802080200-1909,펀치미 리얼 제주한라봉베이스,P,가공식품,1,가공식품,09,음료류,09802,농축음료/베이스,0900008,기타음료,090000802,음료베이스,00,해당없음,100g,308,,0.18,0.15,,76.42,66.24,,,,,,1,,,,,,,,,0.00,0.00,0.00,,,,,,,,,,,,,,,,,,,,,,,,,,,,,,,,,,,,,,,,,,,,,,,,,,,,,,,,,,,,,,,,,,,,,,,,,,,,,,,,,,,,,,,,,,,,,,,,,,,,,,,,,,,,,,,3,식품의약품안전처,150ml,2000g,199104430292672,(주)삼진푸드,해당없음,해당없음,N,,해당없음,2,수집,2025-05-20,2026-07-28 00:00:00
P123-207020300-1081,팽현숙 최양락의 맛있는 우렁추어탕,P,가공식품,1,가공식품,23,즉석식품류,23207,국/탕류,2300002,즉석섭취·편의식품류,230000203,즉석조리식품,00,해당없음,100g,37,,2.00,1.71,,3.14,0.29,,,,,,280,,,,,,,,,8.57,0.31,0.00,,,,,,,,,,,,,,,,,,,,,,,,,,,,,,,,,,,,,,,,,,,,,,,,,,,,,,,,,,,,,,,,,,,,,,,,,,,,,,,,,,,,,,,,,,,,,,,,,,,,,,,,,,,,,,,3,식품의약품안전처,250ml(g),350g,2005036205645	,성일식품,해당없음,㈜ 청담텀블러F&B,N,,해당없음,2,수집,2022-12-29,2026-07-28 00:00:00
P123-224020200-1856,팥크림샌드위치,P,가공식품,1,가공식품,23,즉석식품류,23224,샌드위치,2300002,즉석섭취·편의식품류,230000202,즉석섭취식품,00,해당없음,100g,291,,6.04,12.08,,39.60,18.79,,,,,,190,,,,,,,,,36.24,7.38,0.00,,,,,,,,,,,,,,,,,,,,,,,,,,,,,,,,,,,,,,,,,,,,,,,,,,,,,,,,,,,,,,,,,,,,,,,,,,,,,,,,,,,,,,,,,,,,,,,,,,,,,,,,,,,,,,,3,식품의약품안전처,150g,149g,200506070021734,(주)삼영데리카후레쉬,해당없음,해당없음,N,,해당없음,2,수집,2025-04-24,2026-07-28 00:00:00
P101-405000400-3867,팡도르,P,가공식품,1,가공식품,01,과자류·빵류 또는 떡류,01405,기타 빵,0100000,해당없음,010000004,빵류,00,해당없음,100g,434,,8.00,26.00,,42.00,18.00,,,,,,150,,,,,,,,,45.00,14.00,0.00,,,,,,,,,,,,,,,,,,,,,,,,,,,,,,,,,,,,,,,,,,,,,,,,,,,,,,,,,,,,,,,,,,,,,,,,,,,,,,,,,,,,,,,,,,,,,,,,,,,,,,,,,,,,,,,3,식품의약품안전처,70g,100g,2019038966585,주식회사팜어스에프엔비,해당없음,해당없음,N,,해당없음,2,수집,2024-12-10,2026-07-28 00:00:00
P116-704070400-0295,팔봉산 감자옹심이,P,가공식품,1,가공식품,16,농산가공식품류,16704,서류가공품,1600007,기타 농산가공품류,160000704,서류가공품,00,해당없음,100g,188,,1.72,0.43,,44.40,0.25,,,,,,3,,,,,,,,,0.00,0.06,0.00,,,,,,,,,,,,,,,,,,,,,,,,,,,,,,,,,,,,,,,,,,,,,,,,,,,,,,,,,,,,,,,,,,,,,,,,,,,,,,,,,,,,,,,,,,,,,,,,,,,,,,,,,,,,,,,3,식품의약품안전처,,100g,20070463028122,김정규자연건강영농조합법인,해당없음,해당없음,N,,해당없음,2,수집,2024-09-03,2026-07-28 00:00:00
P108-001000100-0148,팔도 생면,P,가공식품,1,가공식품,08,면류,08001,국수,0800000,해당없음,080000001,생면,00,해당없음,100g,100,,0.30,0.30,,23.98,1.01,,,,,,29,,,,,,,,,0.00,0.09,0.00,,,,,,,,,,,,,,,,,,,,,,,,,,,,,,,,,,,,,,,,,,,,,,,,,,,,,,,,,,,,,,,,,,,,,,,,,,,,,,,,,,,,,,,,,,,,,,,,,,,,,,,,,,,,,,,3,식품의약품안전처,"생·숙면 200g, 건면 100g, 당면 30g, 유탕면(봉지)120g, 유탕면(용기)80g",467g,2018014128122,(주)동주물산,해당없음,해당없음,N,,해당없음,2,수집,2024-01-12,2026-07-28 00:00:00
P123-226020200-0576,파프리카비트어린잎샐러드,P,가공식품,1,가공식품,23,즉석식품류,23226,샐러드,2300002,즉석섭취·편의식품류,230000202,즉석섭취식품,00,해당없음,100g,66,,0.92,1.65,,11.59,8.13,,,,,,51,,,,,,,,,5.44,0.33,0.00,,,,,,,,,,,,,,,,,,,,,,,,,,,,,,,,,,,,,,,,,,,,,,,,,,,,,,,,,,,,,,,,,,,,,,,,,,,,,,,,,,,,,,,,,,,,,,,,,,,,,,,,,,,,,,,3,식품의약품안전처,,160g,2010030829134,농업회사법인팜에이트(주),해당없음,해당없음,N,,해당없음,2,수집,2021-06-30,2026-07-28 00:00:00
P101-104000100-0761,파주쌀 라이스칩,P,가공식품,1,가공식품,01,과자류·빵류 또는 떡류,01104,스낵과자,0100000,해당없음,010000001,과자,00,해당없음,100g,347,,7.34,0.49,,85.79,0.31,,,,,,2,,,,,,,,,0.00,0.41,0.00,,,,,,,,,,,,,,,,,,,,,,,,,,,,,,,,,,,,,,,,,,,,,,,,,,,,,,,,,,,,,,,,,,,,,,,,,,,,,,,,,,,,,,,,,,,,,,,,,,,,,,,,,,,,,,,3,식품의약품안전처,30g,90g,2015030916946,미듬영농조합법인제2공장,해당없음,해당없음,N,,해당없음,2,수집,2024-10-18,2026-07-28 00:00:00
P101-207000200-0763,파인애플 사이다 비니거 브이핏,P,가공식품,1,가공식품,01,과자류·빵류 또는 떡류,01207,기타 사탕,0100000,해당없음,010000002,캔디류,00,해당없음,100g,356,,0.00,0.00,,88.90,48.34,,,,,,222,,,,,,,,,0.00,0.00,0.00,,,,,,,,,,,,,,,,,,,,,,,,,,,,,,,,,,,,,,,,,,,,,,,,,,,,,,,,,,,,,,,,,,,,,,,,,,,,,,,,,,,,,,,,,,,,,,,,,,,,,,,,,,,,,,,3,식품의약품안전처,10g,180g,2017041513436,(주)서흥,해당없음,해당없음,N,,해당없음,2,수집,2024-04-15,2026-07-28 00:00:00
P109-802080200-3243,파워알부민밀크씨슬91,P,가공식품,1,가공식품,09,음료류,09802,농축음료/베이스,0900008,기타음료,090000802,음료베이스,00,해당없음,100g,359,,48.88,0.90,,38.76,13.43,,,,,,813,,,,,,,,,0.00,0.87,0.00,,,,,,,,,,,,,,,,,,,,,,,,,,,,,,,,,,,,,,,,,,,,,,,,,,,,,,,,,,,,,,,,,,,,,,,,,,,,,,,,,,,,,,,,,,,,,,,,,,,,,,,,,,,,,,,3,식품의약품안전처,150ml,100g,20210396369208,주식회사 해나눔,해당없음,해당없음,N,,해당없음,2,수집,2026-01-30,2026-07-28 00:00:00
P104-701070000-2308,파스타 바니그리아 원,P,가공식품,1,가공식품,04,당류,04701,당류가공품,0400007,당류가공품,040000700,해당없음,00,해당없음,100g,268,,0.00,0.00,,67.00,67.00,,,,,,0,,,,,,,,,0.00,0.00,0.00,,,,,,,,,,,,,,,,,,,,,,,,,,,,,,,,,,,,,,,,,,,,,,,,,,,,,,,,,,,,,,,,,,,,,,,,,,,,,,,,,,,,,,,,,,,,,,,,,,,,,,,,,,,,,,,3,식품의약품안전처,,1000g,26IT0RD00D3,BABBI SRL,(주)캐니스,해당없음,Y,380,이탈리아,2,수집,2026-04-10,2026-07-28 00:00:00
P117-501050100-6055,파르팜 바삭한 향라 치킨윙,P,가공식품,1,가공식품,17,식육가공품 및 포장육,17501,양념육,1700005,양념육류(축산물가공품),170000501,양념육,00,해당없음,100g,298,,12.82,16.84,,23.81,1.44,,,,,,581,,,,,,,,,57.78,3.76,0.00,,,,,,,,,,,,,,,,,,,,,,,,,,,,,,,,,,,,,,,,,,,,,,,,,,,,,,,,,,,,,,,,,,,,,,,,,,,,,,,,,,,,,,,,,,,,,,,,,,,,,,,,,,,,,,,3,식품의약품안전처,100g,1000g,20140448018245,(주)상신종합식품 제2공장,해당없음,해당없음,N,,해당없음,2,수집,2026-02-24,2026-07-28 00:00:00
P109-801080100-3511,파라다이스 모히또,P,가공식품,1,가공식품,09,음료류,09801,액상음료,0900008,기타음료,090000801,혼합음료,00,해당없음,100ml,18,,0.00,0.00,,5.46,1.27,,,,,,27,,,,,,,,,0.00,0.00,0.00,,,,,,,,,,,,,,,,,,,,,,,,,,,,,,,,,,,,,,,,,,,,,,,,,,,,,,,,,,,,,,,,,,,,,,,,,,,,,,,,,,,,,,,,,,,,,,,,,,,,,,,,,,,,,,,3,식품의약품안전처,200ml,55ml,2024024862011,주식회사숙희,해당없음,해당없음,N,,해당없음,2,수집,2025-01-16,2026-07-28 00:00:00
P105-001000100-1517,팁트리 오렌지 마멀레이드,P,가공식품,1,가공식품,05,잼류,05001,잼,0500000,해당없음,050000001,잼,00,해당없음,100g,268,,0.00,0.00,,67.00,66.00,,,,,,0,,,,,,,,,0.00,0.00,0.00,,,,,,,,,,,,,,,,,,,,,,,,,,,,,,,,,,,,,,,,,,,,,,,,,,,,,,,,,,,,,,,,,,,,,,,,,,,,,,,,,,,,,,,,,,,,,,,,,,,,,,,,,,,,,,,3,식품의약품안전처,20g,,21GB0KD00D3,WILKIN & SONS LTD,(주)신세계푸드,해당없음,Y,826,영국,2,수집,2024-12-31,2026-07-28 00:00:00
P109-401040100-0538,티스파클링리프레쉬,P,가공식품,1,가공식품,09,음료류,09401,탄산음료,0900004,탄산음료류,090000401,탄산음료,00,해당없음,100ml,31,,0.00,0.00,,7.71,0.00,,,,,,3,,,,,,,,,0.00,0.00,0.00,,,,,,,,,,,,,,,,,,,,,,,,,,,,,,,,,,,,,,,,,,,,,,,,,,,,,,,,,,,,,,,,,,,,,,,,,,,,,,,,,,,,,,,,,,,,,,,,,,,,,,,,,,,,,,,3,식품의약품안전처,200ml,350ml,20030473071186,(주)남양에프앤비,해당없음,해당없음,N,,해당없음,2,수집,2019-06-30,2026-07-28 00:00:00
P117-501050100-3813,티나만족미니족발,P,가공식품,1,가공식품,17,식육가공품 및 포장육,17501,양념육,1700005,양념육류(축산물가공품),170000501,양념육,00,해당없음,100g,203,,21.62,12.80,,0.54,0.25,,,,,,167,,,,,,,,,87.06,3.40,0.06,,,,,,,,,,,,,,,,,,,,,,,,,,,,,,,,,,,,,,,,,,,,,,,,,,,,,,,,,,,,,,,,,,,,,,,,,,,,,,,,,,,,,,,,,,,,,,,,,,,,,,,,,,,,,,,3,식품의약품안전처,100g,2000g,2025091947318,옴니푸드,해당없음,해당없음,N,,해당없음,2,수집,2025-07-11,2026-07-28 00:00:00
P101-205000200-4066,트위젤 슈퍼 사워밤,P,가공식품,1,가공식품,01,과자류·빵류 또는 떡류,01205,젤리,0100000,해당없음,010000002,캔디류,00,해당없음,100g,50,,0.00,0.40,,11.60,9.80,,,,,,1,,,,,,,,,0.00,0.00,0.00,,,,,,,,,,,,,,,,,,,,,,,,,,,,,,,,,,,,,,,,,,,,,,,,,,,,,,,,,,,,,,,,,,,,,,,,,,,,,,,,,,,,,,,,,,,,,,,,,,,,,,,,,,,,,,,3,식품의약품안전처,10g,12g,25CN1SW00D3,"KING JOY(XIAMEN) BIO-TECH CO,.LTD",피치코리아,해당없음,Y,156,중국,2,수집,2025-04-17,2026-07-28 00:00:00
P103-101020500-0995,트뤼플아몬드앤코코아파우더,P,가공식품,1,가공식품,03,코코아가공품류 또는 초콜릿류,03101,초콜릿,0300002,초콜릿류,030000205,초콜릿가공품,00,해당없음,100g,491,,7.10,31.20,,45.50,41.20,,,,,,20,,,,,,,,,0.00,10.30,0.00,,,,,,,,,,,,,,,,,,,,,,,,,,,,,,,,,,,,,,,,,,,,,,,,,,,,,,,,,,,,,,,,,,,,,,,,,,,,,,,,,,,,,,,,,,,,,,,,,,,,,,,,,,,,,,,3,식품의약품안전처,15g,1000g,2020_DNSP_05169,해당없음,CONFETTI PELINO S.R.L.,해당없음,Y,380,이탈리아,2,수집,2020-06-30,2026-07-28 00:00:00
P109-401040100-0531,트로피카나스파클링복숭아,P,가공식품,1,가공식품,09,음료류,09401,탄산음료,0900004,탄산음료류,090000401,탄산음료,00,해당없음,100ml,56,,0.00,0.00,,14.08,14.08,,,,,,8,,,,,,,,,0.00,0.00,0.00,,,,,,,,,,,,,,,,,,,,,,,,,,,,,,,,,,,,,,,,,,,,,,,,,,,,,,,,,,,,,,,,,,,,,,,,,,,,,,,,,,,,,,,,,,,,,,,,,,,,,,,,,,,,,,,3,식품의약품안전처,200ml,355ml,19930242053296,롯데칠성음료(주),해당없음,해당없음,N,,해당없음,2,수집,2021-06-30,2026-07-28 00:00:00
P103-101020100-1623,트러플 아티저널 그랑 크뤼 브라질 (10109784),P,가공식품,1,가공식품,03,코코아가공품류 또는 초콜릿류,03101,초콜릿,0300002,초콜릿류,030000201,초콜릿,00,해당없음,100g,539,,6.19,39.94,,36.95,24.03,,,,,,14,,,,,,,,,24.03,24.99,0.50,,,,,,,,,,,,,,,,,,,,,,,,,,,,,,,,,,,,,,,,,,,,,,,,,,,,,,,,,,,,,,,,,,,,,,,,,,,,,,,,,,,,,,,,,,,,,,,,,,,,,,,,,,,,,,,3,식품의약품안전처,15g,936g,26CH02Q00D6,LADERACH (SCHWEIZ) AG,레더라코리아 유한회사,해당없음,Y,756,스위스,2,수집,2026-03-31,2026-07-28 00:00:00
P116-702070100-1030,튀긴마늘후레이크,P,가공식품,1,가공식품,16,농산가공식품류,16702,채소가공품,1600007,기타 농산가공품류,160000701,과·채가공품,00,해당없음,100g,97,,4.00,4.50,,10.00,0.00,,,,,,5,,,,,,,,,0.00,0.00,0.00,,,,,,,,,,,,,,,,,,,,,,,,,,,,,,,,,,,,,,,,,,,,,,,,,,,,,,,,,,,,,,,,,,,,,,,,,,,,,,,,,,,,,,,,,,,,,,,,,,,,,,,,,,,,,,,3,식품의약품안전처,30g,,23CN1CR00D8,"LINYI YUANYUAN FOOD CO., LTD",삼도식품(주),해당없음,Y,156,중국,2,수집,2024-12-31,2026-07-28 00:00:00
P120-600060000-2502,통한마리장어튀김,P,가공식품,1,가공식품,20,수산가공식품류,20600,기타 수산가공품,2000006,기타 수산물가공품,200000600,해당없음,00,해당없음,100g,327,,11.70,18.60,,28.30,0.00,,,,,,414,,,,,,,,,110.50,1.20,0.10,,,,,,,,,,,,,,,,,,,,,,,,,,,,,,,,,,,,,,,,,,,,,,,,,,,,,,,,,,,,,,,,,,,,,,,,,,,,,,,,,,,,,,,,,,,,,,,,,,,,,,,,,,,,,,,3,식품의약품안전처,,1000g,2019047512873,으뜸농수산식품 유한회사,해당없음,해당없음,N,,해당없음,2,수집,2025-12-30,2026-07-28 00:00:00
P120-104010400-1560,통치즈말이,P,가공식품,1,가공식품,20,수산가공식품류,20104,어묵,2000001,어육가공품류,200000104,어묵,00,해당없음,100g,149,,11.40,6.00,,12.40,2.90,,,,,,695,,,,,,,,,17.70,3.20,0.10,,,,,,,,,,,,,,,,,,,,,,,,,,,,,,,,,,,,,,,,,,,,,,,,,,,,,,,,,,,,,,,,,,,,,,,,,,,,,,,,,,,,,,,,,,,,,,,,,,,,,,,,,,,,,,,3,식품의약품안전처,30g,2000g,20140128255645,주식회사어메이징팩토리,해당없음,해당없음,N,,해당없음,2,수집,2025-07-21,2026-07-28 00:00:00
P123-302030100-2727,통새우 덤플링,P,가공식품,1,가공식품,23,즉석식품류,23302,만두,2300003,만두류,230000301,만두,00,해당없음,100g,169,,10.00,6.50,,18.00,1.00,,,,,,277,,,,,,,,,57.00,1.00,0.00,,,,,,,,,,,,,,,,,,,,,,,,,,,,,,,,,,,,,,,,,,,,,,,,,,,,,,,,,,,,,,,,,,,,,,,,,,,,,,,,,,,,,,,,,,,,,,,,,,,,,,,,,,,,,,,3,식품의약품안전처,150g,,22VNFKZ00D2,GO CONG BRANCH-INNOVI FOODS COMPANY LIMITED,(주)대진엠에스,해당없음,Y,704,베트남,2,수집,2024-12-31,2026-07-28 00:00:00
P101-104000100-1181,통밀베이글칩 스윗어니언맛,P,가공식품,1,가공식품,01,과자류·빵류 또는 떡류,01104,스낵과자,0100000,해당없음,010000001,과자,00,해당없음,100g,483,,14.49,20.46,,60.26,20.04,,,,,,734,,,,,,,,,2.23,8.30,0.04,,,,,,,,,,,,,,,,,,,,,,,,,,,,,,,,,,,,,,,,,,,,,,,,,,,,,,,,,,,,,,,,,,,,,,,,,,,,,,,,,,,,,,,,,,,,,,,,,,,,,,,,,,,,,,,3,식품의약품안전처,30g,40g,20090199897881,(주)새롬식품,해당없음,해당없음,N,,해당없음,2,수집,2025-07-16,2026-07-28 00:00:00
P123-217020300-0493,통모짜 로제떡볶이 with 파스타,P,가공식품,1,가공식품,23,즉석식품류,23217,떡볶이,2300002,즉석섭취·편의식품류,230000203,즉석조리식품,00,해당없음,100g,183,,4.38,5.00,,30.00,4.69,,,,,,453,,,,,,,,,12.50,3.75,0.16,,,,,,,,,,,,,,,,,,,,,,,,,,,,,,,,,,,,,,,,,,,,,,,,,,,,,,,,,,,,,,,,,,,,,,,,,,,,,,,,,,,,,,,,,,,,,,,,,,,,,,,,,,,,,,,3,식품의약품안전처,,320g,20090311271841,(주)아워홈,해당없음,해당없음,N,,해당없음,2,수집,2024-04-26,2026-07-28 00:00:00
P101-106000100-6664,통가든 리얼 포테이토 스틱 솔티드,P,가공식품,1,가공식품,01,과자류·빵류 또는 떡류,01106,일반과자,0100000,해당없음,010000001,과자,00,해당없음,100g,580,,5.00,40.00,,50.00,0.00,,,,,,125,,,,,,,,,0.00,15.00,0.00,,,,,,,,,,,,,,,,,,,,,,,,,,,,,,,,,,,,,,,,,,,,,,,,,,,,,,,,,,,,,,,,,,,,,,,,,,,,,,,,,,,,,,,,,,,,,,,,,,,,,,,,,,,,,,,3,식품의약품안전처,30g,100g,21TH0F700D5,"TONG GARDEN CO.,LTD",빌그린(VilGreen),해당없음,Y,764,태국,2,수집,2025-09-15,2026-07-28 00:00:00
P101-203000200-3249,토픽스사우어,P,가공식품,1,가공식품,01,과자류·빵류 또는 떡류,01203,사탕,0100000,해당없음,010000002,캔디류,00,해당없음,100g,398,,1.00,6.00,,85.00,70.00,,,,,,520,,,,,,,,,0.00,4.70,0.00,,,,,,,,,,,,,,,,,,,,,,,,,,,,,,,,,,,,,,,,,,,,,,,,,,,,,,,,,,,,,,,,,,,,,,,,,,,,,,,,,,,,,,,,,,,,,,,,,,,,,,,,,,,,,,,3,식품의약품안전처,10g,1000g,25TR0AQ00D5,ELVAN GIDA SANAYI VE TICARET A.S,(주)투데이,해당없음,Y,792,튀르키예,2,수집,2025-06-27,2026-07-28 00:00:00
P101-501000500-5409,토박이 참 모듬감자떡,P,가공식품,1,가공식품,01,과자류·빵류 또는 떡류,01501,떡,0100000,해당없음,010000005,떡류,00,해당없음,100g,170,,1.00,0.80,,40.00,5.00,,,,,,150,,,,,,,,,0.00,0.10,0.00,,,,,,,,,,,,,,,,,,,,,,,,,,,,,,,,,,,,,,,,,,,,,,,,,,,,,,,,,,,,,,,,,,,,,,,,,,,,,,,,,,,,,,,,,,,,,,,,,,,,,,,,,,,,,,,3,식품의약품안전처,100g,1400g,2016038375493,혜성식품,해당없음,해당없음,N,,해당없음,2,수집,2026-04-21,2026-07-28 00:00:00
P116-702070100-1273,토마토 폴파,P,가공식품,1,가공식품,16,농산가공식품류,16702,채소가공품,1600007,기타 농산가공품류,160000701,과·채가공품,00,해당없음,100g,24,,1.40,0.50,,3.40,3.30,,,,,,40,,,,,,,,,0.00,0.01,0.00,,,,,,,,,,,,,,,,,,,,,,,,,,,,,,,,,,,,,,,,,,,,,,,,,,,,,,,,,,,,,,,,,,,,,,,,,,,,,,,,,,,,,,,,,,,,,,,,,,,,,,,,,,,,,,,3,식품의약품안전처,30g,10000g,24IT1GY00D5,SICA SRL,(주)스패드코리아,해당없음,Y,380,이탈리아,2,수집,2024-07-31,2026-07-28 00:00:00
P103-101020100-1427,토니스 다크초콜릿아몬드씨솔트(638725207),P,가공식품,1,가공식품,03,코코아가공품류 또는 초콜릿류,03101,초콜릿,0300002,초콜릿류,030000201,초콜릿,00,해당없음,100g,519,,6.81,34.89,,44.04,41.49,,,,,,204,,,,,,,,,0.85,18.09,0.00,,,,,,,,,,,,,,,,,,,,,,,,,,,,,,,,,,,,,,,,,,,,,,,,,,,,,,,,,,,,,,,,,,,,,,,,,,,,,,,,,,,,,,,,,,,,,,,,,,,,,,,,,,,,,,,3,식품의약품안전처,15g,47g,23BE03V00D6,DE LAET INTERNATIONAL,주식회사 일신국제무역,해당없음,Y,056,벨기에,2,수집,2025-11-12,2026-07-28 00:00:00
P123-201020300-2711,테이스티비빔밥세트,P,가공식품,1,가공식품,23,즉석식품류,23201,밥류,2300002,즉석섭취·편의식품류,230000203,즉석조리식품,00,해당없음,100g,77,,5.71,2.00,,8.86,4.57,,,,,,460,,,,,,,,,15.71,0.54,0.00,,,,,,,,,,,,,,,,,,,,,,,,,,,,,,,,,,,,,,,,,,,,,,,,,,,,,,,,,,,,,,,,,,,,,,,,,,,,,,,,,,,,,,,,,,,,,,,,,,,,,,,,,,,,,,,3,식품의약품안전처,210g,350g,2017026432970,(주)테이스티나인,해당없음,해당없음,N,,해당없음,2,수집,2021-06-30,2026-07-28 00:00:00
P123-206020300-0651,터키쉬 레드 렌틸 스프 위드 민트,P,가공식품,1,가공식품,23,즉석식품류,23206,스프,2300002,즉석섭취·편의식품류,230000203,즉석조리식품,00,해당없음,100g,20,,0.75,0.00,,4.00,0.75,,,,,,320,,,,,,,,,0.00,0.00,0.00,,,,,,,,,,,,,,,,,,,,,,,,,,,,,,,,,,,,,,,,,,,,,,,,,,,,,,,,,,,,,,,,,,,,,,,,,,,,,,,,,,,,,,,,,,,,,,,,,,,,,,,,,,,,,,,3,식품의약품안전처,150ml(g),80g,25TR0LY00D7,AJINOMOTO ISTANBUL GIDA SANAYI VE TICARET LIMITED SIRKETI,코리아티브 (COREATIVE),해당없음,Y,792,튀르키예,2,수집,2025-12-22,2026-07-28 00:00:00
P113-501050200-0276,태양빛깔,P,가공식품,1,가공식품,13,조미식품,13501,향신료,1300005,향신료가공품,130000502,향신료조제품,00,해당없음,100g,328,,1.49,5.89,,67.20,6.03,,,,,,581,,,,,,,,,0.00,1.07,0.00,,,,,,,,,,,,,,,,,,,,,,,,,,,,,,,,,,,,,,,,,,,,,,,,,,,,,,,,,,,,,,,,,,,,,,,,,,,,,,,,,,,,,,,,,,,,,,,,,,,,,,,,,,,,,,,3,식품의약품안전처,,1650g,2017037223130,주식회사 한솔식품,해당없음,해당없음,N,,해당없음,2,수집,2026-01-06,2026-07-28 00:00:00
P117-800050200-0486,탕수육,P,가공식품,1,가공식품,17,식육가공품 및 포장육,17800,기타 식육가공품,1700005,양념육류(축산물가공품),170000502,분쇄가공육제품,00,해당없음,100g,220,,11.00,11.00,,19.00,2.00,,,,,,180,,,,,,,,,19.20,4.70,0.00,,,,,,,,,,,,,,,,,,,,,,,,,,,,,,,,,,,,,,,,,,,,,,,,,,,,,,,,,,,,,,,,,,,,,,,,,,,,,,,,,,,,,,,,,,,,,,,,,,,,,,,,,,,,,,,3,식품의약품안전처,,1000g,1992026200193,(주)대창식품,해당없음,해당없음,N,,해당없음,2,수집,2023-12-22,2026-07-28 00:00:00
P120-600060000-1903,탈각새우,P,가공식품,1,가공식품,20,수산가공식품류,20600,기타 수산가공품,2000006,기타 수산물가공품,200000600,해당없음,00,해당없음,100g,60,,15.00,0.00,,1.00,0.00,,,,,,460,,,,,,,,,106.00,0.00,0.00,,,,,,,,,,,,,,,,,,,,,,,,,,,,,,,,,,,,,,,,,,,,,,,,,,,,,,,,,,,,,,,,,,,,,,,,,,,,,,,,,,,,,,,,,,,,,,,,,,,,,,,,,,,,,,,3,식품의약품안전처,,10800g,23VN0PV00D6,THAI HOA FOODS JOINT STOCK COMPANY (THAI HOA FOODS),(주)우원홀딩스,해당없음,Y,704,베트남,2,수집,2023-11-08,2026-07-28 00:00:00
P101-106000100-1825,타코야끼볼,P,가공식품,1,가공식품,01,과자류·빵류 또는 떡류,01106,일반과자,0100000,해당없음,010000001,과자,00,해당없음,100g,464,,5.71,32.86,,35.71,15.71,,,,,,471,,,,,,,,,0.00,0.00,0.00,,,,,,,,,,,,,,,,,,,,,,,,,,,,,,,,,,,,,,,,,,,,,,,,,,,,,,,,,,,,,,,,,,,,,,,,,,,,,,,,,,,,,,,,,,,,,,,,,,,,,,,,,,,,,,,3,식품의약품안전처,30g,70g,1995038332697,해태가루비(주),해당없음,해당없음,N,,해당없음,2,수집,2019-06-30,2026-07-28 00:00:00
P103-101020300-0371,타블렛 라즈베리 LE (10110445),P,가공식품,1,가공식품,03,코코아가공품류 또는 초콜릿류,03101,초콜릿,0300002,초콜릿류,030000203,화이트초콜릿,00,해당없음,100g,581,,5.94,39.06,,51.56,48.44,,,,,,72,,,,,,,,,15.63,25.00,0.63,,,,,,,,,,,,,,,,,,,,,,,,,,,,,,,,,,,,,,,,,,,,,,,,,,,,,,,,,,,,,,,,,,,,,,,,,,,,,,,,,,,,,,,,,,,,,,,,,,,,,,,,,,,,,,,3,식품의약품안전처,15g,64g,26CH03M00D4,LADERACH (SCHWEIZ) AG,레더라코리아 유한회사,해당없음,Y,756,스위스,2,수집,2026-04-21,2026-07-28 00:00:00
P104-701070000-1486,타노시이 와플야상,P,가공식품,1,가공식품,04,당류,04701,당류가공품,0400007,당류가공품,040000700,해당없음,00,해당없음,100g,145,,0.20,1.50,,32.00,21.00,,,,,,45,,,,,,,,,0.00,1.00,0.00,,,,,,,,,,,,,,,,,,,,,,,,,,,,,,,,,,,,,,,,,,,,,,,,,,,,,,,,,,,,,,,,,,,,,,,,,,,,,,,,,,,,,,,,,,,,,,,,,,,,,,,,,,,,,,,3,식품의약품안전처,,35g,23JPPRT00D6,KRACIE LTD. FUKUCHIYAMA FACTORY,(주)삼경에프에스,해당없음,Y,392,일본,2,수집,2023-11-16,2026-07-28 00:00:00
P103-101020400-1200,킨더 초콜릿 맥시 756g,P,가공식품,1,가공식품,03,코코아가공품류 또는 초콜릿류,03101,초콜릿,0300002,초콜릿류,030000204,준초콜릿,00,해당없음,100g,569,,8.57,35.24,,54.29,53.33,3.3,300,0.00,,400,123,,,,,,,,0.00,35.24,22.38,0.48,,,,,,,,,,,,,,,,,,,,,,,,,,,,,,,,,,,,,,,,,,,,,,,,,,,,,,,,,,,,,,,,,,,,,,,,,,,,,,,,,,,,,,,,,,,,,,,,,,,,,,,,,,,,,,,3,식품의약품안전처,15g,126g,2024_RD_10976,FERRERO OHGMBH,페레로 아시아 리미티드 한국지점,해당없음,Y,276,독일,2,수집,2024-12-31,2026-07-28 00:00:00
P113-205020400-0320,키위드레싱소스,P,가공식품,1,가공식품,13,조미식품,13205,드레싱,1300002,소스류,130000204,소스,00,해당없음,100g,139,,0.23,5.70,,21.73,17.21,,,,,,427,,,,,,,,,5.71,1.71,0.03,,,,,,,,,,,,,,,,,,,,,,,,,,,,,,,,,,,,,,,,,,,,,,,,,,,,,,,,,,,,,,,,,,,,,,,,,,,,,,,,,,,,,,,,,,,,,,,,,,,,,,,,,,,,,,,3,식품의약품안전처,15g,2000g,20150445222268,(주)신세계푸드음성공장,해당없음,해당없음,N,,해당없음,2,수집,2025-08-12,2026-07-28 00:00:00
P109-401040100-2175,클룹 제로소다 레몬,P,가공식품,1,가공식품,09,음료류,09401,탄산음료,0900004,탄산음료류,090000401,탄산음료,00,해당없음,100ml,7,,0.01,0.02,,1.64,0.00,,,,,,5,,,,,,,,,0.00,0.00,0.00,,,,,,,,,,,,,,,,,,,,,,,,,,,,,,,,,,,,,,,,,,,,,,,,,,,,,,,,,,,,,,,,,,,,,,,,,,,,,,,,,,,,,,,,,,,,,,,,,,,,,,,,,,,,,,,3,식품의약품안전처,200ml,500ml,19890528010184,보해양조(주) 장성공장,해당없음,해당없음,N,,해당없음,2,수집,2025-11-06,2026-07-28 00:00:00
P101-405000400-7643,클래식 화이트 피타,P,가공식품,1,가공식품,01,과자류·빵류 또는 떡류,01405,기타 빵,0100000,해당없음,010000004,빵류,00,해당없음,100g,233,,9.00,1.00,,47.00,5.00,,,,,,300,,,,,,,,,0.00,0.00,0.00,,,,,,,,,,,,,,,,,,,,,,,,,,,,,,,,,,,,,,,,,,,,,,,,,,,,,,,,,,,,,,,,,,,,,,,,,,,,,,,,,,,,,,,,,,,,,,,,,,,,,,,,,,,,,,,3,식품의약품안전처,70g,,18US06900D3,ANGEL’S BAKERY USA LLC,(주)에이치디오에스코리아,해당없음,Y,840,미국,2,수집,2024-12-31,2026-07-28 00:00:00
P116-704070400-1297,크링클컷 프라이,P,가공식품,1,가공식품,16,농산가공식품류,16704,서류가공품,1600007,기타 농산가공품류,160000704,서류가공품,00,해당없음,100g,140,,3.00,5.00,,21.00,0.00,,,,,,65,,,,,,,,,0.00,2.50,0.00,,,,,,,,,,,,,,,,,,,,,,,,,,,,,,,,,,,,,,,,,,,,,,,,,,,,,,,,,,,,,,,,,,,,,,,,,,,,,,,,,,,,,,,,,,,,,,,,,,,,,,,,,,,,,,,3,식품의약품안전처,,300g,2021049424055,주식회사 스마일푸드,해당없음,해당없음,N,,해당없음,2,수집,2026-05-29,2026-07-28 00:00:00
P123-217020300-0846,크림치즈 로제 밀 떡볶이,P,가공식품,1,가공식품,23,즉석식품류,23217,떡볶이,2300002,즉석섭취·편의식품류,230000203,즉석조리식품,00,해당없음,100g,197,,3.00,2.60,,40.00,11.00,,,,,,402,,,,,,,,,4.00,1.20,0.00,,,,,,,,,,,,,,,,,,,,,,,,,,,,,,,,,,,,,,,,,,,,,,,,,,,,,,,,,,,,,,,,,,,,,,,,,,,,,,,,,,,,,,,,,,,,,,,,,,,,,,,,,,,,,,,3,식품의약품안전처,,195g,20060208332445,(주)밥상푸드,해당없음,해당없음,N,,해당없음,2,수집,2025-07-08,2026-07-28 00:00:00
P101-420000400-0107,크림 단팥빵,P,가공식품,1,가공식품,01,과자류·빵류 또는 떡류,01420,단팥빵,0100000,해당없음,010000004,빵류,00,해당없음,100g,290,,5.83,10.00,,44.17,16.67,,,,,,171,,,,,,,,,37.50,4.17,0.00,,,,,,,,,,,,,,,,,,,,,,,,,,,,,,,,,,,,,,,,,,,,,,,,,,,,,,,,,,,,,,,,,,,,,,,,,,,,,,,,,,,,,,,,,,,,,,,,,,,,,,,,,,,,,,,3,식품의약품안전처,70g,360g,201503472991022,(주)유로베이크,해당없음,해당없음,N,,해당없음,2,수집,2024-11-27,2026-07-28 00:00:00
P120-600060000-2317,크리스피 리얼 새우 (200G),P,가공식품,1,가공식품,20,수산가공식품류,20600,기타 수산가공품,2000006,기타 수산물가공품,200000600,해당없음,00,해당없음,100g,526,,22.00,37.50,,25.00,7.00,,,,,,1155,,,,,,,,,337.50,16.50,0.00,,,,,,,,,,,,,,,,,,,,,,,,,,,,,,,,,,,,,,,,,,,,,,,,,,,,,,,,,,,,,,,,,,,,,,,,,,,,,,,,,,,,,,,,,,,,,,,,,,,,,,,,,,,,,,,3,식품의약품안전처,,200g,24TH14000D9,"LPPN CO.,LTD.",(주)이마트,해당없음,Y,764,태국,2,수집,2025-10-21,2026-07-28 00:00:00
P116-301030100-0336,크리미 땅콩버터,P,가공식품,1,가공식품,16,농산가공식품류,16301,땅콩버터,1600003,땅콩 또는 견과류가공품류,160000301,땅콩버터,00,해당없음,100g,633,,29.40,54.70,,5.83,4.43,,,,,,24,,,,,,,,,0.00,12.30,0.00,,,,,,,,,,,,,,,,,,,,,,,,,,,,,,,,,,,,,,,,,,,,,,,,,,,,,,,,,,,,,,,,,,,,,,,,,,,,,,,,,,,,,,,,,,,,,,,,,,,,,,,,,,,,,,,3,식품의약품안전처,5g,,26VN0QH00D0,"GOLDEN FARM CO.,LTD",에프엠에스인터내셔널주식회사,해당없음,Y,704,베트남,2,수집,2026-05-04,2026-07-28 00:00:00
P101-410000400-0648,크로와상,P,가공식품,1,가공식품,01,과자류·빵류 또는 떡류,01410,페이스트리,0100000,해당없음,010000004,빵류,00,해당없음,100g,302,,6.10,15.63,,34.10,8.38,,,,,,553,,,,,,,,,50.00,8.68,0.00,,,,,,,,,,,,,,,,,,,,,,,,,,,,,,,,,,,,,,,,,,,,,,,,,,,,,,,,,,,,,,,,,,,,,,,,,,,,,,,,,,,,,,,,,,,,,,,,,,,,,,,,,,,,,,,3,식품의약품안전처,70g,90g,20190389665109,주식회사팜어스에프엔비,해당없음,해당없음,N,,해당없음,2,수집,2024-12-30,2026-07-28 00:00:00
P101-103000100-3529,크레마리헤이즐넛크림비스킷,P,가공식품,1,가공식품,01,과자류·빵류 또는 떡류,01103,비스킷/쿠키/크래커,0100000,해당없음,010000001,과자,00,해당없음,100g,287,,4.00,11.00,,43.00,17.00,,,,,,200,,,,,,,,,0.00,5.00,0.00,,,,,,,,,,,,,,,,,,,,,,,,,,,,,,,,,,,,,,,,,,,,,,,,,,,,,,,,,,,,,,,,,,,,,,,,,,,,,,,,,,,,,,,,,,,,,,,,,,,,,,,,,,,,,,,3,식품의약품안전처,30g,61g,23TRY4A00D6,KONYA SEKER SANAYI VE TICARET A.S,(주)투데이,해당없음,Y,792,튀르키예,2,수집,2023-10-13,2026-07-28 00:00:00
P116-705070200-0732,크랩 누룽지 오리지널,P,가공식품,1,가공식품,16,농산가공식품류,16705,기타 농산가공품,1600007,기타 농산가공품류,160000702,곡류가공품,00,해당없음,100g,390,,9.30,1.50,,84.80,1.30,,,,,,414,,,,,,,,,2.70,0.40,0.00,,,,,,,,,,,,,,,,,,,,,,,,,,,,,,,,,,,,,,,,,,,,,,,,,,,,,,,,,,,,,,,,,,,,,,,,,,,,,,,,,,,,,,,,,,,,,,,,,,,,,,,,,,,,,,,3,식품의약품안전처,,100g,2002036459378,참좋은식품 주식회사,해당없음,해당없음,N,,해당없음,2,수집,2024-04-15,2026-07-28 00:00:00
P103-101020100-1313,크래프트 초콜릿 장미즙 & 소두구,P,가공식품,1,가공식품,03,코코아가공품류 또는 초콜릿류,03101,초콜릿,0300002,초콜릿류,030000201,초콜릿,00,해당없음,100g,304,,4.30,20.00,,26.60,18.90,,,,,,0,,,,,,,,,0.00,12.60,0.00,,,,,,,,,,,,,,,,,,,,,,,,,,,,,,,,,,,,,,,,,,,,,,,,,,,,,,,,,,,,,,,,,,,,,,,,,,,,,,,,,,,,,,,,,,,,,,,,,,,,,,,,,,,,,,,3,식품의약품안전처,15g,70g,23BG00400D8,SOLEO BULGARIA LIMITED LIABILITY COMPANY,노몰로스 주식회사,해당없음,Y,100,불가리아,2,수집,2023-12-20,2026-07-28 00:00:00
P107-304030400-0009,큐원 케이스유-엠(M),P,가공식품,1,가공식품,07,식용유지류,07304,쇼트닝,0700003,식용유지가공품,070000304,쇼트닝,00,해당없음,100g,900,,0.00,100.00,,0.00,0.00,,,,,,0,,,,,,,,,0.00,27.00,0.00,,,,,,,,,,,,,,,,,,,,,,,,,,,,,,,,,,,,,,,,,,,,,,,,,,,,,,,,,,,,,,,,,,,,,,,,,,,,,,,,,,,,,,,,,,,,,,,,,,,,,,,,,,,,,,,3,식품의약품안전처,5g(ml),15000g,19870190023559,삼양사,해당없음,해당없음,N,,해당없음,2,수집,2025-06-10,2026-07-28 00:00:00
P120-100060000-0040,퀴진 크리스피 생선커틀렛,P,가공식품,1,가공식품,20,수산가공식품류,20100,어육가공품,2000006,기타 수산물가공품,200000600,해당없음,00,해당없음,100g,235,,8.00,13.00,,22.00,2.00,,,,,,290,,,,,,,,,30.00,2.60,0.00,,,,,,,,,,,,,,,,,,,,,,,,,,,,,,,,,,,,,,,,,,,,,,,,,,,,,,,,,,,,,,,,,,,,,,,,,,,,,,,,,,,,,,,,,,,,,,,,,,,,,,,,,,,,,,,3,식품의약품안전처,30g,400g,20000149041489,㈜그린푸드,해당없음,㈜동원F&B,N,,해당없음,2,수집,2022-12-29,2026-07-28 00:00:00
P109-401040100-2167,쿨링업,P,가공식품,1,가공식품,09,음료류,09401,탄산음료,0900004,탄산음료류,090000401,탄산음료,00,해당없음,100ml,8,,1.01,0.28,,1.97,0.00,,,,,,0,,,,0.051,,,,,0.00,0.00,0.00,,,,0.065,,,,0.211,,,,,,,,,,,,,,,,,,,,1.490,,,,,,,,,,,,,,,,,,,,,,,,,,,,,,,,,,,,,,,,,,,,,,,,,,,,,,,,,,,,,,,,,,,,,,,,,,,,,,,,,,,3,식품의약품안전처,200ml,355ml,201005430661651,오케이에프음료 주식회사,해당없음,해당없음,N,,해당없음,2,수집,2025-12-12,2026-07-28 00:00:00
P123-224020200-1627,쿠키앤크림딸기샌드,P,가공식품,1,가공식품,23,즉석식품류,23224,샌드위치,2300002,즉석섭취·편의식품류,230000202,즉석섭취식품,00,해당없음,100g,212,,2.98,12.50,,22.02,13.69,,,,,,187,,,,,,,,,17.86,8.93,0.18,,,,,,,,,,,,,,,,,,,,,,,,,,,,,,,,,,,,,,,,,,,,,,,,,,,,,,,,,,,,,,,,,,,,,,,,,,,,,,,,,,,,,,,,,,,,,,,,,,,,,,,,,,,,,,,3,식품의약품안전처,150g,168g,20170624144540,주식회사지에프에스,해당없음,해당없음,N,,해당없음,2,수집,2025-02-20,2026-07-28 00:00:00
P117-700050200-0079,쿠우쿠우 디스코 쉐이크 치킨,P,가공식품,1,가공식품,17,식육가공품 및 포장육,17700,식육간편조리,1700005,양념육류(축산물가공품),170000502,분쇄가공육제품,00,해당없음,100g,195,,12.00,10.00,,14.00,0.00,,,,,,420,,,,,,,,,60.00,3.70,0.00,,,,,,,,,,,,,,,,,,,,,,,,,,,,,,,,,,,,,,,,,,,,,,,,,,,,,,,,,,,,,,,,,,,,,,,,,,,,,,,,,,,,,,,,,,,,,,,,,,,,,,,,,,,,,,,3,식품의약품안전처,,10000g,2012044800587,주식회사 와이앤비푸드,해당없음,해당없음,N,,해당없음,2,수집,2024-05-07,2026-07-28 00:00:00
P119-900090100-2141,콰트로 슈레드치즈,P,가공식품,1,가공식품,19,유가공품류,19900,치즈,1900009,치즈류(축산물가공품),190000901,치즈,00,해당없음,100g,347,,22.66,26.22,,5.20,0.07,,,,,,550,,,,,,,,,78.51,14.76,0.67,,,,,,,,,,,,,,,,,,,,,,,,,,,,,,,,,,,,,,,,,,,,,,,,,,,,,,,,,,,,,,,,,,,,,,,,,,,,,,,,,,,,,,,,,,,,,,,,,,,,,,,,,,,,,,,3,식품의약품안전처,20g,800g,20030262013868,(주)조흥,해당없음,해당없음,N,,해당없음,2,수집,2026-02-12,2026-07-28 00:00:00
P116-703070300-0145,콩단백 슬라이스,P,가공식품,1,가공식품,16,농산가공식품류,16703,두류가공품,1600007,기타 농산가공품류,160000703,두류가공품,00,해당없음,100g,143,,17.00,4.30,,9.00,2.00,,,,,,410,,,,,,,,,0.00,0.70,0.00,,,,,,,,,,,,,,,,,,,,,,,,,,,,,,,,,,,,,,,,,,,,,,,,,,,,,,,,,,,,,,,,,,,,,,,,,,,,,,,,,,,,,,,,,,,,,,,,,,,,,,,,,,,,,,,3,식품의약품안전처,,100g,202104750442,주식회사 허스델리,해당없음,해당없음,N,,해당없음,2,수집,2024-01-29,2026-07-28 00:00:00
P123-225020300-0052,콤비네이션피자,P,가공식품,1,가공식품,23,즉석식품류,23225,즉석 피자,2300002,즉석섭취·편의식품류,230000203,즉석조리식품,00,해당없음,100g,231,,10.64,9.57,,25.53,4.26,,,,,,550,,,,,,,,,21.28,5.00,0.32,,,,,,,,,,,,,,,,,,,,,,,,,,,,,,,,,,,,,,,,,,,,,,,,,,,,,,,,,,,,,,,,,,,,,,,,,,,,,,,,,,,,,,,,,,,,,,,,,,,,,,,,,,,,,,,3,식품의약품안전처,150g,94g,20190545009948,(주)대정,해당없음,해당없음,N,,해당없음,2,수집,2025-12-02,2026-07-28 00:00:00
P109-801080100-4693,콜라겐 펩타이드드링크,P,가공식품,1,가공식품,09,음료류,09801,액상음료,0900008,기타음료,090000801,혼합음료,00,해당없음,100ml,248,,0.00,0.00,,62.08,10.00,,,,,,0,,,,,,,,,0.00,0.00,0.00,,,,,,,,,,,,,,,,,,,,,,,,,,,,,,,,,,,,,,,,,,,,,,,,,,,,,,,,,,,,,,,,,,,,,,,,,,,,,,,,,,,,,,,,,,,,,,,,,,,,,,,,,,,,,,,3,식품의약품안전처,200ml,,23CNREI00D2,ZHONGSHAN JIAHAI BIOLOGICAL TECHNOLOGYCO.，LTD.,지에스유솔루션,해당없음,Y,156,중국,2,수집,2024-12-31,2026-07-28 00:00:00
P114-400020100-0793,콘코울슬로,P,가공식품,1,가공식품,14,절임류 또는 조림류,14400,절임식품,1400002,절임류,140000201,절임식품,00,해당없음,100g,125,,2.00,6.00,,16.00,9.00,,,,,,340,,,,,,,,,5.00,1.10,0.00,,,,,,,,,,,,,,,,,,,,,,,,,,,,,,,,,,,,,,,,,,,,,,,,,,,,,,,,,,,,,,,,,,,,,,,,,,,,,,,,,,,,,,,,,,,,,,,,,,,,,,,,,,,,,,,3,식품의약품안전처,25g,120g,19980257052728,주식회사일미농수산,해당없음,해당없음,N,,해당없음,2,수집,2025-05-08,2026-07-28 00:00:00
P101-207000200-1484,콘드로이친 상어연골정,P,가공식품,1,가공식품,01,과자류·빵류 또는 떡류,01207,기타 사탕,0100000,해당없음,010000002,캔디류,00,해당없음,100g,378,,3.33,2.00,,86.67,34.44,,,,,,79,,,,,,,,,0.00,1.67,0.00,,,,,,,,,,,,,,,,,,,,,,,,,,,,,,,,,,,,,,,,,,,,,,,,,,,,,,,,,,,,,,,,,,,,,,,,,,,,,,,,,,,,,,,,,,,,,,,,,,,,,,,,,,,,,,,3,식품의약품안전처,10g,90g,2025057712043,주식회사신비바이오,해당없음,해당없음,N,,해당없음,2,수집,2025-09-26,2026-07-28 00:00:00
P103-102020500-3247,코콜라 초코칩 쿠키,P,가공식품,1,가공식품,03,코코아가공품류 또는 초콜릿류,03102,초콜릿과자,0300002,초콜릿류,030000205,초콜릿가공품,00,해당없음,100g,457,,6.00,17.00,,70.00,34.00,,,,,,470,,,,,,,,,0.00,12.00,0.00,,,,,,,,,,,,,,,,,,,,,,,,,,,,,,,,,,,,,,,,,,,,,,,,,,,,,,,,,,,,,,,,,,,,,,,,,,,,,,,,,,,,,,,,,,,,,,,,,,,,,,,,,,,,,,,3,식품의약품안전처,30g,400g,24ID0KA00D2,PT. MEGA GLOBAL FOOD INDUSTRY,홈플러스(주),해당없음,Y,356,인도,2,수집,2024-11-20,2026-07-28 00:00:00
P101-409000400-3736,코코망고파운드,P,가공식품,1,가공식품,01,과자류·빵류 또는 떡류,01409,케이크,0100000,해당없음,010000004,빵류,00,해당없음,100g,395,,6.18,21.44,,44.44,17.86,,,,,,52,,,,,,,,,119.92,11.22,0.03,,,,,,,,,,,,,,,,,,,,,,,,,,,,,,,,,,,,,,,,,,,,,,,,,,,,,,,,,,,,,,,,,,,,,,,,,,,,,,,,,,,,,,,,,,,,,,,,,,,,,,,,,,,,,,,3,식품의약품안전처,70g,480g,20140036600587,몽상클레르코리아,해당없음,해당없음,N,,해당없음,2,수집,2024-11-11,2026-07-28 00:00:00
P116-701070100-2459,코코넛밀크 500ml,P,가공식품,1,가공식품,16,농산가공식품류,16701,과일가공품,1600007,기타 농산가공품류,160000701,과·채가공품,00,해당없음,100ml,178,,2.00,18.00,,2.00,1.50,,,,,,20,,,,,,,,,0.00,15.00,0.00,,,,,,,,,,,,,,,,,,,,,,,,,,,,,,,,,,,,,,,,,,,,,,,,,,,,,,,,,,,,,,,,,,,,,,,,,,,,,,,,,,,,,,,,,,,,,,,,,,,,,,,,,,,,,,,3,식품의약품안전처,30g,,15TH0IY00D8,AMPOL FOOD PROCESSING LTD.,(주)미션통상,해당없음,Y,764,태국,2,수집,2026-05-14,2026-07-28 00:00:00
P109-401040100-0771,코카콜라 제로 한류,P,가공식품,1,가공식품,09,음료류,09401,탄산음료,0900004,탄산음료류,090000401,탄산음료,00,해당없음,100ml,0,,0.00,0.00,,0.00,0.00,,,,,,6,,,,,,,,,0.00,0.00,0.00,,,,,,,,,,,,,,,,,,,,,,,,,,,,,,,,,,,,,,,,,,,,,,,,,,,,,,,,,,,,,,,,,,,,,,,,,,,,,,,,,,,,,,,,,,,,,,,,,,,,,,,,,,,,,,,3,식품의약품안전처,200ml,500ml,19800375002278,코카콜라음료(주),해당없음,해당없음,N,,해당없음,2,수집,2023-12-07,2026-07-28 00:00:00
P108-010000300-0073,코바웰빙즉석쌀국수,P,가공식품,1,가공식품,08,면류,08010,쌀국수,0800000,해당없음,080000003,건면,00,해당없음,100g,351,,8.79,0.00,,78.02,2.20,,,,,,1681,,,,,,,,,5.49,0.00,0.00,,,,,,,,,,,,,,,,,,,,,,,,,,,,,,,,,,,,,,,,,,,,,,,,,,,,,,,,,,,,,,,,,,,,,,,,,,,,,,,,,,,,,,,,,,,,,,,,,,,,,,,,,,,,,,,3,식품의약품안전처,"생·숙면 200g, 건면 100g, 당면 30g, 유탕면(봉지)120g, 유탕면(용기)80g",91g,201304730422,농업회사법인(주)백제,해당없음,해당없음,N,,해당없음,2,수집,2019-06-30,2026-07-28 00:00:00
P101-501000500-2469,코다노라이스찰치즈볼,P,가공식품,1,가공식품,01,과자류·빵류 또는 떡류,01501,떡,0100000,해당없음,010000005,떡류,00,해당없음,100g,224,,9.24,5.69,,33.98,7.68,,,,,,374,,,,,,,,,30.51,3.30,0.18,,,,,,,,,,,,,,,,,,,,,,,,,,,,,,,,,,,,,,,,,,,,,,,,,,,,,,,,,,,,,,,,,,,,,,,,,,,,,,,,,,,,,,,,,,,,,,,,,,,,,,,,,,,,,,,3,식품의약품안전처,100g,100g,20150372249192,주식회사무진푸드,해당없음,해당없음,N,,해당없음,2,수집,2025-01-03,2026-07-28 00:00:00
P101-409000400-2507,케이크시트b,P,가공식품,1,가공식품,01,과자류·빵류 또는 떡류,01409,케이크,0100000,해당없음,010000004,빵류,00,해당없음,100g,280,,6.80,8.00,,45.00,28.00,,,,,,69,,,,,,,,,186.00,3.50,0.00,,,,,,,,,,,,,,,,,,,,,,,,,,,,,,,,,,,,,,,,,,,,,,,,,,,,,,,,,,,,,,,,,,,,,,,,,,,,,,,,,,,,,,,,,,,,,,,,,,,,,,,,,,,,,,,3,식품의약품안전처,70g,100g,20190152133252,아뮤즈에프엔비,해당없음,해당없음,N,,해당없음,2,수집,2024-01-23,2026-07-28 00:00:00
P123-205020200-0041,케어밀 간편영양죽,P,가공식품,1,가공식품,23,즉석식품류,23205,죽,2300002,즉석섭취·편의식품류,230000202,즉석섭취식품,00,해당없음,100g,400,,16.00,11.00,,62.00,4.00,,,,,,600,,,,,,,,,0.00,3.60,0.00,,,,,,,,,,,,,,,,,,,,,,,,,,,,,,,,,,,,,,,,,,,,,,,,,,,,,,,,,,,,,,,,,,,,,,,,,,,,,,,,,,,,,,,,,,,,,,,,,,,,,,,,,,,,,,,3,식품의약품안전처,250ml(g),500g,20050358194373,(주)에버헬스케어농업회사법인,해당없음,해당없음,N,,해당없음,2,수집,2024-12-10,2026-07-28 00:00:00
P123-205020300-2052,컬리플라워김가루죽 밀키트(쌀제외),P,가공식품,1,가공식품,23,즉석식품류,23205,죽,2300002,즉석섭취·편의식품류,230000203,즉석조리식품,00,해당없음,100g,32,,3.19,0.00,,6.45,0.00,,,,,,32,,,,,,,,,0.00,0.00,0.00,,,,,,,,,,,,,,,,,,,,,,,,,,,,,,,,,,,,,,,,,,,,,,,,,,,,,,,,,,,,,,,,,,,,,,,,,,,,,,,,,,,,,,,,,,,,,,,,,,,,,,,,,,,,,,,3,식품의약품안전처,250ml(g),31g,202002308871852,쿡베이스,해당없음,해당없음,N,,해당없음,2,수집,2024-06-12,2026-07-28 00:00:00
P101-103000100-2610,커피샌드쿠키,P,가공식품,1,가공식품,01,과자류·빵류 또는 떡류,01103,비스킷/쿠키/크래커,0100000,해당없음,010000001,과자,00,해당없음,100g,527,,6.32,32.16,,52.95,22.57,,,,,,129,,,,,,,,,88.65,13.09,0.81,,,,,,,,,,,,,,,,,,,,,,,,,,,,,,,,,,,,,,,,,,,,,,,,,,,,,,,,,,,,,,,,,,,,,,,,,,,,,,,,,,,,,,,,,,,,,,,,,,,,,,,,,,,,,,,3,식품의약품안전처,30g,100g,202102464086,디저트이야기,해당없음,해당없음,N,,해당없음,2,수집,2025-06-25,2026-07-28 00:00:00
P102-101010100-0590,커클랜드시그니춰바닐라아이스크림,P,가공식품,1,가공식품,02,빙과류,02101,아이스크림,0200001,아이스크림류(축산물가공품),020000101,아이스크림,00,해당없음,100g,265,,5.00,18.00,,21.00,19.00,,,,,,85,,,,,,,,,115.00,10.00,0.30,,,,,,,,,,,,,,,,,,,,,,,,,,,,,,,,,,,,,,,,,,,,,,,,,,,,,,,,,,,,,,,,,,,,,,,,,,,,,,,,,,,,,,,,,,,,,,,,,,,,,,,,,,,,,,,3,식품의약품안전처,100ml,3456g,2021_DNSP_02668,Crystal Creamery. Inc.,(주)코스트코코리아,해당없음,Y,840,미국,2,수집,2021-06-30,2026-07-28 00:00:00
P101-103000100-4691,커스타드 초콜릿 칩 쿠키,P,가공식품,1,가공식품,01,과자류·빵류 또는 떡류,01103,비스킷/쿠키/크래커,0100000,해당없음,010000001,과자,00,해당없음,100g,530,,3.57,33.75,,53.21,25.00,,,,,,211,,,,,,,,,12.50,3.21,0.00,,,,,,,,,,,,,,,,,,,,,,,,,,,,,,,,,,,,,,,,,,,,,,,,,,,,,,,,,,,,,,,,,,,,,,,,,,,,,,,,,,,,,,,,,,,,,,,,,,,,,,,,,,,,,,,3,식품의약품안전처,30g,56g,25CN51800D2,"DONGFENG COUNTY YINGFENG FOOD CO., LTD.",찬스푸드,해당없음,Y,156,중국,2,수집,2025-09-22,2026-07-28 00:00:00
P109-302030200-2584,캐치!티니핑 배도라지,P,가공식품,1,가공식품,09,음료류,09302,과·채주스,0900003,과일·채소류음료,090000302,과·채주스,00,해당없음,100ml,38,,0.00,0.38,,8.75,6.25,,,,,,1,,,,,,,,,0.00,0.00,0.00,,,,,,,,,,,,,,,,,,,,,,,,,,,,,,,,,,,,,,,,,,,,,,,,,,,,,,,,,,,,,,,,,,,,,,,,,,,,,,,,,,,,,,,,,,,,,,,,,,,,,,,,,,,,,,,3,식품의약품안전처,200ml,80ml,20060512128462,좋은영농조합법인,해당없음,해당없음,N,,해당없음,2,수집,2023-12-22,2026-07-28 00:00:00
P101-415000400-0303,캄파니아나폴리핏자4포르마쥐,P,가공식품,1,가공식품,01,과자류·빵류 또는 떡류,01415,피자,0100000,해당없음,010000004,빵류,00,해당없음,100g,293,,12.00,12.67,,32.67,3.33,,,,,,400,,,,,,,,,18.80,10.00,0.20,,,,,,,,,,,,,,,,,,,,,,,,,,,,,,,,,,,,,,,,,,,,,,,,,,,,,,,,,,,,,,,,,,,,,,,,,,,,,,,,,,,,,,,,,,,,,,,,,,,,,,,,,,,,,,,3,식품의약품안전처,150g,365g,20080294280228,(주)지지푸드,해당없음,해당없음,N,,해당없음,2,수집,2021-06-30,2026-07-28 00:00:00
P109-802080200-0223,칼라만시쥬스100,P,가공식품,1,가공식품,09,음료류,09802,농축음료/베이스,0900008,기타음료,090000802,음료베이스,00,해당없음,100ml,32,,0.00,0.00,,8.00,8.00,,,,,,12,,,,,,,,,0.00,0.00,0.00,,,,,,,,,,,,,,,,,,,,,,,,,,,,,,,,,,,,,,,,,,,,,,,,,,,,,,,,,,,,,,,,,,,,,,,,,,,,,,,,,,,,,,,,,,,,,,,,,,,,,,,,,,,,,,,3,식품의약품안전처,150ml,1000ml,2020_DNSP_04583,해당없음,PROFOOD INTERNATIONAL CORPORATION,해당없음,Y,608,필리핀,2,수집,2020-06-30,2026-07-28 00:00:00
P123-203020300-0668,카페이노스 밥심 백미주먹밥,P,가공식품,1,가공식품,23,즉석식품류,23203,주먹밥/김밥/초밥,2300002,즉석섭취·편의식품류,230000203,즉석조리식품,00,해당없음,100g,183,,3.37,1.29,,39.45,0.55,,,,,,2,,,,,,,,,0.00,0.13,0.00,,,,,,,,,,,,,,,,,,,,,,,,,,,,,,,,,,,,,,,,,,,,,,,,,,,,,,,,,,,,,,,,,,,,,,,,,,,,,,,,,,,,,,,,,,,,,,,,,,,,,,,,,,,,,,,3,식품의약품안전처,210g,100g,200804930741613,농업회사법인주식회사한우물,해당없음,해당없음,N,,해당없음,2,수집,2025-08-28,2026-07-28 00:00:00
P103-102020500-4421,카카올라 제로슈가 다크,P,가공식품,1,가공식품,03,코코아가공품류 또는 초콜릿류,03102,초콜릿과자,0300002,초콜릿류,030000205,초콜릿가공품,00,해당없음,100g,558,,3.57,45.00,,34.29,0.00,,,,,,40,,,,,,,,,0.00,45.00,0.00,,,,,,,,,,,,,,,,,,,,,,,,,,,,,,,,,,,,,,,,,,,,,,,,,,,,,,,,,,,,,,,,,,,,,,,,,,,,,,,,,,,,,,,,,,,,,,,,,,,,,,,,,,,,,,,3,식품의약품안전처,30g,140g,20200384258238,주식회사 정안,해당없음,해당없음,N,,해당없음,2,수집,2026-04-27,2026-07-28 00:00:00
P123-224020300-0308,카야샌드,P,가공식품,1,가공식품,23,즉석식품류,23224,샌드위치,2300002,즉석섭취·편의식품류,230000203,즉석조리식품,00,해당없음,100g,283,,7.11,7.63,,46.36,11.68,,,,,,399,,,,,,,,,33.67,4.59,0.00,,,,,,,,,,,,,,,,,,,,,,,,,,,,,,,,,,,,,,,,,,,,,,,,,,,,,,,,,,,,,,,,,,,,,,,,,,,,,,,,,,,,,,,,,,,,,,,,,,,,,,,,,,,,,,,3,식품의약품안전처,150g,100g,202303772795,주식회사 팡프레시,해당없음,해당없음,N,,해당없음,2,수집,2024-07-10,2026-07-28 00:00:00
P105-001000100-1508,카사마라조 레몬 마멀레이드,P,가공식품,1,가공식품,05,잼류,05001,잼,0500000,해당없음,050000001,잼,00,해당없음,100g,210,,1.00,0.00,,52.00,52.00,,,,,,0,,,,,,,,,0.00,0.00,0.00,,,,,,,,,,,,,,,,,,,,,,,,,,,,,,,,,,,,,,,,,,,,,,,,,,,,,,,,,,,,,,,,,,,,,,,,,,,,,,,,,,,,,,,,,,,,,,,,,,,,,,,,,,,,,,,3,식품의약품안전처,20g,350g,23IT2SG00D4,CONSERVE MARRAZZO CARMINE SRL,오월코퍼레이션,해당없음,Y,380,이탈리아,2,수집,2023-06-29,2026-07-28 00:00:00
P123-213020200-0533,카레라이스야채피클도시락,P,가공식품,1,가공식품,23,즉석식품류,23213,도시락,2300002,즉석섭취·편의식품류,230000202,즉석섭취식품,00,해당없음,100g,120,,3.30,2.03,,21.90,0.43,,,,,,116,,,,,,,,,10.20,0.41,0.00,,,,,,,,,,,,,,,,,,,,,,,,,,,,,,,,,,,,,,,,,,,,,,,,,,,,,,,,,,,,,,,,,,,,,,,,,,,,,,,,,,,,,,,,,,,,,,,,,,,,,,,,,,,,,,,3,식품의약품안전처,1식,700g,201902029631328,(주)비엘푸드,해당없음,해당없음,N,,해당없음,2,수집,2023-12-22,2026-07-28 00:00:00
P101-405000400-4436,카라멜 피칸 버터바,P,가공식품,1,가공식품,01,과자류·빵류 또는 떡류,01405,기타 빵,0100000,해당없음,010000004,빵류,00,해당없음,100g,458,,4.00,26.00,,51.00,30.00,,,,,,186,,,,,,,,,75.00,14.00,1.00,,,,,,,,,,,,,,,,,,,,,,,,,,,,,,,,,,,,,,,,,,,,,,,,,,,,,,,,,,,,,,,,,,,,,,,,,,,,,,,,,,,,,,,,,,,,,,,,,,,,,,,,,,,,,,,3,식품의약품안전처,70g,50g,20200070614348,(주)아프로푸드,해당없음,해당없음,N,,해당없음,2,수집,2024-01-15,2026-07-28 00:00:00
P107-103010300-0029,카놀라유,P,가공식품,1,가공식품,07,식용유지류,07103,유채씨유/카놀라유,0700001,식물성유지류,070000103,채종유(유채유 또는 카놀라유),00,해당없음,100g,900,,0.00,100.00,,0.00,0.00,,,,,,0,,,,,,,,,0.00,8.00,0.00,,,,,,,,,,,,,,,,,,,,,,,,,,,,,,,,,,,,,,,,,,,,,,,,,,,,,,,,,,,,,,,,,,,,,,,,,,,,,,,,,,,,,,,,,,,,,,,,,,,,,,,,,,,,,,,3,식품의약품안전처,5g(ml),500g,19960449002615/199604490021203,롯데푸드(주),해당없음,해당없음,N,,해당없음,2,수집,2019-06-30,2026-07-28 00:00:00
P123-213020300-0786,칠리닭가슴살단백도시락,P,가공식품,1,가공식품,23,즉석식품류,23213,도시락,2300002,즉석섭취·편의식품류,230000203,즉석조리식품,00,해당없음,100g,131,,9.26,1.69,,19.66,1.79,,,,,,277,,,,,,,,,25.98,0.54,0.00,,,,,,,,,,,,,,,,,,,,,,,,,,,,,,,,,,,,,,,,,,,,,,,,,,,,,,,,,,,,,,,,,,,,,,,,,,,,,,,,,,,,,,,,,,,,,,,,,,,,,,,,,,,,,,,3,식품의약품안전처,1식,380g,2022031892098,주식회사 이프리(샐러드유),해당없음,해당없음,N,,해당없음,2,수집,2024-01-23,2026-07-28 00:00:00
P109-401040100-1971,치포레스트 스파클링 복숭아,P,가공식품,1,가공식품,09,음료류,09401,탄산음료,0900004,탄산음료류,090000401,탄산음료,00,해당없음,100ml,0,,0.00,0.00,,7.00,0.00,,,,,,14,,,,,,,,,0.00,0.00,0.00,,,,,,,,,,,,,,,,,,,,,,,,,,,,7.000,,,,,,,,,,,,,,,,,,,,,,,,,,,,,,,,,,,,,,,,,,,,,,,,,,,,,,,,,,,,,,,,,,,,,,,,,,,,,,,,,,,3,식품의약품안전처,200ml,480ml,24CN3WG00D3,"GENKI FOREST(GUANGDONG)BEVERAGE CO.,LTD",부라보에프앤비주식회사,해당없음,Y,156,중국,2,수집,2024-08-07,2026-07-28 00:00:00
P111-000030200-0063,치킨스테이크&볶음밥,P,가공식품,1,가공식품,11,특수의료용도식품,11000,환자용 식품,1100003,식단형 식사관리식품,110000302,신장질환자용 식단형 식품,00,해당없음,100g,164,,6.97,4.39,,24.12,1.49,,,,,,194,,,,,,,,,10.94,0.42,0.00,,,,,,,,,,,,,,,,,,,,,,,,,,,,,,,,,,,,,,,,,,,,,,,,,,,,,,,,,,,,,,,,,,,,,,,,,,,,,,,,,,,,,,,,,,,,,,,,,,,,,,,,,,,,,,,3,식품의약품안전처,,330g,201902803273598,(주)현대그린푸드스마트푸드센터,해당없음,해당없음,N,,해당없음,2,수집,2025-08-17,2026-07-28 00:00:00
P123-226020200-1251,치킨 시저샐러드,P,가공식품,1,가공식품,23,즉석식품류,23226,샐러드,2300002,즉석섭취·편의식품류,230000202,즉석섭취식품,00,해당없음,100g,130,,7.06,8.24,,7.06,3.24,,,,,,164,,,,,,,,,15.59,1.47,0.00,,,,,,,,,,,,,,,,,,,,,,,,,,,,,,,,,,,,,,,,,,,,,,,,,,,,,,,,,,,,,,,,,,,,,,,,,,,,,,,,,,,,,,,,,,,,,,,,,,,,,,,,,,,,,,,3,식품의약품안전처,,340g,20020618178187,뉴푸드(주),해당없음,해당없음,N,,해당없음,2,수집,2024-11-06,2026-07-28 00:00:00
P101-409000400-0994,치즈케이크큐브,P,가공식품,1,가공식품,01,과자류·빵류 또는 떡류,01409,케이크,0100000,해당없음,010000004,빵류,00,해당없음,100g,275,,6.00,11.00,,37.50,20.00,,,,,,270,,,,,,,,,115.00,7.00,0.00,,,,,,,,,,,,,,,,,,,,,,,,,,,,,,,,,,,,,,,,,,,,,,,,,,,,,,,,,,,,,,,,,,,,,,,,,,,,,,,,,,,,,,,,,,,,,,,,,,,,,,,,,,,,,,,3,식품의약품안전처,70g,40g,20130152289116,(주)명품정항우케이크,해당없음,해당없음,N,,해당없음,2,수집,2021-06-30,2026-07-28 00:00:00
P123-223020200-1256,치즈비프버거,P,가공식품,1,가공식품,23,즉석식품류,23223,버거,2300002,즉석섭취·편의식품류,230000202,즉석섭취식품,00,해당없음,100g,267,,10.45,13.06,,26.87,5.65,,,,,,581,,,,,,,,,21.45,4.18,0.24,,,,,,,,,,,,,,,,,,,,,,,,,,,,,,,,,,,,,,,,,,,,,,,,,,,,,,,,,,,,,,,,,,,,,,,,,,,,,,,,,,,,,,,,,,,,,,,,,,,,,,,,,,,,,,,3,식품의약품안전처,150g,159g,20200450031709,(주)비지에프푸드,해당없음,해당없음,N,,해당없음,2,수집,2026-04-20,2026-07-28 00:00:00
P123-201020300-5890,치즈닭갈비덮밥,P,가공식품,1,가공식품,23,즉석식품류,23201,밥류,2300002,즉석섭취·편의식품류,230000203,즉석조리식품,00,해당없음,100g,157,,9.10,5.70,,18.00,3.50,,,,,,342,,,,,,,,,26.60,1.95,0.06,,,,,,,,,,,,,,,,,,,,,,,,,,,,,,,,,,,,,,,,,,,,,,,,,,,,,,,,,,,,,,,,,,,,,,,,,,,,,,,,,,,,,,,,,,,,,,,,,,,,,,,,,,,,,,,3,식품의약품안전처,210g,500g,2025039004926,(주)고투,해당없음,해당없음,N,,해당없음,2,수집,2025-09-10,2026-07-28 00:00:00
P109-401040100-1555,치오스치 아란시아타 로싸,P,가공식품,1,가공식품,09,음료류,09401,탄산음료,0900004,탄산음료류,090000401,탄산음료,00,해당없음,100ml,44,,0.00,0.00,,11.00,9.00,,,,,,0,,,,,,,,,0.00,0.00,0.00,,,,,,,,,,,,,,,,,,,,,,,,,,,,,,,,,,,,,,,,,,,,,,,,,,,,,,,,,,,,,,,,,,,,,,,,,,,,,,,,,,,,,,,,,,,,,,,,,,,,,,,,,,,,,,,3,식품의약품안전처,200ml,,23IT29500D2,BIBITE POLARA SRL,(주)유기농산,해당없음,Y,380,이탈리아,2,수집,2023-12-31,2026-07-28 00:00:00
P101-106000100-2528,츄러스 바나나맛,P,가공식품,1,가공식품,01,과자류·빵류 또는 떡류,01106,일반과자,0100000,해당없음,010000001,과자,00,해당없음,100g,537,,2.48,30.44,,63.31,21.53,,332,,,,45,,,,,,,,,23.24,13.95,0.00,,,,,,,,,,,,,,,,,,,,,,,,,,,,,,,,,,,,,,,,,,,,,,,,,,,,,,,,,,,,,,,,,,,,,,,,,,,,,,,,,,,,,,,,,,,,,,,,,,,,,,,,,,,,,,,3,식품의약품안전처,30g,100g,19720275004321,(주)개미식품,해당없음,해당없음,N,,해당없음,2,수집,2023-12-22,2026-07-28 00:00:00
P113-206020400-8129,춘천 양념닭갈비 소스,P,가공식품,1,가공식품,13,조미식품,13206,기타 소스류,1300002,소스류,130000204,소스,00,해당없음,100g,134,,3.05,0.80,,28.56,4.66,,,,,,1290,,,,,,,,,0.00,0.19,0.00,,,,,,,,,,,,,,,,,,,,,,,,,,,,,,,,,,,,,,,,,,,,,,,,,,,,,,,,,,,,,,,,,,,,,,,,,,,,,,,,,,,,,,,,,,,,,,,,,,,,,,,,,,,,,,,3,식품의약품안전처,"드레싱 15g, 덮밥소스 165g",100g,202505907376,성화푸드,해당없음,해당없음,N,,해당없음,2,수집,2026-02-25,2026-07-28 00:00:00
P123-207020300-4581,추어탕(냉장),P,가공식품,1,가공식품,23,즉석식품류,23207,국/탕류,2300002,즉석섭취·편의식품류,230000203,즉석조리식품,00,해당없음,100g,43,,3.06,2.14,,2.83,0.73,,,,,,316,,,,,,,,,19.30,0.33,0.01,,,,,,,,,,,,,,,,,,,,,,,,,,,,,,,,,,,,,,,,,,,,,,,,,,,,,,,,,,,,,,,,,,,,,,,,,,,,,,,,,,,,,,,,,,,,,,,,,,,,,,,,,,,,,,,3,식품의약품안전처,250ml(g),10000g,202603331241,에스엠디푸드(SMD푸드),해당없음,해당없음,N,,해당없음,2,수집,2026-04-07,2026-07-28 00:00:00
P114-400020100-0448,최가 간장 깐새우장,P,가공식품,1,가공식품,14,절임류 또는 조림류,14400,절임식품,1400002,절임류,140000201,절임식품,00,해당없음,100g,123,,6.87,0.12,,23.63,17.38,0.2,73,1.31,,190,2186,,,,,,,,,18.56,0.04,0.00,,,,,,,,,,,,,,,,,,,,,,,,,,,,,,,,,,,,,,,,,,,,,,,,,,,,,,,,,,,,,,,,,,,,,,,,,,,,,,,,,,,,,,,,,,,,,,,,,,,,,,,,,,,,,,,3,식품의약품안전처,25g,1000g,202405135766,남경식품,해당없음,해당없음,N,,해당없음,2,수집,2024-05-10,2026-07-28 00:00:00
P117-100010100-0871,촉촉가득 직화 닭가슴살 갈릭,P,가공식품,1,가공식품,17,식육가공품 및 포장육,17100,햄,1700001,햄류(축산물가공품),170000101,햄,00,해당없음,100g,115,,20.00,3.00,,2.00,2.00,,,,,,540,,,,,,,,,75.00,0.50,0.10,,,,,,,,,,,,,,,,,,,,,,,,,,,,,,,,,,,,,,,,,,,,,,,,,,,,,,,,,,,,,,,,,,,,,,,,,,,,,,,,,,,,,,,,,,,,,,,,,,,,,,,,,,,,,,,3,식품의약품안전처,30g,100g,19980448010648,(주)에스피씨삼립서천공장,해당없음,해당없음,N,,해당없음,2,수집,2025-06-24,2026-07-28 00:00:00
P101-432000400-0254,초콜릿 크레페,P,가공식품,1,가공식품,01,과자류·빵류 또는 떡류,01432,팬케이크/크레이프,0100000,해당없음,010000004,빵류,00,해당없음,100g,433,,7.00,17.67,,60.00,40.00,,,,,,507,,,,,,,,,72.00,7.00,0.00,,,,,,,,,,,,,,,,,,,,,,,,,,,,,,,,,,,,,,,,,,,,,,,,,,,,,,,,,,,,,,,,,,,,,,,,,,,,,,,,,,,,,,,,,,,,,,,,,,,,,,,,,,,,,,,3,식품의약품안전처,70g,,22FR1AC00D4,EVEN LAIT INDUSTRIE,지앤지푸드(주),해당없음,Y,250,프랑스,2,수집,2024-12-31,2026-07-28 00:00:00
P101-435000100-0153,초코퐁당바통휘낭시에,P,가공식품,1,가공식품,01,과자류·빵류 또는 떡류,01435,휘낭시에,0100000,해당없음,010000001,과자,00,해당없음,100g,188,,2.00,12.00,,18.00,12.00,,,,,,150,,,,,,,,,0.00,6.00,0.00,,,,,,,,,,,,,,,,,,,,,,,,,,,,,,,,,,,,,,,,,,,,,,,,,,,,,,,,,,,,,,,,,,,,,,,,,,,,,,,,,,,,,,,,,,,,,,,,,,,,,,,,,,,,,,,3,식품의약품안전처,70g,600g,2025070224537,낵스,해당없음,해당없음,N,,해당없음,2,수집,2025-08-26,2026-07-28 00:00:00
P101-103000400-2694,초코쿠키,P,가공식품,1,가공식품,01,과자류·빵류 또는 떡류,01103,비스킷/쿠키/크래커,0100000,해당없음,010000004,빵류,00,해당없음,100g,296,,2.00,15.00,,37.00,21.00,,,,,,122,,,,,,,,,44.00,9.00,0.00,,,,,,,,,,,,,,,,,,,,,,,,,,,,,,,,,,,,,,,,,,,,,,,,,,,,,,,,,,,,,,,,,,,,,,,,,,,,,,,,,,,,,,,,,,,,,,,,,,,,,,,,,,,,,,,3,식품의약품안전처,30g,100g,20210363128134,타르트엔코,해당없음,해당없음,N,,해당없음,2,수집,2025-11-11,2026-07-28 00:00:00
P101-409000400-0913,초코청크케이크,P,가공식품,1,가공식품,01,과자류·빵류 또는 떡류,01409,케이크,0100000,해당없음,010000004,빵류,00,해당없음,100g,439,,5.29,25.29,,47.65,34.71,,,,,,324,,,,,,,,,105.88,11.76,0.24,,,,,,,,,,,,,,,,,,,,,,,,,,,,,,,,,,,,,,,,,,,,,,,,,,,,,,,,,,,,,,,,,,,,,,,,,,,,,,,,,,,,,,,,,,,,,,,,,,,,,,,,,,,,,,,3,식품의약품안전처,70g,170g,197102750034928,(주)샤니,해당없음,해당없음,N,,해당없음,2,수집,2020-06-30,2026-07-28 00:00:00
P101-409000400-6378,초코쉬폰,P,가공식품,1,가공식품,01,과자류·빵류 또는 떡류,01409,케이크,0100000,해당없음,010000004,빵류,00,해당없음,100g,234,,7.38,5.85,,38.78,24.25,,,,,,80,,,,,,,,,0.73,1.01,0.00,,,,,,,,,,,,,,,,,,,,,,,,,,,,,,,,,,,,,,,,,,,,,,,,,,,,,,,,,,,,,,,,,,,,,,,,,,,,,,,,,,,,,,,,,,,,,,,,,,,,,,,,,,,,,,,3,식품의약품안전처,70g,300g,20190152133322,아뮤즈에프엔비,해당없음,해당없음,N,,해당없음,2,수집,2025-11-18,2026-07-28 00:00:00
P101-406000400-0069,초코무화과스콘,P,가공식품,1,가공식품,01,과자류·빵류 또는 떡류,01406,스콘,0100000,해당없음,010000004,빵류,00,해당없음,100g,485,,14.20,35.00,,36.00,6.60,,,,,,138,,,,,,,,,23.80,10.00,0.00,,,,,,,,,,,,,,,,,,,,,,,,,,,,,,,,,,,,,,,,,,,,,,,,,,,,,,,,,,,,,,,,,,,,,,,,,,,,,,,,,,,,,,,,,,,,,,,,,,,,,,,,,,,,,,,3,식품의약품안전처,70g,50g,2018009427325,설공,해당없음,해당없음,N,,해당없음,2,수집,2021-06-30,2026-07-28 00:00:00
P101-405000400-5858,초코듬뿍(파베이크),P,가공식품,1,가공식품,01,과자류·빵류 또는 떡류,01405,기타 빵,0100000,해당없음,010000004,빵류,00,해당없음,100g,323,,6.93,10.00,,50.00,20.75,,,,,,231,,,,,,,,,26.93,5.38,0.00,,,,,,,,,,,,,,,,,,,,,,,,,,,,,,,,,,,,,,,,,,,,,,,,,,,,,,,,,,,,,,,,,,,,,,,,,,,,,,,,,,,,,,,,,,,,,,,,,,,,,,,,,,,,,,,3,식품의약품안전처,70g,80g,20180290774397,(주)힐링에프앤비,해당없음,해당없음,N,,해당없음,2,수집,2024-08-15,2026-07-28 00:00:00
P101-405000400-4397,초코 양과자,P,가공식품,1,가공식품,01,과자류·빵류 또는 떡류,01405,기타 빵,0100000,해당없음,010000004,빵류,00,해당없음,100g,482,,4.00,25.00,,60.00,38.00,,,,,,455,,,,,,,,,44.60,18.20,0.80,,,,,,,,,,,,,,,,,,,,,,,,,,,,,,,,,,,,,,,,,,,,,,,,,,,,,,,,,,,,,,,,,,,,,,,,,,,,,,,,,,,,,,,,,,,,,,,,,,,,,,,,,,,,,,,3,식품의약품안전처,70g,234.70g,2023005799219,주식회사 혜민당,해당없음,해당없음,N,,해당없음,2,수집,2024-02-21,2026-07-28 00:00:00
P117-400040000-0282,초이스육포,P,가공식품,1,가공식품,17,식육가공품 및 포장육,17400,육포,1700004,건조저장육류(축산물가공품),170000400,해당없음,00,해당없음,100g,311,,35.56,4.44,,33.33,2.00,,,,,,1956,,,,,,,,,77.78,0.89,0.00,,,,,,,,,,,,,,,,,,,,,,,,,,,,,,,,,,,,,,,,,,,,,,,,,,,,,,,,,,,,,,,,,,,,,,,,,,,,,,,,,,,,,,,,,,,,,,,,,,,,,,,,,,,,,,,3,식품의약품안전처,15g,45g,201606072908,청호,해당없음,해당없음,N,,해당없음,2,수집,2026-04-21,2026-07-28 00:00:00
P101-501000500-0355,초롬3호,P,가공식품,1,가공식품,01,과자류·빵류 또는 떡류,01501,떡,0100000,해당없음,010000005,떡류,00,해당없음,100g,344,,5.71,1.14,,77.86,15.00,,,,,,358,,,,,,,,,0.00,0.14,0.00,,,,,,,,,,,,,,,,,,,,,,,,,,,,,,,,,,,,,,,,,,,,,,,,,,,,,,,,,,,,,,,,,,,,,,,,,,,,,,,,,,,,,,,,,,,,,,,,,,,,,,,,,,,,,,,3,식품의약품안전처,100g,140g,20040182486416,(주)떡파는사람들,해당없음,해당없음,N,,해당없음,2,수집,2022-12-29,2026-07-28 00:00:00
P101-104000100-0990,초당 옥수수콘칩,P,가공식품,1,가공식품,01,과자류·빵류 또는 떡류,01104,스낵과자,0100000,해당없음,010000001,과자,00,해당없음,100g,519,,5.10,26.90,,64.30,3.50,,,,,,373,,,,,,,,,0.00,13.20,0.10,,,,,,,,,,,,,,,,,,,,,,,,,,,,,,,,,,,,,,,,,,,,,,,,,,,,,,,,,,,,,,,,,,,,,,,,,,,,,,,,,,,,,,,,,,,,,,,,,,,,,,,,,,,,,,,3,식품의약품안전처,30g,60g,19660402003179,상일제과주식회사,해당없음,해당없음,N,,해당없음,2,수집,2025-05-27,2026-07-28 00:00:00
P101-205000200-4538,체리맛 구미,P,가공식품,1,가공식품,01,과자류·빵류 또는 떡류,01205,젤리,0100000,해당없음,010000002,캔디류,00,해당없음,100g,370,,0.00,0.00,,92.20,47.50,,,,,,220,,,,,,,,,0.00,0.00,0.00,,,,,,,,,,,,,,,,,,,,,,,,,,,,,,,,,,,,,,,,,,,,,,,,,,,,,,,,,,,,,,,,,,,,,,,,,,,,,,,,,,,,,,,,,,,,,,,,,,,,,,,,,,,,,,,3,식품의약품안전처,10g,15000g,25CN61800D7,"FUJIAN PROVINCE JINJIANG CITY HUAJIA FOOD CO.,LTD",메리토,해당없음,Y,156,중국,2,수집,2025-11-05,2026-07-28 00:00:00
P120-600060000-1464,청파래 오징어까스,P,가공식품,1,가공식품,20,수산가공식품류,20600,기타 수산가공품,2000006,기타 수산물가공품,200000600,해당없음,00,해당없음,100g,115,,9.00,0.80,,18.00,2.00,,,,,,292,,,,,,,,,35.00,0.30,0.00,,,,,,,,,,,,,,,,,,,,,,,,,,,,,,,,,,,,,,,,,,,,,,,,,,,,,,,,,,,,,,,,,,,,,,,,,,,,,,,,,,,,,,,,,,,,,,,,,,,,,,,,,,,,,,,3,식품의약품안전처,,,21CN2GP00D9,"YANTAI XINFU FOODS CO.,LTD",(주)가토코,해당없음,Y,156,중국,2,수집,2024-12-31,2026-07-28 00:00:00
P113-206020400-4552,청정원 전통 소갈비양념,P,가공식품,1,가공식품,13,조미식품,13206,기타 소스류,1300002,소스류,130000204,소스,00,해당없음,100g,155,,3.00,0.00,,36.00,35.00,,,,,,2270,,,,,,,,,0.00,0.00,0.00,,,,,,,,,,,,,,,,,,,,,,,,,,,,,,,,,,,,,,,,,,,,,,,,,,,,,,,,,,,,,,,,,,,,,,,,,,,,,,,,,,,,,,,,,,,,,,,,,,,,,,,,,,,,,,,3,식품의약품안전처,"드레싱 15g, 덮밥소스 165g",100g,19950449002411,대상주식회사천안공장,해당없음,해당없음,N,,해당없음,2,수집,2025-07-09,2026-07-28 00:00:00
P123-203020200-4060,청양참치마요BIG삼각,P,가공식품,1,가공식품,23,즉석식품류,23203,주먹밥/김밥/초밥,2300002,즉석섭취·편의식품류,230000202,즉석섭취식품,00,해당없음,100g,165,,4.81,4.03,,27.27,0.00,,,,,,297,,,,,,,,,3.82,0.68,0.03,,,,,,,,,,,,,,,,,,,,,,,,,,,,,,,,,,,,,,,,,,,,,,,,,,,,,,,,,,,,,,,,,,,,,,,,,,,,,,,,,,,,,,,,,,,,,,,,,,,,,,,,,,,,,,,3,식품의약품안전처,210g,162g,200804940611455,(주)비지에프푸드 전북,해당없음,해당없음,N,,해당없음,2,수집,2026-04-07,2026-07-28 00:00:00
P107-105010500-0173,청솔 국내산 참기름,P,가공식품,1,가공식품,07,식용유지류,07105,참기름,0700001,식물성유지류,070000105,참기름,00,해당없음,100ml,826,,0.08,91.78,,0.03,0.00,,,,,,1,,,,,,,,,0.00,13.32,0.07,,,,,,,,,,,,,,,,,,,,,,,,,,,,,,,,,,,,,,,,,,,,,,,,,,,,,,,,,,,,,,,,,,,,,,,,,,,,,,,,,,,,,,,,,,,,,,,,,,,,,,,,,,,,,,,3,식품의약품안전처,5g(ml),1.75ml,2001036026423,청솔식품,해당없음,해당없음,N,,해당없음,2,수집,2023-12-22,2026-07-28 00:00:00
P116-701070100-0856,청귤칩,P,가공식품,1,가공식품,16,농산가공식품류,16701,과일가공품,1600007,기타 농산가공품류,160000701,과·채가공품,00,해당없음,100g,44,,1.00,0.00,,10.00,3.00,,,,,,5,,,,,,,,,0.00,0.00,0.00,,,,,,,,,,,,,,,,,,,,,,,,,,,,,,,,,,,,,,,,,,,,,,,,,,,,,,,,,,,,,,,,,,,,,,,,,,,,,,,,,,,,,,,,,,,,,,,,,,,,,,,,,,,,,,,3,식품의약품안전처,30g,100g,20060378035116,웰보H&F,해당없음,해당없음,N,,해당없음,2,수집,2025-06-20,2026-07-28 00:00:00
P101-102000100-1208,철수 마카롱 (블루베리요거트),P,가공식품,1,가공식품,01,과자류·빵류 또는 떡류,01102,마카롱/다쿠아즈,0100000,해당없음,010000001,과자,00,해당없음,100g,360,,4.00,22.00,,36.00,35.00,,,,,,90,,,,,,,,,40.00,4.00,1.00,,,,,,,,,,,,,,,,,,,,,,,,,,,,,,,,,,,,,,,,,,,,,,,,,,,,,,,,,,,,,,,,,,,,,,,,,,,,,,,,,,,,,,,,,,,,,,,,,,,,,,,,,,,,,,,3,식품의약품안전처,30g,1560g,20090339138572,주식회사브레젤르,해당없음,해당없음,N,,해당없음,2,수집,2025-09-22,2026-07-28 00:00:00
P108-001000200-0141,천서리 쌀칼국수,P,가공식품,1,가공식품,08,면류,08001,국수,0800000,해당없음,080000002,숙면,00,해당없음,100g,227,,5.50,1.50,,48.00,1.50,,,,,,644,,,,,,,,,0.00,0.20,0.00,,,,,,,,,,,,,,,,,,,,,,,,,,,,,,,,,,,,,,,,,,,,,,,,,,,,,,,,,,,,,,,,,,,,,,,,,,,,,,,,,,,,,,,,,,,,,,,,,,,,,,,,,,,,,,,3,식품의약품안전처,"생·숙면 200g, 건면 100g, 당면 30g, 유탕면(봉지)120g, 유탕면(용기)80g",200g,20160275302137,(주)정금에프앤씨,해당없음,해당없음,N,,해당없음,2,수집,2024-07-09,2026-07-28 00:00:00
P101-106000100-7994,챠챠 포테이토스틱 허니버터,P,가공식품,1,가공식품,01,과자류·빵류 또는 떡류,01106,일반과자,0100000,해당없음,010000001,과자,00,해당없음,100g,585,,5.15,40.00,,51.21,3.94,,,,,,224,,,,,,,,,0.00,18.49,0.00,,,,,,,,,,,,,,,,,,,,,,,,,,,,,,,,,,,,,,,,,,,,,,,,,,,,,,,,,,,,,,,,,,,,,,,,,,,,,,,,,,,,,,,,,,,,,,,,,,,,,,,,,,,,,,,3,식품의약품안전처,30g,33g,26CN2IM00D0,"ANQING CUICUIXIONG FOOD CO.,LTD.",이에이트레이딩 주식회사,해당없음,Y,156,중국,2,수집,2026-05-06,2026-07-28 00:00:00
P123-302030100-3202,창규가 빚은 건강함 닭가슴살 부추왕만두,P,가공식품,1,가공식품,23,즉석식품류,23302,만두,2300003,만두류,230000301,만두,00,해당없음,100g,180,,12.00,4.20,,23.00,2.00,,,,,,380,,,,,,,,,25.00,1.30,0.00,,,,,,,,,,,,,,,,,,,,,,,,,,,,,,,,,,,,,,,,,,,,,,,,,,,,,,,,,,,,,,,,,,,,,,,,,,,,,,,,,,,,,,,,,,,,,,,,,,,,,,,,,,,,,,,3,식품의약품안전처,150g,320g,2009025720722,주식회사정성식품,해당없음,해당없음,N,,해당없음,2,수집,2026-01-15,2026-07-28 00:00:00
P120-600060000-0663,찹쌀 다시마 부각(Dasima Bugak Chips),P,가공식품,1,가공식품,20,수산가공식품류,20600,기타 수산가공품,2000006,기타 수산물가공품,200000600,해당없음,00,해당없음,100g,523,,7.09,29.62,,57.02,6.50,,,,,,961,,,,,,,,,0.00,2.94,0.07,,,,,,,,,,,,,,,,,,,,,,,,,,,,,,,,,,,,,,,,,,,,,,,,,,,,,,,,,,,,,,,,,,,,,,,,,,,,,,,,,,,,,,,,,,,,,,,,,,,,,,,,,,,,,,,3,식품의약품안전처,,150g,2013053100786,(주)신안천사김,해당없음,해당없음,N,,해당없음,2,수집,2024-09-09,2026-07-28 00:00:00
P101-405000400-6255,참치마요네즈,P,가공식품,1,가공식품,01,과자류·빵류 또는 떡류,01405,기타 빵,0100000,해당없음,010000004,빵류,00,해당없음,100g,292,,7.35,18.33,,24.49,7.70,,,,,,348,,,,,,,,,21.61,2.51,0.05,,,,,,,,,,,,,,,,,,,,,,,,,,,,,,,,,,,,,,,,,,,,,,,,,,,,,,,,,,,,,,,,,,,,,,,,,,,,,,,,,,,,,,,,,,,,,,,,,,,,,,,,,,,,,,,3,식품의약품안전처,70g,110g,20150458026813,주식회사참조은에스에프,해당없음,해당없음,N,,해당없음,2,수집,2025-02-13,2026-07-28 00:00:00
P107-302030200-0443,참진기름,P,가공식품,1,가공식품,07,식용유지류,07302,향미유,0700003,식용유지가공품,070000302,향미유,00,해당없음,100ml,900,,0.00,100.00,,0.00,0.00,,,,,,0,,,,,,,,,0.00,14.00,0.00,,,,,,,,,,,,,,,,,,,,,,,,,,,,,,,,,,,,,,,,,,,,,,,,,,,,,,,,,,,,,,,,,,,,,,,,,,,,,,,,,,,,,,,,,,,,,,,,,,,,,,,,,,,,,,,3,식품의약품안전처,5g(ml),1800ml,2015036483319,화성에프앤비,해당없음,해당없음,N,,해당없음,2,수집,2024-09-30,2026-07-28 00:00:00
P123-225020300-0011,참맛있는피자리오,P,가공식품,1,가공식품,23,즉석식품류,23225,즉석 피자,2300002,즉석섭취·편의식품류,230000203,즉석조리식품,00,해당없음,100g,233,,9.44,8.33,,30.00,2.78,,,,,,478,,,,,,,,,16.67,2.17,0.06,,,,,,,,,,,,,,,,,,,,,,,,,,,,,,,,,,,,,,,,,,,,,,,,,,,,,,,,,,,,,,,,,,,,,,,,,,,,,,,,,,,,,,,,,,,,,,,,,,,,,,,,,,,,,,,3,식품의약품안전처,150g,180g,200403327439,(주)한맥푸드,해당없음,해당없음,N,,해당없음,2,수집,2020-06-30,2026-07-28 00:00:00
P120-200020200-0656,참낙지젓,P,가공식품,1,가공식품,20,수산가공식품류,20200,젓갈/액젓,2000002,젓갈류,200000202,양념젓갈,00,해당없음,100g,160,,10.48,0.87,,27.54,15.27,,,,,,1456,,,,,,,,,53.48,0.43,0.01,,,,,,,,,,,,,,,,,,,,,,,,,,,,,,,,,,,,,,,,,,,,,,,,,,,,,,,,,,,,,,,,,,,,,,,,,,,,,,,,,,,,,,,,,,,,,,,,,,,,,,,,,,,,,,,3,식품의약품안전처,,100g,201304590766,(주)보령푸드,해당없음,해당없음,N,,해당없음,2,수집,2026-01-06,2026-07-28 00:00:00
P123-203020200-0441,참김반반김밥,P,가공식품,1,가공식품,23,즉석식품류,23203,주먹밥/김밥/초밥,2300002,즉석섭취·편의식품류,230000202,즉석섭취식품,00,해당없음,100g,161,,6.40,5.32,,21.96,0.56,,,,,,352,,,,,,,,,35.44,0.92,0.00,,,,,,,,,,,,,,,,,,,,,,,,,,,,,,,,,,,,,,,,,,,,,,,,,,,,,,,,,,,,,,,,,,,,,,,,,,,,,,,,,,,,,,,,,,,,,,,,,,,,,,,,,,,,,,,3,식품의약품안전처,210g,250g,2021_DNSP_02433,참그린식품,해당없음,해당없음,N,,해당없음,2,수집,2021-06-30,2026-07-28 00:00:00
P109-600080100-0088,찰보리쌀식혜,P,가공식품,1,가공식품,09,음료류,09600,발효음료,0900008,기타음료,090000801,혼합음료,00,해당없음,100ml,77,,0.00,0.08,,18.00,15.00,,,,,,4,,,,,,,,,0.00,0.00,0.00,,,,,,,,,,,,,,,,,,,,,,,,,,,,,,,,,,,,,,,,,,,,,,,,,,,,,,,,,,,,,,,,,,,,,,,,,,,,,,,,,,,,,,,,,,,,,,,,,,,,,,,,,,,,,,,3,식품의약품안전처,100ml,150ml,20110527046116,(주)새암푸드먼트,해당없음,해당없음,N,,해당없음,2,수집,2020-06-30,2026-07-28 00:00:00
P117-501050100-8289,착한본 왕족발,P,가공식품,1,가공식품,17,식육가공품 및 포장육,17501,양념육,1700005,양념육류(축산물가공품),170000501,양념육,00,해당없음,100g,235,,28.31,12.72,,1.94,0.40,,,,,,289,,,,,,,,,105.04,4.92,0.01,,,,,,,,,,,,,,,,,,,,,,,,,,,,,,,,,,,,,,,,,,,,,,,,,,,,,,,,,,,,,,,,,,,,,,,,,,,,,,,,,,,,,,,,,,,,,,,,,,,,,,,,,,,,,,,3,식품의약품안전처,100g,1000g,2016026207922,일미식품,해당없음,해당없음,N,,해당없음,2,수집,2026-06-15,2026-07-28 00:00:00
P113-206020400-0204,차슈요리 양념,P,가공식품,1,가공식품,13,조미식품,13206,기타 소스류,1300002,소스류,130000204,소스,00,해당없음,100g,167,,3.33,0.75,,36.67,19.17,,,,,,2575,,,,,,,,,0.00,0.00,0.00,,,,,,,,,,,,,,,,,,,,,,,,,,,,,,,,,,,,,,,,,,,,,,,,,,,,,,,,,,,,,,,,,,,,,,,,,,,,,,,,,,,,,,,,,,,,,,,,,,,,,,,,,,,,,,,3,식품의약품안전처,"드레싱 15g, 덮밥소스 165g",120g,197202880024251,(주)오뚜기,해당없음,해당없음,N,,해당없음,2,수집,2022-12-29,2026-07-28 00:00:00
P117-100010100-1228,찐족발,P,가공식품,1,가공식품,17,식육가공품 및 포장육,17100,햄,1700001,햄류(축산물가공품),170000101,햄,00,해당없음,100g,240,,16.00,19.00,,2.00,0.00,,,,,,249,,,,,,,,,90.00,6.00,0.00,,,,,,,,,,,,,,,,,,,,,,,,,,,,,,,,,,,,,,,,,,,,,,,,,,,,,,,,,,,,,,,,,,,,,,,,,,,,,,,,,,,,,,,,,,,,,,,,,,,,,,,,,,,,,,,3,식품의약품안전처,30g,100g,2015012502226,씨에프(CF),해당없음,해당없음,N,,해당없음,2,수집,2025-09-09,2026-07-28 00:00:00
P113-206020400-0789,쭈꾸미볶음용 매콤소스,P,가공식품,1,가공식품,13,조미식품,13206,기타 소스류,1300002,소스류,130000204,소스,00,해당없음,100g,217,,4.58,3.15,,42.68,26.60,,,,,,1512,,,,,,,,,9.16,0.72,0.00,,,,,,,,,,,,,,,,,,,,,,,,,,,,,,,,,,,,,,,,,,,,,,,,,,,,,,,,,,,,,,,,,,,,,,,,,,,,,,,,,,,,,,,,,,,,,,,,,,,,,,,,,,,,,,,3,식품의약품안전처,"드레싱 15g, 덮밥소스 165g",60g,201504430301185,(주)제이엔제이푸드,해당없음,해당없음,N,,해당없음,2,수집,2023-12-22,2026-07-28 00:00:00
P120-301030100-1076,쫀맛 황금포 (방사선조사),P,가공식품,1,가공식품,20,수산가공식품류,20301,조미건어포,2000003,건포류,200000301,조미건어포,00,해당없음,100g,322,,25.00,1.00,,50.00,28.00,,,,,,915,,,,,,,,,82.00,0.00,0.00,,,,,,,,,,,,,,,,,,,,,,,,,,,,,,,,,,,,,,,,,,,,,,,,,,,,,,,,,,,,,,,,,,,,,,,,,,,,,,,,,,,,,,,,,,,,,,,,,,,,,,,,,,,,,,,3,식품의약품안전처,15g,10000g,26VN0T100D7,SEO NAM CO LTD,(주)신선산업,해당없음,Y,704,베트남,2,수집,2026-05-14,2026-07-28 00:00:00
P114-103010200-0515,쪽파김치,P,가공식품,1,가공식품,14,절임류 또는 조림류,14103,기타김치,1400001,김치류,140000102,김치,00,해당없음,100g,180,,24.00,3.00,,17.00,0.00,,,,,,0,,,,,,,,,0.00,0.00,0.00,,,,,,,,,,,,,,,,,,,,,,,,,,,,,,,,,,,,,,,,,,,,,,,,,,,,,,,,,,,,,,,,,,,,,,,,,,,,,,,,,,,,,,,,,,,,,,,,,,,,,,,,,,,,,,,3,식품의약품안전처,40g,100g,2021057436152,주식회사 미소,해당없음,해당없음,N,,해당없음,2,수집,2025-11-26,2026-07-28 00:00:00
P123-302030100-3503,짜조25,P,가공식품,1,가공식품,23,즉석식품류,23302,만두,2300003,만두류,230000301,만두,00,해당없음,100g,170,,2.60,6.60,,25.00,5.60,,,,,,540,,,,,,,,,0.00,2.60,0.04,,,,,,,,,,,,,,,,,,,,,,,,,,,,,,,,,,,,,,,,,,,,,,,,,,,,,,,,,,,,,,,,,,,,,,,,,,,,,,,,,,,,,,,,,,,,,,,,,,,,,,,,,,,,,,,3,식품의약품안전처,150g,500g,26VN0QX00D2,GO CONG BRANCH-INNOVI FOODS COMPANY LIMITED,(주)랜시,해당없음,Y,704,베트남,2,수집,2026-05-06,2026-07-28 00:00:00
P123-203020200-2506,집밥진미채김밥,P,가공식품,1,가공식품,23,즉석식품류,23203,주먹밥/김밥/초밥,2300002,즉석섭취·편의식품류,230000202,즉석섭취식품,00,해당없음,100g,172,,5.13,3.34,,30.45,5.23,,,,,,586,,,,,,,,,8.45,0.80,0.03,,,,,,,,,,,,,,,,,,,,,,,,,,,,,,,,,,,,,,,,,,,,,,,,,,,,,,,,,,,,,,,,,,,,,,,,,,,,,,,,,,,,,,,,,,,,,,,,,,,,,,,,,,,,,,,3,식품의약품안전처,210g,252g,20170607069343,(주)원푸드림주촌지점,해당없음,해당없음,N,,해당없음,2,수집,2025-05-14,2026-07-28 00:00:00
P109-102010200-3804,진한 원액 보리차,P,가공식품,1,가공식품,09,음료류,09102,액상차,0900001,다류,090000102,액상차,00,해당없음,100g,184,,0.20,0.00,,45.90,20.00,,,,,,2,,,,,,,,,0.00,0.00,0.00,,,,,,,,,,,,,,,,,,,,,,,,,,,,,,,,,,,,,,,,,,,,,,,,,,,,,,,,,,,,,,,,,,,,,,,,,,,,,,,,,,,,,,,,,,,,,,,,,,,,,,,,,,,,,,,3,식품의약품안전처,200ml,300g,20190444045400,(주)와이케이컴퍼니,해당없음,해당없음,N,,해당없음,2,수집,2026-03-17,2026-07-28 00:00:00
P123-207020300-1448,진지한 사천식 마라탕,P,가공식품,1,가공식품,23,즉석식품류,23207,국/탕류,2300002,즉석섭취·편의식품류,230000203,즉석조리식품,00,해당없음,100g,58,,3.40,3.00,,4.20,0.80,,,,,,567,,,,,,,,,3.00,1.00,0.08,,,,,,,,,,,,,,,,,,,,,,,,,,,,,,,,,,,,,,,,,,,,,,,,,,,,,,,,,,,,,,,,,,,,,,,,,,,,,,,,,,,,,,,,,,,,,,,,,,,,,,,,,,,,,,,3,식품의약품안전처,250ml(g),500g,1985031100113847,태원식품산업(주),해당없음,해당없음,N,,해당없음,2,수집,2023-12-22,2026-07-28 00:00:00
P109-302030200-1837,진심담은유기농석류즙100,P,가공식품,1,가공식품,09,음료류,09302,과·채주스,0900003,과일·채소류음료,090000302,과·채주스,00,해당없음,100ml,50,,0.00,0.00,,11.25,10.00,,,,,,0,,,,,,,,,0.00,0.00,0.00,,,,,,,,,,,,,,,,,,,,,,,,,,,,,,,,,,,,,,,,,,,,,,,,,,,,,,,,,,,,,,,,,,,,,,,,,,,,,,,,,,,,,,,,,,,,,,,,,,,,,,,,,,,,,,,3,식품의약품안전처,200ml,80ml,20090624059292,농업회사법인(주)힐링팜,해당없음,해당없음,N,,해당없음,2,수집,2020-06-30,2026-07-28 00:00:00
P120-100010600-0423,진로 어포튀김 불닭로제맛,P,가공식품,1,가공식품,20,수산가공식품류,20100,어육가공품,2000001,어육가공품류,200000106,기타 어육가공품,00,해당없음,100g,491,,12.00,22.00,,60.00,32.00,,,,,,930,,,,,,,,,28.00,0.00,3.00,,,,,,,,,,,,,,,,,,,,,,,,,,,,,,,,,,,,,,,,,,,,,,,,,,,,,,,,,,,,,,,,,,,,,,,,,,,,,,,,,,,,,,,,,,,,,,,,,,,,,,,,,,,,,,,3,식품의약품안전처,30g,100g,202602793234,(주)소담수,해당없음,해당없음,N,,해당없음,2,수집,2026-05-06,2026-07-28 00:00:00
P123-226020100-0178,직화불고기 그레인 샐러드,P,가공식품,1,가공식품,23,즉석식품류,23226,샐러드,2300002,즉석섭취·편의식품류,230000201,신선편의식품,00,해당없음,100g,136,,6.19,3.61,,19.59,4.64,,,,,,301,,,,,,,,,17.01,1.29,0.00,,,,,,,,,,,,,,,,,,,,,,,,,,,,,,,,,,,,,,,,,,,,,,,,,,,,,,,,,,,,,,,,,,,,,,,,,,,,,,,,,,,,,,,,,,,,,,,,,,,,,,,,,,,,,,,3,식품의약품안전처,,194g,20210358064181,(주)샐러드판다,해당없음,해당없음,N,,해당없음,2,수집,2024-01-29,2026-07-28 00:00:00
P107-105010500-0167,지평선가공센터 참기름,P,가공식품,1,가공식품,07,식용유지류,07105,참기름,0700001,식물성유지류,070000105,참기름,00,해당없음,100g,898,,0.02,99.60,,0.35,0.00,,,,,,4,,,,,,,,,0.00,15.55,0.09,,,,,,,,,,,,,,,,,,,,,,,,,,,,,,,,,,,,,,,,,,,,,,,,,,,,,,,,,,,,,,,,,,,,,,,,,,,,,,,,,,,,,,,,,,,,,,,,,,,,,,,,,,,,,,,3,식품의약품안전처,5g(ml),100g,2020049714238,지평선가공센터,해당없음,해당없음,N,,해당없음,2,수집,2023-12-22,2026-07-28 00:00:00
P109-102010200-5338,지리산청매실진액,P,가공식품,1,가공식품,09,음료류,09102,액상차,0900001,다류,090000102,액상차,00,해당없음,100ml,239,,0.30,0.10,,59.20,55.80,,,,,,10,,,,,,,,,0.00,0.00,0.00,,,,,,,,,,,,,,,,,,,,,,,,,,,,,,,,,,,,,,,,,,,,,,,,,,,,,,,,,,,,,,,,,,,,,,,,,,,,,,,,,,,,,,,,,,,,,,,,,,,,,,,,,,,,,,,3,식품의약품안전처,200ml,1000ml,202409104537,한국배영농조합법인,해당없음,해당없음,N,,해당없음,2,수집,2026-06-26,2026-07-28 00:00:00
P109-302030200-1828,즙스토리에이비씨주스,P,가공식품,1,가공식품,09,음료류,09302,과·채주스,0900003,과일·채소류음료,090000302,과·채주스,00,해당없음,100ml,40,,0.80,0.00,,9.60,4.00,,,,,,28,,,,,,,,,0.00,0.00,0.00,,,,,,,,,,,,,,,,,,,,,,,,,,,,,,,,,,,,,,,,,,,,,,,,,,,,,,,,,,,,,,,,,,,,,,,,,,,,,,,,,,,,,,,,,,,,,,,,,,,,,,,,,,,,,,,3,식품의약품안전처,200ml,250ml,202003235842,(주)즙스토리,해당없음,해당없음,N,,해당없음,2,수집,2021-06-30,2026-07-28 00:00:00
P123-212020300-0909,쥐치포(간장맛),P,가공식품,1,가공식품,23,즉석식품류,23212,반찬,2300002,즉석섭취·편의식품류,230000203,즉석조리식품,00,해당없음,100g,246,,22.81,1.88,,34.43,22.48,,,,,,1207,,,,,,,,,77.29,0.58,0.00,,,,,,,,,,,,,,,,,,,,,,,,,,,,,,,,,,,,,,,,,,,,,,,,,,,,,,,,,,,,,,,,,,,,,,,,,,,,,,,,,,,,,,,,,,,,,,,,,,,,,,,,,,,,,,,3,식품의약품안전처,,28g,19900360106434,(주)참맛,해당없음,해당없음,N,,해당없음,2,수집,2023-12-13,2026-07-28 00:00:00
P110-400040000-0646,중기2 흰살생선시금치죽,P,가공식품,1,가공식품,10,특수영양식품,10400,영·유아용 이유식,1000004,영·유아용 이유식,100000400,해당없음,00,해당없음,100g,38,,1.50,0.23,,7.50,0.41,,,,,,15,,,,,,,,,0.00,0.00,0.00,,,,,,,,,,,,,,,,,,,,,,,,,,,,,,,,,,,,,,,,,,,,,,,,,,,,,,,,,,,,,,,,,,,,,,,,,,,,,,,,,,,,,,,,,,,,,,,,,,,,,,,,,,,,,,,3,식품의약품안전처,,160g,200303806612085,(주)베베쿡,해당없음,해당없음,N,,해당없음,2,수집,2026-01-14,2026-07-28 00:00:00
P101-501000500-3365,준 모찌,P,가공식품,1,가공식품,01,과자류·빵류 또는 떡류,01501,떡,0100000,해당없음,010000005,떡류,00,해당없음,100g,225,,4.00,0.60,,51.00,18.00,,136,,,,0,,,,,,,,,0.00,0.20,0.00,,,,,,,,,,,,,,,,,,,,,,,,,,,,,,,,,,,,,,,,,,,,,,,,,,,,,,,,,,,,,,,,,,,,,,,,,,,,,,,,,,,,,,,,,,,,,,,,,,,,,,,,,,,,,,,3,식품의약품안전처,100g,1000g,15JP13D00D6,MARUHO INC.  ASHIKAGA FACTORY,(주)에코에프엔비,해당없음,Y,392,일본,2,수집,2023-06-15,2026-07-28 00:00:00
P123-207020300-0967,주부9단 한우미역국,P,가공식품,1,가공식품,23,즉석식품류,23207,국/탕류,2300002,즉석섭취·편의식품류,230000203,즉석조리식품,00,해당없음,100g,16,,2.00,0.40,,1.11,0.44,,,,,,211,,,,,,,,,4.44,0.07,0.00,,,,,,,,,,,,,,,,,,,,,,,,,,,,,,,,,,,,,,,,,,,,,,,,,,,,,,,,,,,,,,,,,,,,,,,,,,,,,,,,,,,,,,,,,,,,,,,,,,,,,,,,,,,,,,,3,식품의약품안전처,250ml(g),450g,2015035506672,CK푸드원,해당없음,㈜ 농협목우촌,N,,해당없음,2,수집,2022-12-29,2026-07-28 00:00:00
P101-203000200-0834,종합박하향캔디,P,가공식품,1,가공식품,01,과자류·빵류 또는 떡류,01203,사탕,0100000,해당없음,010000002,캔디류,00,해당없음,100g,385,,0.00,0.30,,95.60,71.60,,,,,,2,,,,,,,,,0.00,0.10,0.00,,,,,,,,,,,,,,,,,,,,,,,,,,,,,,,,,,,,,,,,,,,,,,,,,,,,,,,,,,,,,,,,,,,,,,,,,,,,,,,,,,,,,,,,,,,,,,,,,,,,,,,,,,,,,,,3,식품의약품안전처,10g,700g,2011037013510,다산식품,해당없음,해당없음,N,,해당없음,2,수집,2021-06-30,2026-07-28 00:00:00
P101-107000100-0832,조청 오란다,P,가공식품,1,가공식품,01,과자류·빵류 또는 떡류,01107,전통과자,0100000,해당없음,010000001,과자,00,해당없음,100g,418,,8.00,11.00,,71.00,35.00,,,,,,160,,,,,,,,,0.00,3.10,0.00,,,,,,,,,,,,,,,,,,,,,,,,,,,,,,,,,,,,,,,,,,,,,,,,,,,,,,,,,,,,,,,,,,,,,,,,,,,,,,,,,,,,,,,,,,,,,,,,,,,,,,,,,,,,,,,3,식품의약품안전처,30g,100g,2020036185519,(주)모애당,해당없음,해당없음,N,,해당없음,2,수집,2024-11-11,2026-07-28 00:00:00
P109-102010200-1855,조선홍삼진액,P,가공식품,1,가공식품,09,음료류,09102,액상차,0900001,다류,090000102,액상차,00,해당없음,100ml,96,,0.00,0.00,,24.00,10.00,,,,,,0,,,,,,,,,0.00,0.00,0.00,,,,,,,,,,,,,,,,,,,,,,,,,,,,,,,,,,,,,,,,,,,,,,,,,,,,,,,,,,,,,,,,,,,,,,,,,,,,,,,,,,,,,,,,,,,,,,,,,,,,,,,,,,,,,,,3,식품의약품안전처,200ml,1000ml,2021049159014,후레쉬.com,해당없음,해당없음,N,,해당없음,2,수집,2024-06-25,2026-07-28 00:00:00
P120-301030100-0286,조미오징어다리,P,가공식품,1,가공식품,20,수산가공식품류,20301,조미건어포,2000003,건포류,200000301,조미건어포,00,해당없음,100g,320,,45.00,0.50,,34.00,13.00,,,,,,1230,,,,,,,,,0.69,0.00,0.00,,,,,,,,,,,,,,,,,,,,,,,,,,,,,,,,,,,,,,,,,,,,,,,,,,,,,,,,,,,,,,,,,,,,,,,,,,,,,,,,,,,,,,,,,,,,,,,,,,,,,,,,,,,,,,,3,식품의약품안전처,15g,100g,19870533003246,정화식품(주),해당없음,해당없음,N,,해당없음,2,수집,2024-12-16,2026-07-28 00:00:00
P123-305020300-0474,조르니키친 야심포차 매운 닭근위 볶음,P,가공식품,1,가공식품,23,즉석식품류,23305,기타 즉석식품,2300002,즉석섭취·편의식품류,230000203,즉석조리식품,00,해당없음,100g,130,,16.80,3.60,,7.60,4.80,,,,,,528,,,,,,,,,240.00,0.92,0.00,,,,,,,,,,,,,,,,,,,,,,,,,,,,,,,,,,,,,,,,,,,,,,,,,,,,,,,,,,,,,,,,,,,,,,,,,,,,,,,,,,,,,,,,,,,,,,,,,,,,,,,,,,,,,,,3,식품의약품안전처,,250g,2022051213943,(주)에이치에스식품,해당없음,해당없음,N,,해당없음,2,수집,2024-06-11,2026-07-28 00:00:00
P101-205000200-1928,젤리블리 달고나,P,가공식품,1,가공식품,01,과자류·빵류 또는 떡류,01205,젤리,0100000,해당없음,010000002,캔디류,00,해당없음,100g,117,,0.00,0.00,,28.33,25.00,,,,,,67,,,,,,,,,0.00,0.00,0.00,,,,,,,,,,,,,,,,,,,,,,,,,,,,,,,,,,,,,,,,,,,,,,,,,,,,,,,,,,,,,,,,,,,,,,,,,,,,,,,,,,,,,,,,,,,,,,,,,,,,,,,,,,,,,,,3,식품의약품안전처,10g,60g,2024054349830,(주)엠디에스코리아4공장,해당없음,해당없음,N,,해당없음,2,수집,2024-12-18,2026-07-28 00:00:00
P116-705070500-0847,제카오(JECAO)-V1,P,가공식품,1,가공식품,16,농산가공식품류,16705,기타 농산가공품,1600007,기타 농산가공품류,160000705,기타 농산가공품,00,해당없음,100g,392,,24.90,10.30,,51.20,1.50,,,,,,19,,,,,,,,,1.20,6.70,0.00,,,,,,,,,,,,,,,,,,,,,,,,,,,,,,,,,,,,,,,,,,,,,,,,,,,,,,,,,,,,,,,,,,,,,,,,,,,,,,,,,,,,,,,,,,,,,,,,,,,,,,,,,,,,,,,3,식품의약품안전처,,100g,2023043720219,(주)에이치엔노바텍,해당없음,해당없음,N,,해당없음,2,수집,2026-05-07,2026-07-28 00:00:00
P123-224020200-2299,제주우유 딸기샌드,P,가공식품,1,가공식품,23,즉석식품류,23224,샌드위치,2300002,즉석섭취·편의식품류,230000202,즉석섭취식품,00,해당없음,100g,185,,3.70,6.67,,23.70,9.63,,,,,,156,,,,,,,,,2.59,5.93,0.00,,,,,,,,,,,,,,,,,,,,,,,,,,,,,,,,,,,,,,,,,,,,,,,,,,,,,,,,,,,,,,,,,,,,,,,,,,,,,,,,,,,,,,,,,,,,,,,,,,,,,,,,,,,,,,,3,식품의약품안전처,150g,135g,201203626061025,(주)그린키친,해당없음,해당없음,N,,해당없음,2,수집,2023-12-31,2026-07-28 00:00:00
P109-103010300-0670,제주말차라떼,P,가공식품,1,가공식품,09,음료류,09103,고형차,0900001,다류,090000103,고형차,00,해당없음,100g,426,,4.75,14.01,,74.22,45.67,,,,,,225,,,,,,,,,3.08,12.43,0.00,,,,,,,,,,,,,,,,,,,,,,,,,,,,,,,,,,,,,,,,,,,,,,,,,,,,,,,,,,,,,,,,,,,,,,,,,,,,,,,,,,,,,,,,,,,,,,,,,,,,,,,,,,,,,,,3,식품의약품안전처,200ml,360g,20060372438941,(주)꽃샘식품,해당없음,해당없음,N,,해당없음,2,수집,2026-04-23,2026-07-28 00:00:00
P113-101010100-0029,제주감귤초,P,가공식품,1,가공식품,13,조미식품,13101,식초,1300001,식초류,130000101,발효식초,00,해당없음,100ml,23,,0.40,0.00,,5.30,5.30,,,,,,9,,,,,,,,,0.00,0.00,0.00,,,,,,,,,,,,,,,,,,,,,,,,,,,,,,,,,,,,,,,,,,,,,,,,,,,,,,,,,,,,,,,,,,,,,,,,,,,,,,,,,,,,,,,,,,,,,,,,,,,,,,,,,,,,,,,3,식품의약품안전처,5ml,200ml,2014062843217,주식회사제주자연초농업회사법인,해당없음,해당없음,N,,해당없음,2,수집,2022-12-29,2026-07-28 00:00:00
P120-104010400-1529,제주 딱새우어묵1,P,가공식품,1,가공식품,20,수산가공식품류,20104,어묵,2000001,어육가공품류,200000104,어묵,00,해당없음,100g,124,,11.50,4.10,,10.20,4.40,,,,,,602,,,,,,,,,27.00,0.80,0.00,,,,,,,,,,,,,,,,,,,,,,,,,,,,,,,,,,,,,,,,,,,,,,,,,,,,,,,,,,,,,,,,,,,,,,,,,,,,,,,,,,,,,,,,,,,,,,,,,,,,,,,,,,,,,,,3,식품의약품안전처,30g,100g,20110599122190,(주)부산해정식품,해당없음,해당없음,N,,해당없음,2,수집,2025-07-14,2026-07-28 00:00:00
P117-501050100-7221,제육볶음,P,가공식품,1,가공식품,17,식육가공품 및 포장육,17501,양념육,1700005,양념육류(축산물가공품),170000501,양념육,00,해당없음,100g,280,,10.00,19.00,,17.00,9.00,,,,,,650,,,,,,,,,45.00,6.00,0.05,,,,,,,,,,,,,,,,,,,,,,,,,,,,,,,,,,,,,,,,,,,,,,,,,,,,,,,,,,,,,,,,,,,,,,,,,,,,,,,,,,,,,,,,,,,,,,,,,,,,,,,,,,,,,,,3,식품의약품안전처,100g,400g,20140262016235,(주)견우마을 제2공장,해당없음,해당없음,N,,해당없음,2,수집,2026-04-28,2026-07-28 00:00:00
P123-204020300-1353,제로볶이,P,가공식품,1,가공식품,23,즉석식품류,23204,즉석 면요리,2300002,즉석섭취·편의식품류,230000203,즉석조리식품,00,해당없음,100g,119,,1.60,0.60,,26.70,0.00,,,,,,371,,,,,,,,,0.00,0.10,0.00,,,,,,,,,,,,,,,,,,,,,,,,,,,,,,,,,,,,,,,,,,,,,,,,,,,,,,,,,,,,,,,,,,,,,,,,,,,,,,,,,,,,,,,,,,,,,,,,,,,,,,,,,,,,,,,3,식품의약품안전처,,240g,20190378122142,주식회사나비야,해당없음,해당없음,N,,해당없음,2,수집,2025-09-23,2026-07-28 00:00:00
P120-600060000-3952,정호영 셰프의 기운센 민물장어구이,P,가공식품,1,가공식품,20,수산가공식품류,20600,기타 수산가공품,2000006,기타 수산물가공품,200000600,해당없음,00,해당없음,100g,288,,14.00,14.40,,25.70,19.70,,,,,,842,,,,,,,,,129.30,3.00,0.00,,,,,,,,,,,,,,,,,,,,,,,,,,,,,,,,,,,,,,,,,,,,,,,,,,,,,,,,,,,,,,,,,,,,,,,,,,,,,,,,,,,,,,,,,,,,,,,,,,,,,,,,,,,,,,,3,식품의약품안전처,,150g,20140128196142,(주)양산도에프엔비,해당없음,해당없음,N,,해당없음,2,수집,2026-06-15,2026-07-28 00:00:00
P117-501050200-0267,정지선 정통 중화 꿔바로우,P,가공식품,1,가공식품,17,식육가공품 및 포장육,17501,양념육,1700005,양념육류(축산물가공품),170000502,분쇄가공육제품,00,해당없음,100g,210,,13.50,9.50,,17.50,0.34,,,,,,140,,,,,,,,,27.50,1.90,0.00,,,,,,,,,,,,,,,,,,,,,,,,,,,,,,,,,,,,,,,,,,,,,,,,,,,,,,,,,,,,,,,,,,,,,,,,,,,,,,,,,,,,,,,,,,,,,,,,,,,,,,,,,,,,,,,3,식품의약품안전처,100g,200g,20160476014294,참바다영어조합법인멀티센터,해당없음,해당없음,N,,해당없음,2,수집,2024-12-17,2026-07-28 00:00:00
P116-702070100-2838,정성껏키워찐제주어린쑥,P,가공식품,1,가공식품,16,농산가공식품류,16702,채소가공품,1600007,기타 농산가공품류,160000701,과·채가공품,00,해당없음,100g,39,,3.71,0.00,,6.79,0.00,,,,,,0,,,,,,,,,0.00,0.00,0.00,,,,,,,,,,,,,,,,,,,,,,,,,,,,,,,,,,,,,,,,,,,,,,,,,,,,,,,,,,,,,,,,,,,,,,,,,,,,,,,,,,,,,,,,,,,,,,,,,,,,,,,,,,,,,,,3,식품의약품안전처,30g,300g,2012062776349,농업회사법인 주식회사 큰행복,해당없음,해당없음,N,,해당없음,2,수집,2026-04-21,2026-07-28 00:00:00
P123-208020300-1268,정량딱한끼 청국장 콩비지,P,가공식품,1,가공식품,23,즉석식품류,23208,찌개/전골류,2300002,즉석섭취·편의식품류,230000203,즉석조리식품,00,해당없음,100g,78,,5.75,4.93,,2.74,0.82,,,,,,458,,,,,,,,,0.00,1.18,0.00,,,,,,,,,,,,,,,,,,,,,,,,,,,,,,,,,,,,,,,,,,,,,,,,,,,,,,,,,,,,,,,,,,,,,,,,,,,,,,,,,,,,,,,,,,,,,,,,,,,,,,,,,,,,,,,3,식품의약품안전처,200ml(g),365g,20060362138344,(주)고향식품,해당없음,해당없음,N,,해당없음,2,수집,2025-10-10,2026-07-28 00:00:00
P123-224020200-2298,점보4단샌드햄참치,P,가공식품,1,가공식품,23,즉석식품류,23224,샌드위치,2300002,즉석섭취·편의식품류,230000202,즉석섭취식품,00,해당없음,100g,164,,3.77,3.77,,28.77,5.19,,,,,,309,,,,,,,,,4.72,1.13,0.00,,,,,,,,,,,,,,,,,,,,,,,,,,,,,,,,,,,,,,,,,,,,,,,,,,,,,,,,,,,,,,,,,,,,,,,,,,,,,,,,,,,,,,,,,,,,,,,,,,,,,,,,,,,,,,,3,식품의약품안전처,150g,212g,20000368225992,(주)청미,해당없음,해당없음,N,,해당없음,2,수집,2023-12-31,2026-07-28 00:00:00
P101-501000500-5034,전통쑥인절미,P,가공식품,1,가공식품,01,과자류·빵류 또는 떡류,01501,떡,0100000,해당없음,010000005,떡류,00,해당없음,100g,296,,2.00,1.30,,69.00,0.00,,,,,,252,,,,,,,,,0.00,0.30,0.00,,,,,,,,,,,,,,,,,,,,,,,,,,,,,,,,,,,,,,,,,,,,,,,,,,,,,,,,,,,,,,,,,,,,,,,,,,,,,,,,,,,,,,,,,,,,,,,,,,,,,,,,,,,,,,,3,식품의약품안전처,100g,100g,20180606677165,(주)신라병가 2공장,해당없음,해당없음,N,,해당없음,2,수집,2026-03-27,2026-07-28 00:00:00
P119-204020400-0420,전용목장우유 저지방,P,가공식품,1,가공식품,19,유가공품류,19204,가공우유,1900002,가공유류(축산물가공품),190000204,가공유,00,해당없음,100ml,40,,3.00,1.10,,5.00,5.00,,250,,,,50,,,,,,,,,5.00,0.50,0.00,,,,,,,,,,,,,,,,,,,,,,,,,,,,,,,,,,,,,,,,,,,,,,,,,,,,,,,,,,,,,,,,,,,,,,,,,,,,,,,,,,,,,,,,,,,,,,,,,,,,,,,,,,,,,,,3,식품의약품안전처,200ml,900ml,19930448001107,연세대학교 연세유업,해당없음,㈜컬리,N,,해당없음,2,수집,2022-12-29,2026-07-28 00:00:00
P117-501050100-4699,전국 막창 초벌 훈연 돼지막창,P,가공식품,1,가공식품,17,식육가공품 및 포장육,17501,양념육,1700005,양념육류(축산물가공품),170000501,양념육,00,해당없음,100g,242,,11.00,21.00,,3.00,0.40,,,,,,330,,,,,,,,,165.00,8.60,0.00,,,,,,,,,,,,,,,,,,,,,,,,,,,,,,,,,,,,,,,,,,,,,,,,,,,,,,,,,,,,,,,,,,,,,,,,,,,,,,,,,,,,,,,,,,,,,,,,,,,,,,,,,,,,,,,3,식품의약품안전처,100g,400g,20180536024302,주식회사 달구벌명가식품,해당없음,해당없음,N,,해당없음,2,수집,2025-11-05,2026-07-28 00:00:00
P116-302030200-2102,저스트 군밤 (45g),P,가공식품,1,가공식품,16,농산가공식품류,16302,견과류,1600003,땅콩 또는 견과류가공품류,160000302,땅콩 또는 견과류가공품,00,해당없음,100g,178,,4.44,1.33,,37.78,11.11,,,,,,22,,,,,,,,,0.00,0.22,0.00,,,,,,,,,,,,,,,,,,,,,,,,,,,,,,,,,,,,,,,,,,,,,,,,,,,,,,,,,,,,,,,,,,,,,,,,,,,,,,,,,,,,,,,,,,,,,,,,,,,,,,,,,,,,,,,3,식품의약품안전처,10g,45g,19CN3KN00D9,"TANGSHAN CITY MEIKEDUO FOOD CO., LTD.",(주)동원에프앤비,해당없음,Y,156,중국,2,수집,2026-04-16,2026-07-28 00:00:00
P105-001000100-0832,저당도 딸기잼,P,가공식품,1,가공식품,05,잼류,05001,잼,0500000,해당없음,050000001,잼,00,해당없음,100g,198,,1.00,0.00,,47.00,3.00,,,,,,6,,,,,,,,,0.00,0.00,0.00,,,,,,,,,,,,,,,,,,,,,,,,,,,,,,,,,,,,,,,,,,,,,,,,,,,,,,,,,,,,,,,,,,,,,,,,,,,,,,,,,,,,,,,,,,,,,,,,,,,,,,,,,,,,,,,3,식품의약품안전처,20g,220g,2024091045215,진주시농산물종합가공센터,해당없음,해당없음,N,,해당없음,2,수집,2024-11-05,2026-07-28 00:00:00
P101-405000400-8690,저당 소라빵,P,가공식품,1,가공식품,01,과자류·빵류 또는 떡류,01405,기타 빵,0100000,해당없음,010000004,빵류,00,해당없음,100g,294,,7.26,13.27,,36.45,2.39,,,,,,159,,,,,,,,,39.00,6.84,0.17,,,,,,,,,,,,,,,,,,,,,,,,,,,,,,,,,,,,,,,,,,,,,,,,,,,,,,,,,,,,,,,,,,,,,,,,,,,,,,,,,,,,,,,,,,,,,,,,,,,,,,,,,,,,,,,3,식품의약품안전처,70g,90g,2023011168562,킹스베이커리,해당없음,해당없음,N,,해당없음,2,수집,2026-01-09,2026-07-28 00:00:00
P123-204020200-0142,쟁반비빔막국수,P,가공식품,1,가공식품,23,즉석식품류,23204,즉석 면요리,2300002,즉석섭취·편의식품류,230000202,즉석섭취식품,00,해당없음,100g,155,,3.55,3.55,,27.35,8.10,,,,,,510,,,,,,,,,3.55,0.33,0.00,,,,,,,,,,,,,,,,,,,,,,,,,,,,,,,,,,,,,,,,,,,,,,,,,,,,,,,,,,,,,,,,,,,,,,,,,,,,,,,,,,,,,,,,,,,,,,,,,,,,,,,,,,,,,,,3,식품의약품안전처,,395g,200803362281432,(주)후레쉬서브,해당없음,해당없음,N,,해당없음,2,수집,2024-07-01,2026-07-28 00:00:00
P123-208020300-1357,장터 차돌된장찌개,P,가공식품,1,가공식품,23,즉석식품류,23208,찌개/전골류,2300002,즉석섭취·편의식품류,230000203,즉석조리식품,00,해당없음,100g,49,,3.50,2.00,,4.00,1.75,,,,,,412,,,,,,,,,4.75,0.70,0.00,,,,,,,,,,,,,,,,,,,,,,,,,,,,,,,,,,,,,,,,,,,,,,,,,,,,,,,,,,,,,,,,,,,,,,,,,,,,,,,,,,,,,,,,,,,,,,,,,,,,,,,,,,,,,,,3,식품의약품안전처,200ml(g),400g,20100275128136,주식회사 장터,해당없음,해당없음,N,,해당없음,2,수집,2026-01-27,2026-07-28 00:00:00
P109-102010200-4745,장수마을 이츠레드 양파즙,P,가공식품,1,가공식품,09,음료류,09102,액상차,0900001,다류,090000102,액상차,00,해당없음,100ml,26,,0.46,0.00,,5.91,5.82,,,,,,4,,,,,,,,,0.00,0.00,0.00,,,,,,,,,,,,,,,,,,,,,,,,,,,,,,,,,,,,,,,,,,,,,,,,,,,,,,,,,,,,,,,,,,,,,,,,,,,,,,,,,,,,,,,,,,,,,,,,,,,,,,,,,,,,,,,3,식품의약품안전처,200ml,110ml,202607750103,장수융복합가공지원센터,해당없음,해당없음,N,,해당없음,2,수집,2026-03-05,2026-07-28 00:00:00
P101-405000400-5804,잡채 버스트,P,가공식품,1,가공식품,01,과자류·빵류 또는 떡류,01405,기타 빵,0100000,해당없음,010000004,빵류,00,해당없음,100g,205,,5.00,3.60,,39.00,7.00,,,,,,441,,,,,,,,,0.00,0.60,0.00,,,,,,,,,,,,,,,,,,,,,,,,,,,,,,,,,,,,,,,,,,,,,,,,,,,,,,,,,,,,,,,,,,,,,,,,,,,,,,,,,,,,,,,,,,,,,,,,,,,,,,,,,,,,,,,3,식품의약품안전처,70g,100g,2018016177254,(주)백두에프엠,해당없음,해당없음,N,,해당없음,2,수집,2024-09-19,2026-07-28 00:00:00
P120-600060000-3209,잔치 바다친구들 한입너겟,P,가공식품,1,가공식품,20,수산가공식품류,20600,기타 수산가공품,2000006,기타 수산물가공품,200000600,해당없음,00,해당없음,100g,191,,13.10,13.00,,5.50,4.40,,,,,,818,,,,,,,,,21.80,2.10,0.00,,,,,,,,,,,,,,,,,,,,,,,,,,,,,,,,,,,,,,,,,,,,,,,,,,,,,,,,,,,,,,,,,,,,,,,,,,,,,,,,,,,,,,,,,,,,,,,,,,,,,,,,,,,,,,,3,식품의약품안전처,,1000g,20000149041469,(주)그린푸드,해당없음,해당없음,N,,해당없음,2,수집,2026-03-23,2026-07-28 00:00:00
P101-207000200-1665,자일톡톡 멜론향,P,가공식품,1,가공식품,01,과자류·빵류 또는 떡류,01207,기타 사탕,0100000,해당없음,010000002,캔디류,00,해당없음,100g,240,,0.00,0.00,,98.00,0.00,,,,,,0,,,,,,,,,0.00,0.00,0.00,,,,,,,,,,,,,,,,,,,,,,,,,99.400,,,,,,,,,,,,,,,,,,,,,,,,,,,,,,,,,,,,,,,,,,,,,,,,,,,,,,,,,,,,,,,,,,,,,,,,,,,,,,,,,,,,,,3,식품의약품안전처,10g,50g,20180360234108,스위트 플러스,해당없음,해당없음,N,,해당없음,2,수집,2026-01-26,2026-07-28 00:00:00
P103-102020500-3553,자유시간 밀크엔조이 딸기 mini,P,가공식품,1,가공식품,03,코코아가공품류 또는 초콜릿류,03102,초콜릿과자,0300002,초콜릿류,030000205,초콜릿가공품,00,해당없음,100g,460,,3.00,18.00,,72.00,54.00,,,,,,190,,,,,,,,,10.00,13.00,0.00,,,,,,,,,,,,,,,,,,,,,,,,,,,,,,,,,,,,,,,,,,,,,,,,,,,,,,,,,,,,,,,,,,,,,,,,,,,,,,,,,,,,,,,,,,,,,,,,,,,,,,,,,,,,,,,3,식품의약품안전처,30g,405g,19940449005324,해태제과식품(주)천안2공장,해당없음,해당없음,N,,해당없음,2,수집,2025-12-05,2026-07-28 00:00:00
P109-802080200-0173,자연생각복숭아홍차아이스티,P,가공식품,1,가공식품,09,음료류,09802,농축음료/베이스,0900008,기타음료,090000802,음료베이스,00,해당없음,100ml,200,,0.00,0.00,,50.00,7.00,,,,,,140,,,,,,,,,0.00,0.00,0.00,,,,,,,,,,,,,,,,,,,,,,,,,,,,,,,,,,,,,,,,,,,,,,,,,,,,,,,,,,,,,,,,,,,,,,,,,,,,,,,,,,,,,,,,,,,,,,,,,,,,,,,,,,,,,,,3,식품의약품안전처,150ml,980ml,20070440079100,(주)다원,해당없음,해당없음,N,,해당없음,2,수집,2019-06-30,2026-07-28 00:00:00
P116-704070400-0373,자연 부추 감자전,P,가공식품,1,가공식품,16,농산가공식품류,16704,서류가공품,1600007,기타 농산가공품류,160000704,서류가공품,00,해당없음,100g,96,,3.30,0.14,,21.60,3.21,2.4,12,0.33,,209,145,,,,,,,,0.00,0.00,0.09,0.00,,,,,,,,,,,,,,,,,,,,,,,,,,,,,,,,,,,,,,,,,,,,,,,,,,,,,,,,,,,,,,,,,,,,,,,,,,,,,,,,,,,,,,,,,,,,,,,,,,,,,,,,,,,,,,,3,식품의약품안전처,,390g,20140444104103,농업회사법인 내추럴쿡 주식회사,해당없음,해당없음,N,,해당없음,2,수집,2026-03-21,2026-07-28 00:00:00
P116-701070100-1575,자몽히비스커스베이스,P,가공식품,1,가공식품,16,농산가공식품류,16701,과일가공품,1600007,기타 농산가공품류,160000701,과·채가공품,00,해당없음,100g,160,,0.00,0.00,,40.00,40.00,,,,,,6,,,,,,,,,0.00,0.00,0.00,,,,,,,,,,,,,,,,,,,,,,,,,,,,,,,,,,,,,,,,,,,,,,,,,,,,,,,,,,,,,,,,,,,,,,,,,,,,,,,,,,,,,,,,,,,,,,,,,,,,,,,,,,,,,,,3,식품의약품안전처,30g,80g,201104452921335,(주)흥국에프엔비,해당없음,해당없음,N,,해당없음,2,수집,2025-11-07,2026-07-28 00:00:00
P101-409000400-7555,자개케이크 인절미맛크림,P,가공식품,1,가공식품,01,과자류·빵류 또는 떡류,01409,케이크,0100000,해당없음,010000004,빵류,00,해당없음,100g,305,,5.46,10.00,,48.18,23.64,,,,,,138,,,,,,,,,103.64,6.36,0.00,,,,,,,,,,,,,,,,,,,,,,,,,,,,,,,,,,,,,,,,,,,,,,,,,,,,,,,,,,,,,,,,,,,,,,,,,,,,,,,,,,,,,,,,,,,,,,,,,,,,,,,,,,,,,,,3,식품의약품안전처,70g,110g,20170308389637,엠즈베이커스주식회사,해당없음,해당없음,N,,해당없음,2,수집,2026-05-18,2026-07-28 00:00:00
P101-405000400-3527,잇찹 옥수수 튀김 볼,P,가공식품,1,가공식품,01,과자류·빵류 또는 떡류,01405,기타 빵,0100000,해당없음,010000004,빵류,00,해당없음,100g,195,,3.00,8.00,,27.00,8.00,,,,,,300,,,,,,,,,0.00,1.40,0.00,,,,,,,,,,,,,,,,,,,,,,,,,,,,,,,,,,,,,,,,,,,,,,,,,,,,,,,,,,,,,,,,,,,,,,,,,,,,,,,,,,,,,,,,,,,,,,,,,,,,,,,,,,,,,,,3,식품의약품안전처,70g,1000g,20160181137154,위버멘쉬코리아 주식회사,해당없음,해당없음,N,,해당없음,2,수집,2023-12-22,2026-07-28 00:00:00
P101-103000100-4666,임페리얼 골드 셀렉션 초콜릿맛 쿠키,P,가공식품,1,가공식품,01,과자류·빵류 또는 떡류,01103,비스킷/쿠키/크래커,0100000,해당없음,010000001,과자,00,해당없음,100g,521,,5.95,26.44,,64.77,23.57,,,,,,382,,,,,,,,,14.76,14.76,0.00,,,,,,,,,,,,,,,,,,,,,,,,,,,,,,,,,,,,,,,,,,,,,,,,,,,,,,,,,,,,,,,,,,,,,,,,,,,,,,,,,,,,,,,,,,,,,,,,,,,,,,,,,,,,,,,3,식품의약품안전처,30g,454g,24TH0JE00D3,KCG CORPORATION PUBLIC COMPANY LIMITED,효성인터내셔날,해당없음,Y,764,태국,2,수집,2026-04-29,2026-07-28 00:00:00
P116-303030200-0656,일품미가 피스타치오 카다이프 스프레드,P,가공식품,1,가공식품,16,농산가공식품류,16303,견과류 가공품,1600003,땅콩 또는 견과류가공품류,160000302,땅콩 또는 견과류가공품,00,해당없음,100g,653,,26.00,51.00,,18.00,3.00,,,,,,8,,,,,,,,,0.00,5.00,0.00,,,,,,,,,,,,,,,,,,,,,,,,,,,,,,,,,,,,,,,,,,,,,,,,,,,,,,,,,,,,,,,,,,,,,,,,,,,,,,,,,,,,,,,,,,,,,,,,,,,,,,,,,,,,,,,3,식품의약품안전처,10g,1000g,2024067227918,일품미가F&B,해당없음,해당없음,N,,해당없음,2,수집,2026-03-06,2026-07-28 00:00:00
P101-106000100-7188,일반과자,P,가공식품,1,가공식품,01,과자류·빵류 또는 떡류,01106,일반과자,0100000,해당없음,010000001,과자,00,해당없음,100g,521,1.1,2.35,26.04,1.19,69.27,22.15,4.6,117,2.05,36,42,367,10,10,0,0.065,0.000,,0.00,0.00,0.63,2.99,0.10,0,0,0,0,0,4,,0,0,0,2.99,2.61,0,0,0,1.27,0,0.55,0,0,0,0,,1.81,,0,,,0,18.59,,1.76,22.78,0,290.48,0,26,0,0,0,0,0,,9.22,0,23.5,17.1,,0,522.56,,0,133.6,1.13,233.2,48.64,0,0,1.13,9.27,11760.98,0,0,0,,82.83,0,20.07,,58.86,2308.49,,,0,,45.15,9,0.282,3.56,,0,0.21,,7.05,0,2034,671,1363,723,87,43,148,17,91,107,3,60,93,79,67,0,59,26,0,99,272,61,2.61,1.82,0,3,식품의약품안전처,30g,200g,2024_RD_20011,해당없음,해당없음,해당없음,N,,해당없음,1,분석,2024-12-31,2026-07-28 00:00:00
P101-409000400-6914,인절미크림치즈케이크,P,가공식품,1,가공식품,01,과자류·빵류 또는 떡류,01409,케이크,0100000,해당없음,010000004,빵류,00,해당없음,100g,352,,5.00,20.00,,38.00,26.00,,,,,,200,,,,,,,,,80.00,13.00,0.30,,,,,,,,,,,,,,,,,,,,,,,,,,,,,,,,,,,,,,,,,,,,,,,,,,,,,,,,,,,,,,,,,,,,,,,,,,,,,,,,,,,,,,,,,,,,,,,,,,,,,,,,,,,,,,,3,식품의약품안전처,70g,580g,20030347105965,(주)아워홈,해당없음,해당없음,N,,해당없음,2,수집,2024-12-31,2026-07-28 00:00:00
P108-003000400-0224,인생라면,P,가공식품,1,가공식품,08,면류,08003,라면,0800000,해당없음,080000004,유탕면,00,해당없음,100g,426,,9.47,13.68,,66.32,4.21,,,,,,1874,,,,,,,,,0.00,7.37,0.00,,,,,,,,,,,,,,,,,,,,,,,,,,,,,,,,,,,,,,,,,,,,,,,,,,,,,,,,,,,,,,,,,,,,,,,,,,,,,,,,,,,,,,,,,,,,,,,,,,,,,,,,,,,,,,,3,식품의약품안전처,"생·숙면 200g, 건면 100g, 당면 30g, 유탕면(봉지)120g, 유탕면(용기)80g",95g,19860309018847,오뚜기라면(주),해당없음,해당없음,N,,해당없음,2,수집,2021-06-30,2026-07-28 00:00:00
P114-300030000-1137,익숙한 불난멸추,P,가공식품,1,가공식품,14,절임류 또는 조림류,14300,기타 조림,1400003,조림류,140000300,해당없음,00,해당없음,100g,45,,1.51,2.21,,5.80,2.46,,,,,,495,,,,,,,,,0.00,0.34,1.00,,,,,,,,,,,,,,,,,,,,,,,,,,,,,,,,,,,,,,,,,,,,,,,,,,,,,,,,,,,,,,,,,,,,,,,,,,,,,,,,,,,,,,,,,,,,,,,,,,,,,,,,,,,,,,,3,식품의약품안전처,,250g,2025077566915,익숙한푸드,해당없음,해당없음,N,,해당없음,2,수집,2025-09-25,2026-07-28 00:00:00
P113-206020400-5885,이콘타디니 야채라구소스,P,가공식품,1,가공식품,13,조미식품,13206,기타 소스류,1300002,소스류,130000204,소스,00,해당없음,100g,160,,3.25,10.75,,12.25,11.75,,,,,,600,,,,,,,,,0.00,1.50,0.00,,,,,,,,,,,,,,,,,,,,,,,,,,,,,,,,,,,,,,,,,,,,,,,,,,,,,,,,,,,,,,,,,,,,,,,,,,,,,,,,,,,,,,,,,,,,,,,,,,,,,,,,,,,,,,,3,식품의약품안전처,"드레싱 15g, 덮밥소스 165g",250g,25IT1T600D0,TRENTIN SOCIETA’ AGRICOLA SRL,케미상사,해당없음,Y,380,이탈리아,2,수집,2025-08-06,2026-07-28 00:00:00
P101-206000200-0430,이즈니 솔티드버터 카라멜 칩,P,가공식품,1,가공식품,01,과자류·빵류 또는 떡류,01206,캐러멜,0100000,해당없음,010000002,캔디류,00,해당없음,100g,429,,2.00,9.00,,85.00,59.00,,,,,,200,,,,,,,,,21.00,6.00,0.40,,,,,,,,,,,,,,,,,,,,,,,,,,,,,,,,,,,,,,,,,,,,,,,,,,,,,,,,,,,,,,,,,,,,,,,,,,,,,,,,,,,,,,,,,,,,,,,,,,,,,,,,,,,,,,,3,식품의약품안전처,10g,900g,26FR01A00D7,CARAPACK,대한제분(주),해당없음,Y,250,프랑스,2,수집,2026-01-07,2026-07-28 00:00:00
P123-305020300-0802,이야이야 팔라펠,P,가공식품,1,가공식품,23,즉석식품류,23305,기타 즉석식품,2300002,즉석섭취·편의식품류,230000203,즉석조리식품,00,해당없음,100g,192,,8.00,6.00,,26.00,1.00,,,,,,388,,,,,,,,,0.00,1.30,0.00,,,,,,,,,,,,,,,,,,,,,,,,,,,,,,,,,,,,,,,,,,,,,,,,,,,,,,,,,,,,,,,,,,,,,,,,,,,,,,,,,,,,,,,,,,,,,,,,,,,,,,,,,,,,,,,3,식품의약품안전처,,500g,202503901606,이야이야앤프렌즈팩토리,해당없음,해당없음,N,,해당없음,2,수집,2025-09-29,2026-07-28 00:00:00
P120-200020200-0976,이보은의 정(正)명란,P,가공식품,1,가공식품,20,수산가공식품류,20200,젓갈/액젓,2000002,젓갈류,200000202,양념젓갈,00,해당없음,100g,161,,24.00,4.00,,7.30,0.60,,,,,,1596,,,,,,,,,338.60,1.00,0.00,,,,,,,,,,,,,,,,,,,,,,,,,,,,,,,,,,,,,,,,,,,,,,,,,,,,,,,,,,,,,,,,,,,,,,,,,,,,,,,,,,,,,,,,,,,,,,,,,,,,,,,,,,,,,,,3,식품의약품안전처,,193.40g,20150128061205,송가수산 주식회사,해당없음,해당없음,N,,해당없음,2,수집,2026-04-17,2026-07-28 00:00:00
P104-701070000-0018,이로코,P,가공식품,1,가공식품,04,당류,04701,당류가공품,0400007,당류가공품,040000700,해당없음,00,해당없음,100g,550,,7.00,34.00,,54.00,52.00,,,,,,45,,,,,,,,,0.00,7.00,0.00,,,,,,,,,,,,,,,,,,,,,,,,,,,,,,,,,,,,,,,,,,,,,,,,,,,,,,,,,,,,,,,,,,,,,,,,,,,,,,,,,,,,,,,,,,,,,,,,,,,,,,,,,,,,,,,3,식품의약품안전처,,10000g,2020_DNSP_04025,해당없음,BARRY CALLEBAUT MANUFACTURING IBERICA S.A.U,해당없음,Y,724,스페인,2,수집,2020-06-30,2026-07-28 00:00:00
P108-001000300-0635,이나니와소면,P,가공식품,1,가공식품,08,면류,08001,국수,0800000,해당없음,080000003,건면,00,해당없음,100g,334,,9.00,1.00,,72.20,3.70,,,,,,2300,,,,,,,,,0.00,0.27,0.00,,,,,,,,,,,,,,,,,,,,,,,,,,,,,,,,,,,,,,,,,,,,,,,,,,,,,,,,,,,,,,,,,,,,,,,,,,,,,,,,,,,,,,,,,,,,,,,,,,,,,,,,,,,,,,,3,식품의약품안전처,"생·숙면 200g, 건면 100g, 당면 30g, 유탕면(봉지)120g, 유탕면(용기)80g",200g,24JP1BL00D1,KABUSHIKIGAISHA INANIWA UDON OGAWA,주식회사서영티앤씨,해당없음,Y,392,일본,2,수집,2024-08-02,2026-07-28 00:00:00
P117-100010100-2148,의성마늘 통살구이 고추장삼겹,P,가공식품,1,가공식품,17,식육가공품 및 포장육,17100,햄,1700001,햄류(축산물가공품),170000101,햄,00,해당없음,100g,182,,15.00,11.43,,5.00,0.71,,,,,,579,,,,,,,,,53.57,4.29,0.29,,,,,,,,,,,,,,,,,,,,,,,,,,,,,,,,,,,,,,,,,,,,,,,,,,,,,,,,,,,,,,,,,,,,,,,,,,,,,,,,,,,,,,,,,,,,,,,,,,,,,,,,,,,,,,,3,식품의약품안전처,30g,140g,19980448009386,주식회사 하이푸드텍,해당없음,해당없음,N,,해당없음,2,수집,2026-04-13,2026-07-28 00:00:00
P101-412000400-0485,윤호손수호두파이,P,가공식품,1,가공식품,01,과자류·빵류 또는 떡류,01412,파이/타르트,0100000,해당없음,010000004,빵류,00,해당없음,100g,316,,5.97,1.19,,71.64,14.93,,,,,,261,,,,,,,,,37.31,0.30,0.00,,,,,,,,,,,,,,,,,,,,,,,,,,,,,,,,,,,,,,,,,,,,,,,,,,,,,,,,,,,,,,,,,,,,,,,,,,,,,,,,,,,,,,,,,,,,,,,,,,,,,,,,,,,,,,,3,식품의약품안전처,70g,200g,202401760241,(주)후누BDF,해당없음,해당없음,N,,해당없음,2,수집,2024-02-06,2026-07-28 00:00:00
P101-415000400-1243,육즙가득 돈불고기 미니피자,P,가공식품,1,가공식품,01,과자류·빵류 또는 떡류,01415,피자,0100000,해당없음,010000004,빵류,00,해당없음,100g,262,,12.00,14.00,,19.00,5.00,,,,,,353,,,,,,,,,15.00,5.00,0.00,,,,,,,,,,,,,,,,,,,,,,,,,,,,,,,,,,,,,,,,,,,,,,,,,,,,,,,,,,,,,,,,,,,,,,,,,,,,,,,,,,,,,,,,,,,,,,,,,,,,,,,,,,,,,,,3,식품의약품안전처,150g,100g,2020057409075,주식회사라망,해당없음,해당없음,N,,해당없음,2,수집,2026-03-26,2026-07-28 00:00:00
P123-207020300-0864,육개장,P,가공식품,1,가공식품,23,즉석식품류,23207,국/탕류,2300002,즉석섭취·편의식품류,230000203,즉석조리식품,00,해당없음,100g,64,,3.04,4.41,,3.16,0.24,,,,,,269,,,,,,,,,12.64,2.43,0.19,,,,,,,,,,,,,,,,,,,,,,,,,,,,,,,,,,,,,,,,,,,,,,,,,,,,,,,,,,,,,,,,,,,,,,,,,,,,,,,,,,,,,,,,,,,,,,,,,,,,,,,,,,,,,,,3,식품의약품안전처,250ml(g),600g,2005036205612,성일식품,해당없음,해당없음,N,,해당없음,2,수집,2020-06-30,2026-07-28 00:00:00
P109-102010200-1079,유자차,P,가공식품,1,가공식품,09,음료류,09102,액상차,0900001,다류,090000102,액상차,00,해당없음,100g,30,92.4,0.04,0.01,0.07,7.51,6.51,0.8,0,0.03,0,0,7,0,0,0,0.000,0.000,0.000,3.32,0.00,0.00,0.00,0.00,,,,,,,,,,,,,,,,,,,,,,,,,,,,,,,,,,,,,,,,,,,,,,,,,,,,,,,,,,,,,,,,,,,,,,,,,,,,,,,,,,,,,,,,,,,,,,,,,,,,,,,,,,,,,,,1,농촌진흥청(국가표준식품성분표),200ml,,2023_RDA_00042,해당없음,해당없음,해당없음,N,,해당없음,1,분석,2023-04-27,2026-07-28 00:00:00
P123-201020300-2303,유어스새우볶음밥,P,가공식품,1,가공식품,23,즉석식품류,23201,밥류,2300002,즉석섭취·편의식품류,230000203,즉석조리식품,00,해당없음,100g,176,,3.48,2.61,,34.78,0.43,,,,,,230,,,,,,,,,6.52,0.74,0.00,,,,,,,,,,,,,,,,,,,,,,,,,,,,,,,,,,,,,,,,,,,,,,,,,,,,,,,,,,,,,,,,,,,,,,,,,,,,,,,,,,,,,,,,,,,,,,,,,,,,,,,,,,,,,,,3,식품의약품안전처,210g,230g,20150493208124,(주)태송,해당없음,해당없음,N,,해당없음,2,수집,2020-06-30,2026-07-28 00:00:00
P123-203020200-0388,유부초밥,P,가공식품,1,가공식품,23,즉석식품류,23203,주먹밥/김밥/초밥,2300002,즉석섭취·편의식품류,230000202,즉석섭취식품,00,해당없음,100g,181,,4.40,6.04,,27.47,5.49,,,,,,363,,,,,,,,,0.00,0.82,0.00,,,,,,,,,,,,,,,,,,,,,,,,,,,,,,,,,,,,,,,,,,,,,,,,,,,,,,,,,,,,,,,,,,,,,,,,,,,,,,,,,,,,,,,,,,,,,,,,,,,,,,,,,,,,,,,3,식품의약품안전처,210g,182g,20130528041975,(주)현대푸드시스템,해당없음,해당없음,N,,해당없음,2,수집,2021-06-30,2026-07-28 00:00:00
P119-202040200-1612,유당제로 시그니처 그릭요거트,P,가공식품,1,가공식품,19,유가공품류,19202,농후발효유,1900004,발효유류(축산물가공품),190000402,농후발효유,00,해당없음,100g,175,,8.00,15.00,,9.00,1.00,,,,,,5,,,,,,,,,46.00,8.00,0.00,,,,,,,,,,,,,,,,,,,,,,,,,,,,,0,,,,,,,,,,,,,,,,,,,,,,,,,,,,,,,,,,,,,,,,,,,,,,,,,,,,,,,,,,,,,,,,,,,,,,,,,,,,,,,,,,3,식품의약품안전처,"액상 150ml, 호상 100ml(g)",100g,2016053202166,주식회사 강훈농업회사법인,해당없음,해당없음,N,,해당없음,2,수집,2026-03-10,2026-07-28 00:00:00
P107-103010300-0098,유기농카놀라유,P,가공식품,1,가공식품,07,식용유지류,07103,유채씨유/카놀라유,0700001,식물성유지류,070000103,채종유(유채유 또는 카놀라유),00,해당없음,100g,891,,0.00,99.00,,0.00,0.00,,,,,,0,,,,,,,,,0.00,7.00,0.00,,,,,,,,,,,,,,,,,,,,,,,,,,,,,,,,,,,,,,,,,,,,,,,,,,,,,,,,,,,,,,,,,,,,,,,,,,,,,,,,,,,,,,,,,,,,,,,,,,,,,,,,,,,,,,,3,식품의약품안전처,5g(ml),,20USMRH00D6,GEMSA ENTERPRISES LLC,(주)가보트레이딩,해당없음,Y,840,미국,2,수집,2023-12-31,2026-07-28 00:00:00
P109-302030200-1604,유기농보리새싹주스,P,가공식품,1,가공식품,09,음료류,09302,과·채주스,0900003,과일·채소류음료,090000302,과·채주스,00,해당없음,100ml,34,,0.80,0.10,,7.40,6.40,,,,,,0,,,,,,,,,0.00,0.10,0.00,,,,,,,,,,,,,,,,,,,,,,,,,,,,,,,,,,,,,,,,,,,,,,,,,,,,,,,,,,,,,,,,,,,,,,,,,,,,,,,,,,,,,,,,,,,,,,,,,,,,,,,,,,,,,,,3,식품의약품안전처,200ml,500ml,2020_DNSP_03881,해당없음,P.P.H.U. BIO JUICE PIOTR MICHALAK,해당없음,Y,616,폴란드,2,수집,2020-06-30,2026-07-28 00:00:00
P103-101020100-1271,유기농 헤이즐넛 초콜릿,P,가공식품,1,가공식품,03,코코아가공품류 또는 초콜릿류,03101,초콜릿,0300002,초콜릿류,030000201,초콜릿,00,해당없음,100g,312,,6.00,23.50,,16.50,7.50,,,,,,25,,,,,,,,,0.00,11.00,0.00,,,,,,,,,,,,,,,,,,,,,,,,,,,,,,,,,,,,,,,,,,,,,,,,,,,,,,,,,,,,,,,,,,,,,,,,,,,,,,,,,,,,,,,,,,,,,,,,,,,,,,,,,,,,,,,3,식품의약품안전처,15g,50g,23IT2IQ00D4,CACAO CRUDO SRL,시즌글라스,해당없음,Y,380,이탈리아,2,수집,2023-01-10,2026-07-28 00:00:00
P101-101000100-0922,유기농 작두콩 쌀과자,P,가공식품,1,가공식품,01,과자류·빵류 또는 떡류,01101,강냉이/팝콘,0100000,해당없음,010000001,과자,00,해당없음,100g,380,,10.00,0.00,,70.00,0.00,,,,,,0,,,,,,,,,0.00,0.00,0.00,,,,,,,,,,,,,,,,,,,,,,,,,,,,,,,,,,,,,,,,,,,,,,,,,,,,,,,,,,,,,,,,,,,,,,,,,,,,,,,,,,,,,,,,,,,,,,,,,,,,,,,,,,,,,,,3,식품의약품안전처,20g,30g,2019059379378,주식회사이음새농업회사법인,해당없음,해당없음,N,,해당없음,2,수집,2025-10-28,2026-07-28 00:00:00
P109-302030200-6164,유기농 양배추즙 100%,P,가공식품,1,가공식품,09,음료류,09302,과·채주스,0900003,과일·채소류음료,090000302,과·채주스,00,해당없음,100g,37,,1.11,0.21,,7.70,6.72,,,,,,18,,,,,,,,,0.00,0.11,0.00,,,,,,,,,,,,,,,,,,,,,,,,,,,,,,,,,,,,,,,,,,,,,,,,,,,,,,,,,,,,,,,,,,,,,,,,,,,,,,,,,,,,,,,,,,,,,,,,,,,,,,,,,,,,,,,3,식품의약품안전처,200ml,100g,20140368660522,(주)자임에프앤비,해당없음,해당없음,N,,해당없음,2,수집,2026-02-20,2026-07-28 00:00:00
P109-302030200-5774,유기농 블루베리 착즙 100%,P,가공식품,1,가공식품,09,음료류,09302,과·채주스,0900003,과일·채소류음료,090000302,과·채주스,00,해당없음,100g,32,,0.24,0.21,,7.19,6.34,,,,,,2,,,,,,,,,0.00,0.01,0.00,,,,,,,,,,,,,,,,,,,,,,,,,,,,,,,,,,,,,,,,,,,,,,,,,,,,,,,,,,,,,,,,,,,,,,,,,,,,,,,,,,,,,,,,,,,,,,,,,,,,,,,,,,,,,,,3,식품의약품안전처,200ml,280g,20190473161412,(주)휴온스엔,해당없음,해당없음,N,,해당없음,2,수집,2025-12-03,2026-07-28 00:00:00
P101-203000200-3163,유기농 레몬생강 캔디,P,가공식품,1,가공식품,01,과자류·빵류 또는 떡류,01203,사탕,0100000,해당없음,010000002,캔디류,00,해당없음,100g,356,,0.00,0.00,,89.00,70.00,,,,,,25,,,,,,,,,0.00,0.00,0.00,,,,,,,,,,,,,,,,,,,,,,,,,,,,,,,,,,,,,,,,,,,,,,,,,,,,,,,,,,,,,,,,,,,,,,,,,,,,,,,,,,,,,,,,,,,,,,,,,,,,,,,,,,,,,,,3,식품의약품안전처,10g,90g,23IT6HK00D6,ISTITUTO BIOCHIMICO FARMACEUTICO FASSI - SOCIETA’ PER AZIONI,(주)탄탄관리,해당없음,Y,380,이탈리아,2,수집,2023-06-07,2026-07-28 00:00:00
P109-302030200-3570,유기농 CCA클렌즈 주스 프리미엄,P,가공식품,1,가공식품,09,음료류,09302,과·채주스,0900003,과일·채소류음료,090000302,과·채주스,00,해당없음,100ml,40,,0.00,0.00,,9.00,7.00,,,,,,35,,,,,,,,,0.00,0.00,0.00,,,,,,,,,,,,,,,,,,,,,,,,,,,,,,,,,,,,,,,,,,,,,,,,,,,,,,,,,,,,,,,,,,,,,,,,,,,,,,,,,,,,,,,,,,,,,,,,,,,,,,,,,,,,,,,3,식품의약품안전처,200ml,100ml,20090555025106,(주)보성식품,해당없음,해당없음,N,,해당없음,2,수집,2024-08-14,2026-07-28 00:00:00
P109-801080100-3839,위시캣 딸기맛,P,가공식품,1,가공식품,09,음료류,09801,액상음료,0900008,기타음료,090000801,혼합음료,00,해당없음,100ml,27,,0.00,0.00,,6.67,6.25,,,,,,42,,,,,,,,,0.00,0.00,0.00,,,,,,,,,,,,,,,,,,,,,,,,,,,,,,,,,,,,,,,,,,,,,,,,,,,,,,,,,,,,,,,,,,,,,,,,,,,,,,,,,,,,,,,,,,,,,,,,,,,,,,,,,,,,,,,3,식품의약품안전처,200ml,240ml,200206230091095,퓨어플러스(주),해당없음,해당없음,N,,해당없음,2,수집,2025-03-13,2026-07-28 00:00:00
P116-702070100-1419,웰스믹 멜라토닌 텐 프리미엄,P,가공식품,1,가공식품,16,농산가공식품류,16702,채소가공품,1600007,기타 농산가공품류,160000701,과·채가공품,00,해당없음,100g,385,,16.90,1.00,,77.00,2.10,,,,,,33,,,,,,,,,0.00,0.70,0.00,,,,,,,,,,,,,,,,,,,,,,,,,,,,,,,,,,,,,,,,,,,,,,,,,,,,,,,,,,,,,,,,,,,,,,,,,,,,,,,,,,,,,,,,,,,,,,,,,,,,,,,,,,,,,,,3,식품의약품안전처,30g,100g,20090415087195,주식회사힐링바이오,해당없음,해당없음,N,,해당없음,2,수집,2025-09-05,2026-07-28 00:00:00
P103-101020500-1596,웨더스 오리지널 소프트 초콜릿 카라멜(100g),P,가공식품,1,가공식품,03,코코아가공품류 또는 초콜릿류,03101,초콜릿,0300002,초콜릿류,030000205,초콜릿가공품,00,해당없음,100g,466,,4.20,20.70,,65.60,46.30,0.0,148,0.37,,259,140,,,,,,,,0.00,23.30,13.10,0.10,,,,,,,,,,,,,,,,,,,,,,,,,,,,,,,,,,,,,,,,,,,,,,,,,,,,,,,,,,,,,,,,,,,,,,,,,,,,,,,,,,,,,,,,,,,,,,,,,,,,,,,,,,,,,,,3,식품의약품안전처,15g,100g,2024_RD_10775,AUGUST STORCK KG,(주)삼경에프에스,해당없음,Y,276,독일,2,수집,2024-12-31,2026-07-28 00:00:00
P101-205000200-2835,원피스 서프라이즈 마이키링 젤리빈,P,가공식품,1,가공식품,01,과자류·빵류 또는 떡류,01205,젤리,0100000,해당없음,010000002,캔디류,00,해당없음,100g,380,,0.00,0.00,,96.00,69.00,,,,,,60,,,,,,,,,0.00,0.00,0.00,,,,,,,,,,,,,,,,,,,,,,,,,,,,,,,,,,,,,,,,,,,,,,,,,,,,,,,,,,,,,,,,,,,,,,,,,,,,,,,,,,,,,,,,,,,,,,,,,,,,,,,,,,,,,,,3,식품의약품안전처,10g,,23CN2GI00D4,CHAOZHOU CHAOAN DAFA FOOD CO.，LTD.,주식회사 미스티,해당없음,Y,156,중국,2,수집,2023-12-31,2026-07-28 00:00:00
P116-302030200-1499,원데이 발란스 BLACK LABEL,P,가공식품,1,가공식품,16,농산가공식품류,16302,견과류,1600003,땅콩 또는 견과류가공품류,160000302,땅콩 또는 견과류가공품,00,해당없음,100g,563,,24.34,36.41,,34.40,7.44,,,,,,239,,,,,,,,,0.00,7.23,0.00,,,,,,,,,,,,,,,,,,,,,,,,,,,,,,,,,,,,,,,,,,,,,,,,,,,,,,,,,,,,,,,,,,,,,,,,,,,,,,,,,,,,,,,,,,,,,,,,,,,,,,,,,,,,,,,3,식품의약품안전처,10g,20g,20110372532339,(주)산과들에,해당없음,해당없음,N,,해당없음,2,수집,2025-11-26,2026-07-28 00:00:00
P117-201020100-0428,웅스빌 소시지(카레맛),P,가공식품,1,가공식품,17,식육가공품 및 포장육,17201,소시지,1700002,소시지류(축산물가공품),170000201,소시지,00,해당없음,100g,115,,20.71,1.43,,5.00,1.43,,,,,,170,,,,,,,,,40.00,0.00,0.00,,,,,,,,,,,,,,,,,,,,,,,,,,,,,,,,,,,,,,,,,,,,,,,,,,,,,,,,,,,,,,,,,,,,,,,,,,,,,,,,,,,,,,,,,,,,,,,,,,,,,,,,,,,,,,,3,식품의약품안전처,30g,140g,2021060098813,주식회사 피트쿡,해당없음,(주)피트쿡,N,,해당없음,2,수집,2022-12-29,2026-07-28 00:00:00
P101-415000400-1043,우주인피자 마르게리타 미니,P,가공식품,1,가공식품,01,과자류·빵류 또는 떡류,01415,피자,0100000,해당없음,010000004,빵류,00,해당없음,100g,243,,9.74,6.64,,35.84,3.54,,,,,,518,,,,,,,,,6.64,2.04,0.18,,,,,,,,,,,,,,,,,,,,,,,,,,,,,,,,,,,,,,,,,,,,,,,,,,,,,,,,,,,,,,,,,,,,,,,,,,,,,,,,,,,,,,,,,,,,,,,,,,,,,,,,,,,,,,,3,식품의약품안전처,150g,226g,2020030120886,(주)아머드프레시팩토리,해당없음,해당없음,N,,해당없음,2,수집,2025-09-08,2026-07-28 00:00:00
P119-204020400-0382,우유속에 코코아 락토프리,P,가공식품,1,가공식품,19,유가공품류,19204,가공우유,1900002,가공유류(축산물가공품),190000204,가공유,00,해당없음,100ml,80,,2.33,2.80,,11.33,8.67,,80,,,,52,,,,,,,,,10.00,1.60,0.13,,,,,,,,,,,,,,,,,,,,,,,,,,,,,,,,,,,,,,,,,,,,,,,,,,,,,,,,,,,,,,,,,,,,,,,,,,,,,,,,,,,,,,,,,,,,,,,,,,,,,,,,,,,,,,,3,식품의약품안전처,200ml,300ml,2002044800413,매일유업(주) 청양공장,해당없음,해당없음,N,,해당없음,2,수집,2024-04-17,2026-07-28 00:00:00
P117-501050100-0958,우아한 양념LA갈비,P,가공식품,1,가공식품,17,식육가공품 및 포장육,17501,양념육,1700005,양념육류(축산물가공품),170000501,양념육,00,해당없음,100g,125,,11.00,6.00,,8.00,6.00,,,,,,300,,,,,,,,,40.00,1.70,0.10,,,,,,,,,,,,,,,,,,,,,,,,,,,,,,,,,,,,,,,,,,,,,,,,,,,,,,,,,,,,,,,,,,,,,,,,,,,,,,,,,,,,,,,,,,,,,,,,,,,,,,,,,,,,,,,3,식품의약품안전처,100g,600g,2022030300440,(주)진성식품,해당없음,해당없음,N,,해당없음,2,수집,2023-12-22,2026-07-28 00:00:00
P101-404000400-1319,우베 베이글,P,가공식품,1,가공식품,01,과자류·빵류 또는 떡류,01404,베이글,0100000,해당없음,010000004,빵류,00,해당없음,100g,290,,7.00,5.00,,53.00,8.00,,,,,,587,,,,,,,,,7.00,2.00,0.00,,,,,,,,,,,,,,,,,,,,,,,,,,,,,,,,,,,,,,,,,,,,,,,,,,,,,,,,,,,,,,,,,,,,,,,,,,,,,,,,,,,,,,,,,,,,,,,,,,,,,,,,,,,,,,,3,식품의약품안전처,70g,2000g,2024017807847,온타임,해당없음,해당없음,N,,해당없음,2,수집,2026-06-04,2026-07-28 00:00:00
P123-201020300-2255,우리아이입안애7가지채소볶음밥,P,가공식품,1,가공식품,23,즉석식품류,23201,밥류,2300002,즉석섭취·편의식품류,230000203,즉석조리식품,00,해당없음,100g,155,,2.50,2.10,,31.50,1.50,,,,,,345,,,,,,,,,0.00,0.30,0.00,,,,,,,,,,,,,,,,,,,,,,,,,,,,,,,,,,,,,,,,,,,,,,,,,,,,,,,,,,,,,,,,,,,,,,,,,,,,,,,,,,,,,,,,,,,,,,,,,,,,,,,,,,,,,,,3,식품의약품안전처,210g,400g,199301993491143,천일식품,해당없음,해당없음,N,,해당없음,2,수집,2021-06-30,2026-07-28 00:00:00
P101-409000400-7113,우리쌀 호국영웅케이크,P,가공식품,1,가공식품,01,과자류·빵류 또는 떡류,01409,케이크,0100000,해당없음,010000004,빵류,00,해당없음,100g,416,,6.00,21.00,,50.00,24.00,,,,,,145,,,,,,,,,60.00,5.00,0.07,,,,,,,,,,,,,,,,,,,,,,,,,,,,,,,,,,,,,,,,,,,,,,,,,,,,,,,,,,,,,,,,,,,,,,,,,,,,,,,,,,,,,,,,,,,,,,,,,,,,,,,,,,,,,,,3,식품의약품안전처,70g,1000g,20130333299311,(주)달그래,해당없음,해당없음,N,,해당없음,2,수집,2026-03-31,2026-07-28 00:00:00
P109-302030200-1534,우리사과클라우디100,P,가공식품,1,가공식품,09,음료류,09302,과·채주스,0900003,과일·채소류음료,090000302,과·채주스,00,해당없음,100ml,48,,0.00,0.00,,12.00,11.00,,,,,,25,,,,,,,,,0.00,0.00,0.00,,,,,,,,,,,,,,,,,,,,,,,,,,,,,,,,,,,,,,,,,,,,,,,,,,,,,,,,,,,,,,,,,,,,,,,,,,,,,,,,,,,,,,,,,,,,,,,,,,,,,,,,,,,,,,,3,식품의약품안전처,200ml,1500ml,19920562023318,대구경북능금농협,해당없음,해당없음,N,,해당없음,2,수집,2021-06-30,2026-07-28 00:00:00
P101-103000400-1178,우리밀소프트초코칩쿠키,P,가공식품,1,가공식품,01,과자류·빵류 또는 떡류,01103,비스킷/쿠키/크래커,0100000,해당없음,010000004,빵류,00,해당없음,100g,502,,6.80,23.60,,65.60,14.80,,,,,,255,,,,,,,,,17.60,8.80,0.00,,,,,,,,,,,,,,,,,,,,,,,,,,,,,,,,,,,,,,,,,,,,,,,,,,,,,,,,,,,,,,,,,,,,,,,,,,,,,,,,,,,,,,,,,,,,,,,,,,,,,,,,,,,,,,,3,식품의약품안전처,30g,750g,20060368135444,농업회사법인(주)마크로드제과,해당없음,해당없음,N,,해당없음,2,수집,2021-06-30,2026-07-28 00:00:00
P101-405000400-5061,우리밀 치즈볼,P,가공식품,1,가공식품,01,과자류·빵류 또는 떡류,01405,기타 빵,0100000,해당없음,010000004,빵류,00,해당없음,100g,300,,8.00,10.00,,44.00,16.00,,,,,,280,,,,,,,,,40.00,3.60,0.00,,,,,,,,,,,,,,,,,,,,,,,,,,,,,,,,,,,,,,,,,,,,,,,,,,,,,,,,,,,,,,,,,,,,,,,,,,,,,,,,,,,,,,,,,,,,,,,,,,,,,,,,,,,,,,,3,식품의약품안전처,70g,1000g,20170549035305,주식회사키큰아이,해당없음,해당없음,N,,해당없음,2,수집,2024-04-02,2026-07-28 00:00:00
P106-001000100-0810,우리맛국산연두부,P,가공식품,1,가공식품,06,두부류 또는 묵류,06001,두부,0600000,해당없음,060000001,두부,00,해당없음,100g,55,,5.00,3.00,,2.00,0.00,,,,,,5,,,,,,,,,0.00,0.50,0.00,,,,,,,,,,,,,,,,,,,,,,,,,,,,,,,,,,,,,,,,,,,,,,,,,,,,,,,,,,,,,,,,,,,,,,,,,,,,,,,,,,,,,,,,,,,,,,,,,,,,,,,,,,,,,,,3,식품의약품안전처,80g,100g,202509013496,야베스푸드,해당없음,해당없음,N,,해당없음,2,수집,2025-12-30,2026-07-28 00:00:00
P120-104010400-2203,우로코기 이자카야 타원,P,가공식품,1,가공식품,20,수산가공식품류,20104,어묵,2000001,어육가공품류,200000104,어묵,00,해당없음,100g,189,,12.90,10.50,,10.70,3.50,,,,,,521,,,,,,,,,20.40,1.70,0.10,,,,,,,,,,,,,,,,,,,,,,,,,,,,,,,,,,,,,,,,,,,,,,,,,,,,,,,,,,,,,,,,,,,,,,,,,,,,,,,,,,,,,,,,,,,,,,,,,,,,,,,,,,,,,,,3,식품의약품안전처,30g,100g,20040149167293,부산대원식품주식회사,해당없음,해당없음,N,,해당없음,2,수집,2026-01-19,2026-07-28 00:00:00
P117-800050200-1382,우가완자 소 로우완,P,가공식품,1,가공식품,17,식육가공품 및 포장육,17800,기타 식육가공품,1700005,양념육류(축산물가공품),170000502,분쇄가공육제품,00,해당없음,100g,173,,14.77,11.05,,3.59,0.22,,,,,,553,,,,,,,,,36.99,4.55,0.36,,,,,,,,,,,,,,,,,,,,,,,,,,,,,,,,,,,,,,,,,,,,,,,,,,,,,,,,,,,,,,,,,,,,,,,,,,,,,,,,,,,,,,,,,,,,,,,,,,,,,,,,,,,,,,,3,식품의약품안전처,,320g,2024037108411,주식회사 동글에프앤비,해당없음,해당없음,N,,해당없음,2,수집,2025-11-14,2026-07-28 00:00:00
P102-104010400-0273,요쿠르트 샤벳,P,가공식품,1,가공식품,02,빙과류,02104,샤베트,0200001,아이스크림류(축산물가공품),020000104,샤베트,00,해당없음,100ml,90,,0.71,0.26,,21.11,17.52,,,,,,6,,,,,,,,,0.00,0.22,0.00,,,,,,,,,,,,,,,,,,,,,,,,,,,,,,,,,,,,,,,,,,,,,,,,,,,,,,,,,,,,,,,,,,,,,,,,,,,,,,,,,,,,,,,,,,,,,,,,,,,,,,,,,,,,,,,3,식품의약품안전처,100g(ml),240ml,2022035000925,대보푸드 주식회사,해당없음,해당없음,N,,해당없음,2,수집,2024-05-13,2026-07-28 00:00:00
P123-201020300-2234,요리하다소불고기주먹밥,P,가공식품,1,가공식품,23,즉석식품류,23201,밥류,2300002,즉석섭취·편의식품류,230000203,즉석조리식품,00,해당없음,100g,180,,5.00,2.30,,34.50,2.00,,,,,,485,,,,,,,,,5.00,0.40,0.00,,,,,,,,,,,,,,,,,,,,,,,,,,,,,,,,,,,,,,,,,,,,,,,,,,,,,,,,,,,,,,,,,,,,,,,,,,,,,,,,,,,,,,,,,,,,,,,,,,,,,,,,,,,,,,,3,식품의약품안전처,210g,500g,20080493074770,농업회사법인주식회사한우물,해당없음,해당없음,N,,해당없음,2,수집,2021-06-30,2026-07-28 00:00:00
P107-302030200-0518,요리스케치 녹차유,P,가공식품,1,가공식품,07,식용유지류,07302,향미유,0700003,식용유지가공품,070000302,향미유,00,해당없음,100g,840,,0.00,93.00,,0.00,0.00,,,,,,0,,,,,,,,,0.00,15.00,0.00,,,,,,,,,,,,,,,,,,,,,,,,,,,,,,,,,,,,,,,,,,,,,,,,,,,,,,,,,,,,,,,,,,,,,,,,,,,,,,,,,,,,,,,,,,,,,,,,,,,,,,,,,,,,,,,3,식품의약품안전처,5g(ml),500g,2019061702159,더모에프엔비(THEMOREF&B),해당없음,해당없음,N,,해당없음,2,수집,2025-08-19,2026-07-28 00:00:00
P124-200020000-0812,요거트 크랜베리,P,가공식품,1,가공식품,24,기타식품류,24200,기타가공품,2400002,기타가공품,240000200,해당없음,00,해당없음,100g,449,,1.59,17.88,,70.55,60.48,,,,,,307,,,,,,,,,0.02,14.88,0.00,,,,,,,,,,,,,,,,,,,,,,,,,,,,,,,,,,,,,,,,,,,,,,,,,,,,,,,,,,,,,,,,,,,,,,,,,,,,,,,,,,,,,,,,,,,,,,,,,,,,,,,,,,,,,,,3,식품의약품안전처,,100g,20030368161472,(주)바프,해당없음,해당없음,N,,해당없음,2,수집,2024-11-20,2026-07-28 00:00:00
P117-100010100-1570,왕십리 무뼈 족발,P,가공식품,1,가공식품,17,식육가공품 및 포장육,17100,햄,1700001,햄류(축산물가공품),170000101,햄,00,해당없음,100g,289,,24.90,20.80,,0.50,0.40,,,,,,242,,,,,,,,,97.10,7.50,0.10,,,,,,,,,,,,,,,,,,,,,,,,,,,,,,,,,,,,,,,,,,,,,,,,,,,,,,,,,,,,,,,,,,,,,,,,,,,,,,,,,,,,,,,,,,,,,,,,,,,,,,,,,,,,,,,3,식품의약품안전처,30g,250g,20080405020268,농업회사법인 자연과농부(주),해당없음,해당없음,N,,해당없음,2,수집,2026-06-17,2026-07-28 00:00:00
P109-500050200-0162,완전두유 검은콩 17곡 고칼슘,P,가공식품,1,가공식품,09,음료류,09500,두유,0900005,두유류,090000502,가공두유,00,해당없음,100ml,53,,2.11,1.47,,7.89,5.26,,111,,,,63,,,,,,,,,0.00,0.21,0.00,,,,,,,,,,,,,,,,,,,,,,,,,,,,,,,,,,,,,,,,,,,,,,,,,,,,,,,,,,,,,,,,,,,,,,,,,,,,,,,,,,,,,,,,,,,,,,,,,,,,,,,,,,,,,,,3,식품의약품안전처,200ml,190ml,19980308080417,한미사이언스(주),해당없음,해당없음,N,,해당없음,2,수집,2023-12-22,2026-07-28 00:00:00
P101-412000400-1318,완도 전복 파이,P,가공식품,1,가공식품,01,과자류·빵류 또는 떡류,01412,파이/타르트,0100000,해당없음,010000004,빵류,00,해당없음,100g,215,,6.00,11.00,,23.00,1.00,,,,,,298,,,,,,,,,24.00,5.00,0.00,,,,,,,,,,,,,,,,,,,,,,,,,,,,,,,,,,,,,,,,,,,,,,,,,,,,,,,,,,,,,,,,,,,,,,,,,,,,,,,,,,,,,,,,,,,,,,,,,,,,,,,,,,,,,,,3,식품의약품안전처,70g,130g,202602400135,(주)갓파이,해당없음,해당없음,N,,해당없음,2,수집,2026-03-19,2026-07-28 00:00:00
P101-430000400-0072,와앙 바닐라 슈크림빵,P,가공식품,1,가공식품,01,과자류·빵류 또는 떡류,01430,크림빵,0100000,해당없음,010000004,빵류,00,해당없음,100g,332,,6.45,15.57,,41.44,12.82,,,,,,173,,,,,,,,,79.73,10.40,0.15,,,,,,,,,,,,,,,,,,,,,,,,,,,,,,,,,,,,,,,,,,,,,,,,,,,,,,,,,,,,,,,,,,,,,,,,,,,,,,,,,,,,,,,,,,,,,,,,,,,,,,,,,,,,,,,3,식품의약품안전처,70g,115g,19850370018296,유성씨앤에프(주),해당없음,해당없음,N,,해당없음,2,수집,2024-01-29,2026-07-28 00:00:00
P112-010001000-0162,옹가네 태양초 맛고추장(P),P,가공식품,1,가공식품,12,장류,12010,고추장,1200000,해당없음,120000010,고추장,00,해당없음,100g,248,,7.00,1.43,,52.13,35.39,,,,,,2128,,,,,,,,,0.00,0.00,0.00,,,,,,,,,,,,,,,,,,,,,,,,,,,,,,,,,,,,,,,,,,,,,,,,,,,,,,,,,,,,,,,,,,,,,,,,,,,,,,,,,,,,,,,,,,,,,,,,,,,,,,,,,,,,,,,3,식품의약품안전처,10g,17000g,20100499047110,사조산업(주) 순창공장,해당없음,해당없음,N,,해당없음,2,수집,2023-12-22,2026-07-28 00:00:00
P101-103000100-3321,올바이오 유기농 허니 와플,P,가공식품,1,가공식품,01,과자류·빵류 또는 떡류,01103,비스킷/쿠키/크래커,0100000,해당없음,010000001,과자,00,해당없음,100g,435,,3.60,17.40,,66.40,44.20,,,,,,280,,,,,,,,,0.00,8.20,0.16,,,,,,,,,,,,,,,,,,,,,,,,,,,,,,,,,,,,,,,,,,,,,,,,,,,,,,,,,,,,,,,,,,,,,,,,,,,,,,,,,,,,,,,,,,,,,,,,,,,,,,,,,,,,,,,3,식품의약품안전처,30g,,20NL1OF00D5,DE BANKETGROEP B.V.,(주)인클루시브 인터내셔널,해당없음,Y,528,네덜란드,2,수집,2023-12-31,2026-07-28 00:00:00
P107-113011300-1178,올리오 엑스트라 버진 디 올리바 아브르죠 (750ML),P,가공식품,1,가공식품,07,식용유지류,07113,올리브유,0700001,식물성유지류,070000113,올리브유,00,해당없음,100ml,824,,0.00,91.60,,0.00,0.00,,,,,,0,,,,,,,,,0.00,14.00,0.00,,,,,,,,,,,,,,,,,,,,,,,,,,,,,,,,,,,,,,,,,,,,,,,,,,,,,,,,,,,,,,,,,,,,,,,,,,,,,,,,,,,,,,,,,,,,,,,,,,,,,,,,,,,,,,,3,식품의약품안전처,5g(ml),750ml,18IT0S400D0,OLEARIA F.LLI DE CECCO DI FILIPPO FARA SAN MARTINO S.R.L.,(주)보라티알,해당없음,Y,380,이탈리아,2,수집,2025-01-20,2026-07-28 00:00:00
P101-405000400-9228,올리브깜빠뉴,P,가공식품,1,가공식품,01,과자류·빵류 또는 떡류,01405,기타 빵,0100000,해당없음,010000004,빵류,00,해당없음,100g,239,,13.33,3.56,,37.78,3.22,,,,,,618,,,,,,,,,0.00,1.11,0.00,,,,,,,,,,,,,,,,,,,,,,,,,,,,,,,,,,,,,,,,,,,,,,,,,,,,,,,,,,,,,,,,,,,,,,,,,,,,,,,,,,,,,,,,,,,,,,,,,,,,,,,,,,,,,,,3,식품의약품안전처,70g,90g,20240470901224,(주)조인앤조인 F3,해당없음,해당없음,N,,해당없음,2,수집,2026-03-18,2026-07-28 00:00:00
P109-202020000-0413,올드타운커피클래식,P,가공식품,1,가공식품,09,음료류,09202,인스턴트커피,0900002,커피,090000200,해당없음,00,해당없음,100g,157,,1.00,5.00,,27.00,11.00,,,,,,45,,,,,,,,,0.00,5.00,0.00,,,,,,,,,,,,,,,,,,,,,,,,,,,,,,,,,,,,,,,,,,,,,,,,,,,,,,,,,,,,,,,,,,,,,,,,,,,,,,,,,,,,,,,,,,,,,,,,,,,,,,,,,,,,,,,3,식품의약품안전처,,525g,25MY01C00D8,WHITE CAFE SDN. BHD.,케이산지,해당없음,Y,458,말레이시아,2,수집,2025-02-18,2026-07-28 00:00:00
P109-401040100-0384,온어락소다오미자마마,P,가공식품,1,가공식품,09,음료류,09401,탄산음료,0900004,탄산음료류,090000401,탄산음료,00,해당없음,100ml,45,,0.00,0.00,,10.67,10.67,,,,,,1,,,,,,,,,0.00,0.00,0.00,,,,,,,,,,,,,,,,,,,,,,,,,,,,,,,,,,,,,,,,,,,,,,,,,,,,,,,,,,,,,,,,,,,,,,,,,,,,,,,,,,,,,,,,,,,,,,,,,,,,,,,,,,,,,,,3,식품의약품안전처,200ml,300ml,201900632504,(주)온어락소다,해당없음,해당없음,N,,해당없음,2,수집,2021-06-30,2026-07-28 00:00:00
P116-705070200-1478,온담 서리태귀리쉐이크,P,가공식품,1,가공식품,16,농산가공식품류,16705,기타 농산가공품,1600007,기타 농산가공품류,160000702,곡류가공품,00,해당없음,100g,440,,23.00,12.00,,61.00,2.00,,,,,,0,,,,,,,,,0.00,0.70,0.00,,,,,,,,,,,,,,,,,,,,,,,,,,,,,,,,,,,,,,,,,,,,,,,,,,,,,,,,,,,,,,,,,,,,,,,,,,,,,,,,,,,,,,,,,,,,,,,,,,,,,,,,,,,,,,,3,식품의약품안전처,,500g,2024032061297,주식회사지크,해당없음,해당없음,N,,해당없음,2,수집,2025-06-13,2026-07-28 00:00:00
P123-209020300-0005,옥수수전,P,가공식품,1,가공식품,23,즉석식품류,23209,전,2300002,즉석섭취·편의식품류,230000203,즉석조리식품,00,해당없음,100g,165,,2.70,4.00,,29.00,4.00,,,,,,250,,,,,,,,,0.00,1.30,0.00,,,,,,,,,,,,,,,,,,,,,,,,,,,,,,,,,,,,,,,,,,,,,,,,,,,,,,,,,,,,,,,,,,,,,,,,,,,,,,,,,,,,,,,,,,,,,,,,,,,,,,,,,,,,,,,3,식품의약품안전처,,1300g,2020_DNSP_03659,해당없음,"QINGDAO LUCKY FOOD CO., LTD",해당없음,Y,156,중국,2,수집,2020-06-30,2026-07-28 00:00:00
P101-106000100-1338,옥송이,P,가공식품,1,가공식품,01,과자류·빵류 또는 떡류,01106,일반과자,0100000,해당없음,010000001,과자,00,해당없음,100g,540,,4.00,30.00,,62.00,12.00,,,,,,320,,,,,,,,,0.00,5.80,0.00,,,,,,,,,,,,,,,,,,,,,,,,,,,,,,,,,,,,,,,,,,,,,,,,,,,,,,,,,,,,,,,,,,,,,,,,,,,,,,,,,,,,,,,,,,,,,,,,,,,,,,,,,,,,,,,3,식품의약품안전처,30g,50g,2016039511623,(주)우리밀,해당없음,해당없음,N,,해당없음,2,수집,2021-06-30,2026-07-28 00:00:00
P101-103000100-1160,오티스초콜릿칩쿠키,P,가공식품,1,가공식품,01,과자류·빵류 또는 떡류,01103,비스킷/쿠키/크래커,0100000,해당없음,010000001,과자,00,해당없음,100g,500,,4.00,24.00,,68.00,40.00,,,,,,380,,,,,,,,,20.00,12.00,0.00,,,,,,,,,,,,,,,,,,,,,,,,,,,,,,,,,,,,,,,,,,,,,,,,,,,,,,,,,,,,,,,,,,,,,,,,,,,,,,,,,,,,,,,,,,,,,,,,,,,,,,,,,,,,,,,3,식품의약품안전처,30g,50g,2004034707782,(주)시그마인터내셔날,해당없음,해당없음,N,,해당없음,2,수집,2024-06-04,2026-07-28 00:00:00
P116-400070200-0181,오트그래놀라L,P,가공식품,1,가공식품,16,농산가공식품류,16400,시리얼,1600007,기타 농산가공품류,160000702,곡류가공품,00,해당없음,100g,351,,7.57,9.47,,53.46,45.74,,,,,,123,,,,,,,,,0.00,5.87,0.00,,,,,,,,,,,,,,,,,,,,,,,,,,,,,,,,,,,,,,,,,,,,,,,,,,,,,,,,,,,,,,,,,,,,,,,,,,,,,,,,,,,,,,,,,,,,,,,,,,,,,,,,,,,,,,,3,식품의약품안전처,30g,8000g,19950257144391,(주)에이앤씨엠,해당없음,해당없음,N,,해당없음,2,수집,2023-12-22,2026-07-28 00:00:00
P123-215020300-0322,오징어튀김,P,가공식품,1,가공식품,23,즉석식품류,23215,튀김,2300002,즉석섭취·편의식품류,230000203,즉석조리식품,00,해당없음,100g,220,,11.00,9.00,,24.00,12.00,,,,,,330,,,,,,,,,30.00,1.70,0.00,,,,,,,,,,,,,,,,,,,,,,,,,,,,,,,,,,,,,,,,,,,,,,,,,,,,,,,,,,,,,,,,,,,,,,,,,,,,,,,,,,,,,,,,,,,,,,,,,,,,,,,,,,,,,,,3,식품의약품안전처,,1000g,24VN1V600D5,F-ONE GLOBAL FOODS,주식회사 엠디에스,해당없음,Y,704,베트남,2,수집,2024-09-25,2026-07-28 00:00:00
P123-217020300-0152,오징어떡볶음,P,가공식품,1,가공식품,23,즉석식품류,23217,떡볶이,2300002,즉석섭취·편의식품류,230000203,즉석조리식품,00,해당없음,100g,121,,5.81,2.26,,19.35,3.23,,,,,,322,,,,,,,,,0.65,0.39,0.00,,,,,,,,,,,,,,,,,,,,,,,,,,,,,,,,,,,,,,,,,,,,,,,,,,,,,,,,,,,,,,,,,,,,,,,,,,,,,,,,,,,,,,,,,,,,,,,,,,,,,,,,,,,,,,,3,식품의약품안전처,,310g,20080347043142,(주)태종FD,해당없음,해당없음,N,,해당없음,2,수집,2021-06-30,2026-07-28 00:00:00
P101-104000100-0734,오잉 오징어랑 버터구이칩,P,가공식품,1,가공식품,01,과자류·빵류 또는 떡류,01104,스낵과자,0100000,해당없음,010000001,과자,00,해당없음,100g,546,,9.11,30.10,,59.59,6.54,,,,,,870,,,,,,,,,25.32,13.77,0.00,,,,,,,,,,,,,,,,,,,,,,,,,,,,,,,,,,,,,,,,,,,,,,,,,,,,,,,,,,,,,,,,,,,,,,,,,,,,,,,,,,,,,,,,,,,,,,,,,,,,,,,,,,,,,,,3,식품의약품안전처,30g,55g,20110221828139,풍전나이스제과(주),해당없음,해당없음,N,,해당없음,2,수집,2024-10-02,2026-07-28 00:00:00
P109-102010200-0844,오엠씨 굴모닝,P,가공식품,1,가공식품,09,음료류,09102,액상차,0900001,다류,090000102,액상차,00,해당없음,100g,33,,3.33,0.00,,6.67,3.33,,,,,,83,,,,,,,,,6.67,0.00,0.00,,,,,,,,,,,,,,,,,,,,,,,,,,,,,,,,,,,,,,,,,,,,,,,,,,,,,,,,,,,,,,,,,,,,,,,,,,,,,,,,,,,,,,,,,,,,,,,,,,,,,,,,,,,,,,,3,식품의약품안전처,200ml,30g,20150601174134,(주)나루아토,해당없음,해당없음,N,,해당없음,2,수집,2023-12-22,2026-07-28 00:00:00
P123-302030100-3071,오쉐프 바삭 군만두,P,가공식품,1,가공식품,23,즉석식품류,23302,만두,2300003,만두류,230000301,만두,00,해당없음,100g,175,,6.00,4.00,,29.00,3.00,,,,,,370,,,,,,,,,0.00,1.10,0.00,,,,,,,,,,,,,,,,,,,,,,,,,,,,,,,,,,,,,,,,,,,,,,,,,,,,,,,,,,,,,,,,,,,,,,,,,,,,,,,,,,,,,,,,,,,,,,,,,,,,,,,,,,,,,,,3,식품의약품안전처,150g,1300g,20040355580359,오뚜기냉동식품 주식회사,해당없음,해당없음,N,,해당없음,2,수집,2025-11-07,2026-07-28 00:00:00
P117-100010100-2214,오븐직화 통닭다리블랙페퍼,P,가공식품,1,가공식품,17,식육가공품 및 포장육,17100,햄,1700001,햄류(축산물가공품),170000101,햄,00,해당없음,100g,170,,19.00,10.00,,1.00,0.40,,,,,,575,,,,,,,,,91.00,3.00,0.00,,,,,,,,,,,,,,,,,,,,,,,,,,,,,,,,,,,,,,,,,,,,,,,,,,,,,,,,,,,,,,,,,,,,,,,,,,,,,,,,,,,,,,,,,,,,,,,,,,,,,,,,,,,,,,,3,식품의약품안전처,30g,150g,20240726004116,주식회사 유피에프앤비 농업회사법인,해당없음,해당없음,N,,해당없음,2,수집,2026-05-11,2026-07-28 00:00:00
P110-500050000-0228,오복플러스,P,가공식품,1,가공식품,10,특수영양식품,10500,체중조절용 조제식품,1000005,체중조절용 조제식품,100000500,해당없음,00,해당없음,100g,410,,30.00,8.60,,54.00,16.00,10.0,430,11.82,,,120,504,,,0.320,2.200,21.940,39.00,,0.84,1.20,0.00,,,,,,,,,,,,,,,,,,,,,,,,,,,,,,,,,,,,,,,,,,,,,,,,,,,,,,,,,,,,,,,,,,,,,,,,,,,,,,,,,,,,,,,,,,,,,,,,,,,,,,,,,,,,,,,3,식품의약품안전처,40g,50g,20150543441351,(주)웰츄럴바이오,해당없음,해당없음,N,,해당없음,2,수집,2023-12-22,2026-07-28 00:00:00
P113-201020100-0072,오모리점보도시락,P,가공식품,1,가공식품,13,조미식품,13201,복합조미식품,1300002,소스류,130000201,복합조미식품,00,해당없음,100g,383,,8.27,15.42,,52.59,1.56,,,,,,2056,,,,,,,,,0.71,7.55,0.08,,,,,,,,,,,,,,,,,,,,,,,,,,,,,,,,,,,,,,,,,,,,,,,,,,,,,,,,,,,,,,,,,,,,,,,,,,,,,,,,,,,,,,,,,,,,,,,,,,,,,,,,,,,,,,,3,식품의약품안전처,,889g,20220683166104,매일식품주식회사 익산공장(지점),해당없음,해당없음,N,,해당없음,2,수집,2024-01-30,2026-07-28 00:00:00
P109-201020000-1981,오리지널아메리카노,P,가공식품,1,가공식품,09,음료류,09201,액상커피,0900002,커피,090000200,해당없음,00,해당없음,100ml,4,,0.30,0.00,,0.71,0.00,,,,,,1,,,,,,,,,0.00,0.02,0.00,,,,,,,,,,,,,,,,,,,,,,,,,,,,,,,,,,,,,,,,,,,,,,,,,,,,,,,,,,,,,,,,,,,,,,,,,,,,,,,,,,,,,,,,,,,,,,,,,,,,,,,,,,,,,,,3,식품의약품안전처,240ml,250ml,2023050278315,일루션인터네셔널,해당없음,해당없음,N,,해당없음,2,수집,2025-05-02,2026-07-28 00:00:00
P109-401040100-1112,오리지널 뉴욕셀처 블랙체리 소다 제로,P,가공식품,1,가공식품,09,음료류,09401,탄산음료,0900004,탄산음료류,090000401,탄산음료,00,해당없음,100ml,9,,0.02,0.00,,2.31,0.00,,,,,,15,,,,,,,,,0.00,0.00,0.00,,,,,,,,,,,,,,,,,,,,,,,,,,,,,,,,,,,,,,,,,,,,,,,,,,,,,,,,,,,,,,,,,,,,,,,,,,,,,,,,,,,,,,,,,,,,,,,,,,,,,,,,,,,,,,,3,식품의약품안전처,200ml,296ml,20190575042264,튤립인터내셔널(주),해당없음,해당없음,N,,해당없음,2,수집,2025-05-13,2026-07-28 00:00:00
P119-900090100-1847,오르톨랑 시트론 로즈마리(34399) 135g,P,가공식품,1,가공식품,19,유가공품류,19900,치즈,1900009,치즈류(축산물가공품),190000901,치즈,00,해당없음,100g,333,,17.00,29.00,,1.10,0.35,,,,,,325,,,,,,,,,87.00,20.00,1.34,,,,,,,,,,,,,,,,,,,,,,,,,,,,,,,,,,,,,,,,,,,,,,,,,,,,,,,,,,,,,,,,,,,,,,,,,,,,,,,,,,,,,,,,,,,,,,,,,,,,,,,,,,,,,,,3,식품의약품안전처,20g,135g,25FR03B00H4,FROMAGERIE MILLERET,지앤지푸드(주),해당없음,Y,250,프랑스,2,수집,2025-10-13,2026-07-28 00:00:00
P101-205000200-0709,오렌지맛젤리,P,가공식품,1,가공식품,01,과자류·빵류 또는 떡류,01205,젤리,0100000,해당없음,010000002,캔디류,00,해당없음,100g,332,,0.00,0.00,,83.00,71.00,,,,,,42,,,,,,,,,0.00,0.00,0.00,,,,,,,,,,,,,,,,,,,,,,,,,,,,,,,,,,,,,,,,,,,,,,,,,,,,,,,,,,,,,,,,,,,,,,,,,,,,,,,,,,,,,,,,,,,,,,,,,,,,,,,,,,,,,,,3,식품의약품안전처,10g,200g,2021_DNSP_02129,해당없음,PAPILLON SRL,해당없음,Y,380,이탈리아,2,수집,2021-06-30,2026-07-28 00:00:00
P101-103000100-0307,오레오 씬즈 화이트 크림,P,가공식품,1,가공식품,01,과자류·빵류 또는 떡류,01103,비스킷/쿠키/크래커,0100000,해당없음,010000001,과자,00,해당없음,100g,512,,4.76,23.81,,69.05,38.10,,,,,,333,,,,,,,,,0.00,13.10,0.00,,,,,,,,,,,,,,,,,,,,,,,,,,,,,,,,,,,,,,,,,,,,,,,,,,,,,,,,,,,,,,,,,,,,,,,,,,,,,,,,,,,,,,,,,,,,,,,,,,,,,,,,,,,,,,,3,식품의약품안전처,30g,84g,19960399065296,미가방 유한회사,해당없음,해당없음,N,,해당없음,2,수집,2023-12-22,2026-07-28 00:00:00
P116-709070200-0065,오뚜기스위트콘,P,가공식품,1,가공식품,16,농산가공식품류,16709,옥수수,1600007,기타 농산가공품류,160000702,곡류가공품,00,해당없음,100g,70,,2.00,0.70,,14.00,6.00,,,,,,330,,,,,,,,,0.00,0.00,0.00,,,,,,,,,,,,,,,,,,,,,,,,,,,,,,,,,,,,,,,,,,,,,,,,,,,,,,,,,,,,,,,,,,,,,,,,,,,,,,,,,,,,,,,,,,,,,,,,,,,,,,,,,,,,,,,3,식품의약품안전처,,198g,20US2WK00D2,SENECA FOODS CORPORATION,(주)오뚜기,해당없음,Y,840,미국,2,수집,2025-03-13,2026-07-28 00:00:00
P120-200020200-1017,오동통 실속명란,P,가공식품,1,가공식품,20,수산가공식품류,20200,젓갈/액젓,2000002,젓갈류,200000202,양념젓갈,00,해당없음,100g,130,,23.00,3.20,,3.00,2.00,,,,,,1697,,,,,,,,,263.00,0.50,0.00,,,,,,,,,,,,,,,,,,,,,,,,,,,,,,,,,,,,,,,,,,,,,,,,,,,,,,,,,,,,,,,,,,,,,,,,,,,,,,,,,,,,,,,,,,,,,,,,,,,,,,,,,,,,,,,3,식품의약품안전처,,320g,20030128361205,삼양씨푸드주식회사,해당없음,해당없음,N,,해당없음,2,수집,2026-04-29,2026-07-28 00:00:00
P116-709070200-0175,오늘좋은 스위트콘,P,가공식품,1,가공식품,16,농산가공식품류,16709,옥수수,1600007,기타 농산가공품류,160000702,곡류가공품,00,해당없음,100g,80,,2.00,1.50,,14.00,6.40,,,,,,150,,,,,,,,,0.00,0.00,0.00,,,,,,,,,,,,,,,,,,,,,,,,,,,,,,,,,,,,,,,,,,,,,,,,,,,,,,,,,,,,,,,,,,,,,,,,,,,,,,,,,,,,,,,,,,,,,,,,,,,,,,,,,,,,,,,3,식품의약품안전처,,340g,26TH05R00D2,SUNSWEET PUBLIC COMPANY LIMITED,롯데쇼핑(주)롯데마트사업본부,해당없음,Y,764,태국,2,수집,2026-02-26,2026-07-28 00:00:00
P114-300030000-0311,오늘애 우엉조림,P,가공식품,1,가공식품,14,절임류 또는 조림류,14300,기타 조림,1400003,조림류,140000300,해당없음,00,해당없음,100g,150,,0.79,0.40,,35.70,10.73,,,,,,748,,,,,,,,,0.00,0.02,0.00,,,,,,,,,,,,,,,,,,,,,,,,,,,,,,,,,,,,,,,,,,,,,,,,,,,,,,,,,,,,,,,,,,,,,,,,,,,,,,,,,,,,,,,,,,,,,,,,,,,,,,,,,,,,,,,3,식품의약품안전처,,4000g,19930355265541,한영식품,해당없음,해당없음,N,,해당없음,2,수집,2024-02-13,2026-07-28 00:00:00
P101-104000100-0582,오곡두부칩,P,가공식품,1,가공식품,01,과자류·빵류 또는 떡류,01104,스낵과자,0100000,해당없음,010000001,과자,00,해당없음,100g,525,,10.00,30.00,,55.00,15.00,,,,,,475,,,,,,,,,50.00,5.00,0.00,,,,,,,,,,,,,,,,,,,,,,,,,,,,,,,,,,,,,,,,,,,,,,,,,,,,,,,,,,,,,,,,,,,,,,,,,,,,,,,,,,,,,,,,,,,,,,,,,,,,,,,,,,,,,,,3,식품의약품안전처,30g,20g,2023073720717,농업회사법인(주)담양한과명진식품,해당없음,해당없음,N,,해당없음,2,수집,2024-06-19,2026-07-28 00:00:00
P116-400070200-0262,오!그래놀라 초코고래밥C,P,가공식품,1,가공식품,16,농산가공식품류,16400,시리얼,1600007,기타 농산가공품류,160000702,곡류가공품,00,해당없음,100g,443,,6.00,11.00,,80.00,34.00,,,,,,220,,,,,,,,,0.50,5.00,0.00,,,,,,,,,,,,,,,,,,,,,,,,,,,,,,,,,,,,,,,,,,,,,,,,,,,,,,,,,,,,,,,,,,,,,,,,,,,,,,,,,,,,,,,,,,,,,,,,,,,,,,,,,,,,,,,3,식품의약품안전처,30g,250g,20180603022106,농업회사법인오리온농협(주),해당없음,해당없음,N,,해당없음,2,수집,2024-07-19,2026-07-28 00:00:00
P108-001000300-0104,옛날국수소면,P,가공식품,1,가공식품,08,면류,08001,국수,0800000,해당없음,080000003,건면,00,해당없음,100g,340,,0.00,3.00,,69.00,7.00,,,,,,1530,,,,,,,,,0.00,1.00,0.00,,,,,,,,,,,,,,,,,,,,,,,,,,,,,,,,,,,,,,,,,,,,,,,,,,,,,,,,,,,,,,,,,,,,,,,,,,,,,,,,,,,,,,,,,,,,,,,,,,,,,,,,,,,,,,,3,식품의약품안전처,"생·숙면 200g, 건면 100g, 당면 30g, 유탕면(봉지)120g, 유탕면(용기)80g",900g,200406220622,(합)동명식품,해당없음,해당없음,N,,해당없음,2,수집,2020-06-30,2026-07-28 00:00:00
P108-001000100-0202,예산국수 중화면(면판),P,가공식품,1,가공식품,08,면류,08001,국수,0800000,해당없음,080000001,생면,00,해당없음,100g,245,,5.62,1.26,,52.90,0.82,,,,,,1002,,,,,,,,,0.00,0.19,0.00,,,,,,,,,,,,,,,,,,,,,,,,,,,,,,,,,,,,,,,,,,,,,,,,,,,,,,,,,,,,,,,,,,,,,,,,,,,,,,,,,,,,,,,,,,,,,,,,,,,,,,,,,,,,,,,3,식품의약품안전처,"생·숙면 200g, 건면 100g, 당면 30g, 유탕면(봉지)120g, 유탕면(용기)80g",3250g,202104781061,예산국수(주),해당없음,해당없음,N,,해당없음,2,수집,2024-12-13,2026-07-28 00:00:00
P123-203020200-4251,영양부추오리김밥,P,가공식품,1,가공식품,23,즉석식품류,23203,주먹밥/김밥/초밥,2300002,즉석섭취·편의식품류,230000202,즉석섭취식품,00,해당없음,100g,163,,4.69,6.64,,21.09,3.13,,,,,,352,,,,,,,,,11.33,0.55,0.00,,,,,,,,,,,,,,,,,,,,,,,,,,,,,,,,,,,,,,,,,,,,,,,,,,,,,,,,,,,,,,,,,,,,,,,,,,,,,,,,,,,,,,,,,,,,,,,,,,,,,,,,,,,,,,,3,식품의약품안전처,210g,256g,20180348070787,(주)델리캡,해당없음,해당없음,N,,해당없음,2,수집,2026-06-09,2026-07-28 00:00:00
P123-207020300-2100,영양국 얼갈이팽이무국,P,가공식품,1,가공식품,23,즉석식품류,23207,국/탕류,2300002,즉석섭취·편의식품류,230000203,즉석조리식품,00,해당없음,100g,12,,0.59,0.39,,1.44,0.62,,,,,,87,,,,,,,,,0.00,0.06,0.00,,,,,,,,,,,,,,,,,,,,,,,,,,,,,,,,,,,,,,,,,,,,,,,,,,,,,,,,,,,,,,,,,,,,,,,,,,,,,,,,,,,,,,,,,,,,,,,,,,,,,,,,,,,,,,,3,식품의약품안전처,250ml(g),130g,200303806611930,(주)베베쿡,해당없음,해당없음,N,,해당없음,2,수집,2024-06-13,2026-07-28 00:00:00
P114-400020100-3056,염장연근(16KG),P,가공식품,1,가공식품,14,절임류 또는 조림류,14400,절임식품,1400002,절임류,140000201,절임식품,00,해당없음,100g,41,,0.60,0.00,,9.60,0.60,,,,,,6775,,,,,,,,,0.00,0.00,0.00,,,,,,,,,,,,,,,,,,,,,,,,,,,,,,,,,,,,,,,,,,,,,,,,,,,,,,,,,,,,,,,,,,,,,,,,,,,,,,,,,,,,,,,,,,,,,,,,,,,,,,,,,,,,,,,3,식품의약품안전처,25g,16000g,10CN2A100D3,"BAOYING XIAN LUYANG FOODS CO.,LTD",주식회사 거민상사,해당없음,Y,156,중국,2,수집,2026-04-02,2026-07-28 00:00:00
P101-501000500-1887,연천애쌀참깨송편,P,가공식품,1,가공식품,01,과자류·빵류 또는 떡류,01501,떡,0100000,해당없음,010000005,떡류,00,해당없음,100g,200,,4.00,6.00,,45.00,5.00,,,,,,100,,,,,,,,,0.00,1.00,0.00,,,,,,,,,,,,,,,,,,,,,,,,,,,,,,,,,,,,,,,,,,,,,,,,,,,,,,,,,,,,,,,,,,,,,,,,,,,,,,,,,,,,,,,,,,,,,,,,,,,,,,,,,,,,,,,3,식품의약품안전처,100g,1000g,2020039402242,백학방아간,해당없음,해당없음,N,,해당없음,2,수집,2024-09-26,2026-07-28 00:00:00
P119-204020400-0366,연세우유멜론맛,P,가공식품,1,가공식품,19,유가공품류,19204,가공우유,1900002,가공유류(축산물가공품),190000204,가공유,00,해당없음,100ml,68,,2.11,2.11,,10.00,10.00,,,,,,68,,,,,,,,,5.26,1.05,0.00,,,,,,,,,,,,,,,,,,,,,,,,,,,,,,,,,,,,,,,,,,,,,,,,,,,,,,,,,,,,,,,,,,,,,,,,,,,,,,,,,,,,,,,,,,,,,,,,,,,,,,,,,,,,,,,3,식품의약품안전처,200ml,190ml,19930448001276,연세대학교연세우유,해당없음,해당없음,N,,해당없음,2,수집,2021-06-30,2026-07-28 00:00:00
P114-300030000-1701,연근조림,P,가공식품,1,가공식품,14,절임류 또는 조림류,14300,기타 조림,1400003,조림류,140000300,해당없음,00,해당없음,100g,254,,0.70,0.10,,62.60,30.00,,,,,,534,,,,,,,,,0.00,0.00,0.00,,,,,,,,,,,,,,,,,,,,,,,,,,,,,,,,,,,,,,,,,,,,,,,,,,,,,,,,,,,,,,,,,,,,,,,,,,,,,,,,,,,,,,,,,,,,,,,,,,,,,,,,,,,,,,,3,식품의약품안전처,,1000g,25CN5CD00D4,"QINGDAO ENCOMAN FOODS CO.,LTD",케이와이식품주식회사,해당없음,Y,156,중국,2,수집,2026-04-30,2026-07-28 00:00:00
P114-400020100-2207,여수 참맛 양념돌게장,P,가공식품,1,가공식품,14,절임류 또는 조림류,14400,절임식품,1400002,절임류,140000201,절임식품,00,해당없음,100g,107,,12.00,3.00,,8.00,0.00,,,,,,600,,,,,,,,,0.00,0.00,0.00,,,,,,,,,,,,,,,,,,,,,,,,,,,,,,,,,,,,,,,,,,,,,,,,,,,,,,,,,,,,,,,,,,,,,,,,,,,,,,,,,,,,,,,,,,,,,,,,,,,,,,,,,,,,,,,3,식품의약품안전처,25g,100g,2021051021918,드림푸드,해당없음,해당없음,N,,해당없음,2,수집,2026-01-19,2026-07-28 00:00:00
P109-801080100-1019,엘피치,P,가공식품,1,가공식품,09,음료류,09801,액상음료,0900008,기타음료,090000801,혼합음료,00,해당없음,100ml,61,,0.00,0.00,,15.29,15.29,,,,,,0,,,,,,,,,0.00,0.00,0.00,,,,,,,,,,,,,,,,,,,,,,,,,,,,,,,,,,,,,,,,,,,,,,,,,,,,,,,,,,,,,,,,,,,,,,,,,,,,,,,,,,,,,,,,,,,,,,,,,,,,,,,,,,,,,,,3,식품의약품안전처,200ml,340ml,2011044502985,주식회사와우에프앤비,해당없음,해당없음,N,,해당없음,2,수집,2021-06-30,2026-07-28 00:00:00
P120-200020300-0061,엔초비 꼴라뚜라(50ml),P,가공식품,1,가공식품,20,수산가공식품류,20200,젓갈/액젓,2000002,젓갈류,200000203,액젓,00,해당없음,100ml,84,,21.00,0.00,,0.00,0.00,,,,,,1880,,,,,,,,,0.00,0.16,0.00,,,,,,,,,,,,,,,,,,,,,,,,,,,,,,,,,,,,,,,,,,,,,,,,,,,,,,,,,,,,,,,,,,,,,,,,,,,,,,,,,,,,,,,,,,,,,,,,,,,,,,,,,,,,,,,3,식품의약품안전처,,50ml,25IT37Z00D8,CONSORZIO BLUEFISH,주식회사 스위틀리,해당없음,Y,380,이탈리아,2,수집,2026-04-13,2026-07-28 00:00:00
P107-113011300-1951,엑스트라버진 올리브오일(500ml),P,가공식품,1,가공식품,07,식용유지류,07113,올리브유,0700001,식물성유지류,070000113,올리브유,00,해당없음,100ml,900,,0.00,100.00,,0.00,0.00,,,,,,0,,,,,,,,,0.00,13.80,0.00,,,,,,,,,,,,,,,,,,,,,,,,,,,,,,,,,,,,,,,,,,,,,,,,,,,,,,,,,,,,,,,,,,,,,,,,,,,,,,,,,,,,,,,,,,,,,,,,,,,,,,,,,,,,,,,3,식품의약품안전처,5g(ml),250ml,18ES0G800D0,COMPANIA OLEICOLA S.XXI.S.L,(주)라치나타코리아,해당없음,Y,724,스페인,2,수집,2025-09-19,2026-07-28 00:00:00
P109-801080100-1010,엑스솔루션,P,가공식품,1,가공식품,09,음료류,09801,액상음료,0900008,기타음료,090000801,혼합음료,00,해당없음,100ml,55,,0.00,0.00,,13.00,0.00,,,,,,25,,,,,,,,,0.00,0.00,0.00,,,,,,,,,,,,,,,,,,,,,,,,,,,,,,,,,,,,,,,,,,,,,,,,,,,,,,,,,,,,,,,,,,,,,,,,,,,,,,,,,,,,,,,,,,,,,,,,,,,,,,,,,,,,,,,3,식품의약품안전처,200ml,100ml,19970464172267,(주)보고신약,해당없음,해당없음,N,,해당없음,2,수집,2021-06-30,2026-07-28 00:00:00
P109-203020000-0753,에이치(H),P,가공식품,1,가공식품,09,음료류,09203,원두/원두분말,0900002,커피,090000200,해당없음,00,해당없음,100g,4,,0.20,0.00,,0.70,0.00,,,,,,0,,,,,,,,,0.00,0.00,0.00,,,,,,,,,,,,,,,,,,,,,,,,,,,,,,,,,,,,,,,,,,,,,,,,,,,,,,,,,,,,,,,,,,,,,,,,,,,,,,,,,,,,,,,,,,,,,,,,,,,,,,,,,,,,,,,3,식품의약품안전처,,1000g,2019038812135,주식회사세영컴퍼니,해당없음,해당없음,N,,해당없음,2,수집,2025-08-06,2026-07-28 00:00:00
P110-500050000-0227,에스올린 초코,P,가공식품,1,가공식품,10,특수영양식품,10500,체중조절용 조제식품,1000005,체중조절용 조제식품,100000500,해당없음,00,해당없음,100g,375,,57.50,8.00,,22.50,12.50,7.5,258,13.90,,,850,608,,,0.900,1.150,12.475,183.45,,12.50,5.00,0.00,,,,,,,,,,,,,,,,,,,,,,,,,,,,,,,,,,,,,,,,,,,,,,,,,,,,,,,,,,,,,,,,,,,,,,,,,,,,,,,,,,,,,,,,,,,,,,,,,,,,,,,,,,,,,,,3,식품의약품안전처,40g,40g,20090569085447,(주)프로틴코리아,해당없음,해당없음,N,,해당없음,2,수집,2023-12-22,2026-07-28 00:00:00
P101-207000200-0718,에브리데이 타트체리 콜라겐스틱,P,가공식품,1,가공식품,01,과자류·빵류 또는 떡류,01207,기타 사탕,0100000,해당없음,010000002,캔디류,00,해당없음,100g,72,,0.09,0.07,,17.68,11.49,,,,,,14,,,,,,,,,0.00,0.00,0.00,,,,,,,,,,,,,,,,,,,,,,,,,,,,,,,,,,,,,,,,,,,,,,,,,,,,,,,,,,,,,,,,,,,,,,,,,,,,,,,,,,,,,,,,,,,,,,,,,,,,,,,,,,,,,,,3,식품의약품안전처,10g,100g,200402750561037,(주)바이오로제트,해당없음,해당없음,N,,해당없음,2,수집,2024-07-01,2026-07-28 00:00:00
P109-802080200-3693,에너지베이스원액,P,가공식품,1,가공식품,09,음료류,09802,농축음료/베이스,0900008,기타음료,090000802,음료베이스,00,해당없음,100g,233,,2.00,0.00,,56.00,52.00,,,,,,15,,,,,,,,,0.00,0.00,0.00,,,,,,,,,,,,,,,,,,,,,,,,,,,,,,,,,,,,,,,,,,,,,,,,,,,,,,,,,,,,,,,,,,,,,,,,,,,,,,,,,,,,,,,,,,,,,,,,,,,,,,,,,,,,,,,3,식품의약품안전처,150ml,1000g,20190500071322,래미에프앤비,해당없음,해당없음,N,,해당없음,2,수집,2026-06-09,2026-07-28 00:00:00
P117-400040000-0394,에그앤씨드 비프칩 오리지널,P,가공식품,1,가공식품,17,식육가공품 및 포장육,17400,육포,1700004,건조저장육류(축산물가공품),170000400,해당없음,00,해당없음,100g,425,,75.00,11.00,,5.25,0.00,,,,,,1050,,,,,,,,,129.50,4.00,0.00,,,,,,,,,,,,,,,,,,,,,,,,,,,,,,,,,,,,,,,,,,,,,,,,,,,,,,,,,,,,,,,,,,,,,,,,,,,,,,,,,,,,,,,,,,,,,,,,,,,,,,,,,,,,,,,3,식품의약품안전처,15g,40g,2020042302177,(주)육미건조,해당없음,해당없음,N,,해당없음,2,수집,2026-03-13,2026-07-28 00:00:00
P117-501050100-4647,업소용 자숙 깐양,P,가공식품,1,가공식품,17,식육가공품 및 포장육,17501,양념육,1700005,양념육류(축산물가공품),170000501,양념육,00,해당없음,100g,137,,24.63,4.21,,0.26,0.00,,,,,,84,,,,,,,,,159.15,1.68,0.11,,,,,,,,,,,,,,,,,,,,,,,,,,,,,,,,,,,,,,,,,,,,,,,,,,,,,,,,,,,,,,,,,,,,,,,,,,,,,,,,,,,,,,,,,,,,,,,,,,,,,,,,,,,,,,,3,식품의약품안전처,100g,1000g,20130262100270,(주)토자연,해당없음,해당없음,N,,해당없음,2,수집,2025-11-12,2026-07-28 00:00:00
P108-003000400-0158,얼큰특면,P,가공식품,1,가공식품,08,면류,08003,라면,0800000,해당없음,080000004,유탕면,00,해당없음,100g,418,,8.20,13.12,,67.21,3.00,,,,,,1541,,,,,,,,,0.00,6.56,0.00,,,,,,,,,,,,,,,,,,,,,,,,,,,,,,,,,,,,,,,,,,,,,,,,,,,,,,,,,,,,,,,,,,,,,,,,,,,,,,,,,,,,,,,,,,,,,,,,,,,,,,,,,,,,,,,3,식품의약품안전처,"생·숙면 200g, 건면 100g, 당면 30g, 유탕면(봉지)120g, 유탕면(용기)80g",121g,198803831271121,삼양식품(주),해당없음,해당없음,N,,해당없음,2,수집,2020-06-30,2026-07-28 00:00:00
P109-801080100-6419,얼려먹는 초코 아이스바,P,가공식품,1,가공식품,09,음료류,09801,액상음료,0900008,기타음료,090000801,혼합음료,00,해당없음,100ml,155,,3.53,5.77,,22.35,20.00,,,,,,100,,,,,,,,,11.77,4.47,0.00,,,,,,,,,,,,,,,,,,,,,,,,,,,,,,,,,,,,,,,,,,,,,,,,,,,,,,,,,,,,,,,,,,,,,,,,,,,,,,,,,,,,,,,,,,,,,,,,,,,,,,,,,,,,,,,3,식품의약품안전처,200ml,,26CN2K500D4,SHANDONG WANT WANT FOODS LTD.,(주)이마트,해당없음,Y,156,중국,2,수집,2026-05-07,2026-07-28 00:00:00
P114-103010200-0317,얼갈이열무 김치,P,가공식품,1,가공식품,14,절임류 또는 조림류,14103,기타김치,1400001,김치류,140000102,김치,00,해당없음,100g,40,,5.00,2.00,,3.00,3.00,,,,,,2,,,,,,,,,0.00,0.00,0.00,,,,,,,,,,,,,,,,,,,,,,,,,,,,,,,,,,,,,,,,,,,,,,,,,,,,,,,,,,,,,,,,,,,,,,,,,,,,,,,,,,,,,,,,,,,,,,,,,,,,,,,,,,,,,,,3,식품의약품안전처,40g,100g,2014022150639,남도향토미가,해당없음,해당없음,N,,해당없음,2,수집,2025-02-14,2026-07-28 00:00:00
P120-200020200-0477,어와란 씨앗비빔 청어알젓갈,P,가공식품,1,가공식품,20,수산가공식품류,20200,젓갈/액젓,2000002,젓갈류,200000202,양념젓갈,00,해당없음,100g,260,,12.00,11.10,,28.00,17.00,,,,,,1266,,,,,,,,,46.00,1.40,0.00,,,,,,,,,,,,,,,,,,,,,,,,,,,,,,,,,,,,,,,,,,,,,,,,,,,,,,,,,,,,,,,,,,,,,,,,,,,,,,,,,,,,,,,,,,,,,,,,,,,,,,,,,,,,,,,3,식품의약품안전처,,500g,20030128361198,삼양씨푸드주식회사,해당없음,해당없음,N,,해당없음,2,수집,2025-11-20,2026-07-28 00:00:00
P120-104010400-1051,어묵대장 종합어묵,P,가공식품,1,가공식품,20,수산가공식품류,20104,어묵,2000001,어육가공품류,200000104,어묵,00,해당없음,100g,122,,12.00,2.00,,14.00,5.00,,,,,,641,,,,,,,,,18.00,0.40,0.00,,,,,,,,,,,,,,,,,,,,,,,,,,,,,,,,,,,,,,,,,,,,,,,,,,,,,,,,,,,,,,,,,,,,,,,,,,,,,,,,,,,,,,,,,,,,,,,,,,,,,,,,,,,,,,,3,식품의약품안전처,30g,900g,20110144370530,삼진식품(주),해당없음,해당없음,N,,해당없음,2,수집,2024-11-20,2026-07-28 00:00:00
P120-600060000-0625,어니언바사삭 아귀순살강정,P,가공식품,1,가공식품,20,수산가공식품류,20600,기타 수산가공품,2000006,기타 수산물가공품,200000600,해당없음,00,해당없음,100g,164,,10.90,5.10,,18.50,1.20,,,,,,189,,,,,,,,,25.50,0.80,0.00,,,,,,,,,,,,,,,,,,,,,,,,,,,,,,,,,,,,,,,,,,,,,,,,,,,,,,,,,,,,,,,,,,,,,,,,,,,,,,,,,,,,,,,,,,,,,,,,,,,,,,,,,,,,,,,3,식품의약품안전처,,1000g,20000149041574,(주)그린푸드,해당없음,해당없음,N,,해당없음,2,수집,2024-09-19,2026-07-28 00:00:00
P113-206020400-0649,양파듬뿍짜장소스,P,가공식품,1,가공식품,13,조미식품,13206,기타 소스류,1300002,소스류,130000204,소스,00,해당없음,100g,111,,5.68,4.09,,12.81,7.44,,,,,,1231,,,,,,,,,4.30,1.09,0.00,,,,,,,,,,,,,,,,,,,,,,,,,,,,,,,,,,,,,,,,,,,,,,,,,,,,,,,,,,,,,,,,,,,,,,,,,,,,,,,,,,,,,,,,,,,,,,,,,,,,,,,,,,,,,,,3,식품의약품안전처,"드레싱 15g, 덮밥소스 165g",230g,199903641582017,(주)진성에프엠,해당없음,해당없음,N,,해당없음,2,수집,2023-12-22,2026-07-28 00:00:00
P119-900090200-0957,양송이 구워먹는 치즈,P,가공식품,1,가공식품,19,유가공품류,19900,치즈,1900009,치즈류(축산물가공품),190000902,가공치즈,00,해당없음,100g,256,,17.37,12.12,,19.30,0.39,,,,,,525,,,,,,,,,32.79,2.54,0.05,,,,,,,,,,,,,,,,,,,,,,,,,,,,,,,,,,,,,,,,,,,,,,,,,,,,,,,,,,,,,,,,,,,,,,,,,,,,,,,,,,,,,,,,,,,,,,,,,,,,,,,,,,,,,,,3,식품의약품안전처,20g,300g,20170262158191,주식회사 세인유업,해당없음,해당없음,N,,해당없음,2,수집,2026-06-25,2026-07-28 00:00:00
P123-207020300-4382,양반 두배진한 사골곰탕,P,가공식품,1,가공식품,23,즉석식품류,23207,국/탕류,2300002,즉석섭취·편의식품류,230000203,즉석조리식품,00,해당없음,100g,17,,1.00,1.52,,0.22,0.00,,,,,,2,,,,,,,,,2.17,0.61,0.11,,,,,,,,,,,,,,,,,,,,,,,,,,,,,,,,,,,,,,,,,,,,,,,,,,,,,,,,,,,,,,,,,,,,,,,,,,,,,,,,,,,,,,,,,,,,,,,,,,,,,,,,,,,,,,,3,식품의약품안전처,250ml(g),460g,19950227050292,(주)동원F&B,해당없음,해당없음,N,,해당없음,2,수집,2026-03-10,2026-07-28 00:00:00
P117-700080000-0091,양념미트볶음,P,가공식품,1,가공식품,17,식육가공품 및 포장육,17700,식육간편조리,1700008,식육함유가공품,170000800,해당없음,00,해당없음,100g,140,,9.00,3.80,,17.00,9.00,,,,,,670,,,,,,,,,25.00,1.40,0.00,,,,,,,,,,,,,,,,,,,,,,,,,,,,,,,,,,,,,,,,,,,,,,,,,,,,,,,,,,,,,,,,,,,,,,,,,,,,,,,,,,,,,,,,,,,,,,,,,,,,,,,,,,,,,,,3,식품의약품안전처,,300g,2020027007516,(주)에이치에스식품,해당없음,해당없음,N,,해당없음,2,수집,2024-02-07,2026-07-28 00:00:00
P117-501050100-3658,양념 토시살 구이,P,가공식품,1,가공식품,17,식육가공품 및 포장육,17501,양념육,1700005,양념육류(축산물가공품),170000501,양념육,00,해당없음,100g,145,,14.98,5.04,,9.97,1.20,,,,,,303,,,,,,,,,59.91,2.11,0.05,,,,,,,,,,,,,,,,,,,,,,,,,,,,,,,,,,,,,,,,,,,,,,,,,,,,,,,,,,,,,,,,,,,,,,,,,,,,,,,,,,,,,,,,,,,,,,,,,,,,,,,,,,,,,,,3,식품의약품안전처,100g,800g,20110502005515,한원푸드시스템(주),해당없음,해당없음,N,,해당없음,2,수집,2025-08-21,2026-07-28 00:00:00
P120-104010400-0463,얇아서 더욱 맛있는 사각꼬치어묵,P,가공식품,1,가공식품,20,수산가공식품류,20104,어묵,2000001,어육가공품류,200000104,어묵,00,해당없음,100g,182,,12.40,2.40,,27.80,3.80,,,,,,1404,,,,,,,,,48.90,0.40,0.00,,,,,,,,,,,,,,,,,,,,,,,,,,,,,,,,,,,,,,,,,,,,,,,,,,,,,,,,,,,,,,,,,,,,,,,,,,,,,,,,,,,,,,,,,,,,,,,,,,,,,,,,,,,,,,,3,식품의약품안전처,30g,350g,20090144013261,(주)금진식품,해당없음,해당없음,N,,해당없음,2,수집,2023-12-22,2026-07-28 00:00:00
P123-305020300-0121,야채한우짜짜,P,가공식품,1,가공식품,23,즉석식품류,23305,기타 즉석식품,2300002,즉석섭취·편의식품류,230000203,즉석조리식품,00,해당없음,100g,71,,4.17,2.92,,6.67,3.33,,,,,,300,,,,,,,,,8.33,0.75,0.00,,,,,,,,,,,,,,,,,,,,,,,,,,,,,,,,,,,,,,,,,,,,,,,,,,,,,,,,,,,,,,,,,,,,,,,,,,,,,,,,,,,,,,,,,,,,,,,,,,,,,,,,,,,,,,,3,식품의약품안전처,,120g,20140466024109,주식회사 내담에프앤비(NAEDAM F&B),해당없음,해당없음,N,,해당없음,2,수집,2023-12-22,2026-07-28 00:00:00
P116-704070400-0986,야채고로케,P,가공식품,1,가공식품,16,농산가공식품류,16704,서류가공품,1600007,기타 농산가공품류,160000704,서류가공품,00,해당없음,100g,138,,4.40,1.20,,27.50,6.70,,,,,,278,,,,,,,,,3.30,0.90,0.00,,,,,,,,,,,,,,,,,,,,,,,,,,,,,,,,,,,,,,,,,,,,,,,,,,,,,,,,,,,,,,,,,,,,,,,,,,,,,,,,,,,,,,,,,,,,,,,,,,,,,,,,,,,,,,,3,식품의약품안전처,,800g,200003865971,한국산토미야(주),해당없음,해당없음,N,,해당없음,2,수집,2026-01-22,2026-07-28 00:00:00
P109-302030200-5363,야라밸리 착즙사과 주스,P,가공식품,1,가공식품,09,음료류,09302,과·채주스,0900003,과일·채소류음료,090000302,과·채주스,00,해당없음,100ml,50,,0.10,0.10,,12.00,11.60,,,,,,5,,,,,,,,,0.00,0.10,0.00,,,,,,,,,,,,,,,,,,,,,,,,,,,,,,,,,,,,,,,,,,,,,,,,,,,,,,,,,,,,,,,,,,,,,,,,,,,,,,,,,,,,,,,,,,,,,,,,,,,,,,,,,,,,,,,3,식품의약품안전처,200ml,1000ml,24AU0DZ00D9,AUSSIE GROWERS FRUITS AUSTRALASIA PTY LTD,(주)아띠인터내셔널,해당없음,Y,036,호주,2,수집,2024-09-03,2026-07-28 00:00:00
P109-801080100-5457,액티브 알부민 부스터 맥스,P,가공식품,1,가공식품,09,음료류,09801,액상음료,0900008,기타음료,090000801,혼합음료,00,해당없음,100g,72,,1.33,0.22,,16.00,7.11,,,,,,36,,,,,,,,,0.00,0.00,0.00,,,,,,,,,,,,,,,,,,,,,,,,,,,,,,,,,,,,,,,,,,,,,,,,,,,,,,,,,,,,,,,,,,,,,,,,,,,,,,,,,,,,,,,,,,,,,,,,,,,,,,,,,,,,,,,3,식품의약품안전처,200ml,225g,20230627153334,(주)코지맘바이오,해당없음,해당없음,N,,해당없음,2,수집,2025-11-06,2026-07-28 00:00:00
P109-102010200-5121,애플시나몬청,P,가공식품,1,가공식품,09,음료류,09102,액상차,0900001,다류,090000102,액상차,00,해당없음,100g,286,,0.27,0.81,,69.41,44.41,,,,,,5,,,,,,,,,0.00,0.02,0.00,,,,,,,,,,,,,,,,,,,,,,,,,,,,,,,,,,,,,,,,,,,,,,,,,,,,,,,,,,,,,,,,,,,,,,,,,,,,,,,,,,,,,,,,,,,,,,,,,,,,,,,,,,,,,,,3,식품의약품안전처,200ml,1000g,2016057002029,봄봄푸드,해당없음,해당없음,N,,해당없음,2,수집,2026-05-12,2026-07-28 00:00:00
P104-201070000-0254,애플 시럽,P,가공식품,1,가공식품,04,당류,04201,시럽,0400007,당류가공품,040000700,해당없음,00,해당없음,100ml,320,,0.00,0.00,,80.00,79.00,,,,,,1,,,,,,,,,0.00,0.00,0.00,,,,,,,,,,,,,,,,,,,,,,,,,,,,,,,,,,,,,,,,,,,,,,,,,,,,,,,,,,,,,,,,,,,,,,,,,,,,,,,,,,,,,,,,,,,,,,,,,,,,,,,,,,,,,,,3,식품의약품안전처,10g,1000ml,20MY0K500D6,MONIN ASIA KL SDN BHD,(주)커피 앤 칵테일,해당없음,Y,458,말레이시아,2,수집,2024-01-26,2026-07-28 00:00:00
P113-206020400-0639,애된장소스,P,가공식품,1,가공식품,13,조미식품,13206,기타 소스류,1300002,소스류,130000204,소스,00,해당없음,100g,49,,1.11,2.00,,6.67,0.56,,,,,,83,,,,,,,,,0.00,0.83,0.00,,,,,,,,,,,,,,,,,,,,,,,,,,,,,,,,,,,,,,,,,,,,,,,,,,,,,,,,,,,,,,,,,,,,,,,,,,,,,,,,,,,,,,,,,,,,,,,,,,,,,,,,,,,,,,,3,식품의약품안전처,"드레싱 15g, 덮밥소스 165g",180g,202301691951,닭썸푸드,해당없음,해당없음,N,,해당없음,2,수집,2023-12-22,2026-07-28 00:00:00
P101-405000400-1460,앙금빵,P,가공식품,1,가공식품,01,과자류·빵류 또는 떡류,01405,기타 빵,0100000,해당없음,010000004,빵류,00,해당없음,100g,311,,8.89,3.78,,61.11,22.22,,,,,,256,,,,,,,,,5.56,2.78,0.00,,,,,,,,,,,,,,,,,,,,,,,,,,,,,,,,,,,,,,,,,,,,,,,,,,,,,,,,,,,,,,,,,,,,,,,,,,,,,,,,,,,,,,,,,,,,,,,,,,,,,,,,,,,,,,,3,식품의약품안전처,70g,90g,2014054854815,농업회사법인(주)우리쌀베이커리,해당없음,해당없음,N,,해당없음,2,수집,2021-06-30,2026-07-28 00:00:00
P123-227020200-0026,압도적2배소고기고추장,P,가공식품,1,가공식품,23,즉석식품류,23227,소스/드레싱,2300002,즉석섭취·편의식품류,230000202,즉석섭취식품,00,해당없음,100g,156,,2.58,1.63,,32.70,3.09,,,,,,330,,,,,,,,,0.00,0.40,0.03,,,,,,,,,,,,,,,,,,,,,,,,,,,,,,,,,,,,,,,,,,,,,,,,,,,,,,,,,,,,,,,,,,,,,,,,,,,,,,,,,,,,,,,,,,,,,,,,,,,,,,,,,,,,,,,3,식품의약품안전처,,206g,200306073752860,(주)원푸드림,해당없음,해당없음,N,,해당없음,2,수집,2025-09-02,2026-07-28 00:00:00
P120-600060000-3914,알탕,P,가공식품,1,가공식품,20,수산가공식품류,20600,기타 수산가공품,2000006,기타 수산물가공품,200000600,해당없음,00,해당없음,100g,63,,4.60,0.74,,9.45,1.17,,,,,,340,,,,,,,,,56.47,0.06,0.00,,,,,,,,,,,,,,,,,,,,,,,,,,,,,,,,,,,,,,,,,,,,,,,,,,,,,,,,,,,,,,,,,,,,,,,,,,,,,,,,,,,,,,,,,,,,,,,,,,,,,,,,,,,,,,,3,식품의약품안전처,,300g,2011034548191,(주)해담은푸드,해당없음,해당없음,N,,해당없음,2,수집,2026-06-19,2026-07-28 00:00:00
P109-801080100-5219,알부민&플라센타,P,가공식품,1,가공식품,09,음료류,09801,액상음료,0900008,기타음료,090000801,혼합음료,00,해당없음,100g,72,,1.33,0.22,,16.00,7.11,,,,,,36,,,,,,,,,0.00,0.00,0.00,,,,,,,,,,,,,,,,,,,,,,,,,,,,,,,,,,,,,,,,,,,,,,,,,,,,,,,,,,,,,,,,,,,,,,,,,,,,,,,,,,,,,,,,,,,,,,,,,,,,,,,,,,,,,,,3,식품의약품안전처,200ml,225g,20230627153303,(주)코지맘바이오,해당없음,해당없음,N,,해당없음,2,수집,2025-09-04,2026-07-28 00:00:00
P123-201020300-1978,알리오올리오볶음밥&고기산적,P,가공식품,1,가공식품,23,즉석식품류,23201,밥류,2300002,즉석섭취·편의식품류,230000203,즉석조리식품,00,해당없음,100g,200,,5.80,8.60,,24.80,0.00,,,,,,75,,,,,,,,,12.60,2.72,0.00,,,,,,,,,,,,,,,,,,,,,,,,,,,,,,,,,,,,,,,,,,,,,,,,,,,,,,,,,,,,,,,,,,,,,,,,,,,,,,,,,,,,,,,,,,,,,,,,,,,,,,,,,,,,,,,3,식품의약품안전처,210g,250g,2017036880414,주식회사에스제이푸드,해당없음,해당없음,N,,해당없음,2,수집,2021-06-30,2026-07-28 00:00:00
P108-006000300-0740,알뜰고구마당면,P,가공식품,1,가공식품,08,면류,08006,당면,0800000,해당없음,080000003,건면,00,해당없음,100g,336,,0.00,0.00,,84.00,0.00,,,,,,17,,,,,,,,,0.00,0.00,0.00,,,,,,,,,,,,,,,,,,,,,,,,,,,,,,,,,,,,,,,,,,,,,,,,,,,,,,,,,,,,,,,,,,,,,,,,,,,,,,,,,,,,,,,,,,,,,,,,,,,,,,,,,,,,,,,3,식품의약품안전처,30g,13000g,25CN7HA00D3,ZAOZHUANG SHANTING HONGFU POTATO FACTORY,도도도(주),해당없음,Y,156,중국,2,수집,2025-12-24,2026-07-28 00:00:00
P117-501050100-7106,안심 텐더,P,가공식품,1,가공식품,17,식육가공품 및 포장육,17501,양념육,1700005,양념육류(축산물가공품),170000501,양념육,00,해당없음,100g,100,,4.00,5.00,,11.00,9.00,,,,,,10,,,,,,,,,5.00,1.00,0.50,,,,,,,,,,,,,,,,,,,,,,,,,,,,,,,,,,,,,,,,,,,,,,,,,,,,,,,,,,,,,,,,,,,,,,,,,,,,,,,,,,,,,,,,,,,,,,,,,,,,,,,,,,,,,,,3,식품의약품안전처,100g,100g,20180397021130,(주)참푸드,해당없음,해당없음,N,,해당없음,2,수집,2026-04-25,2026-07-28 00:00:00
P123-302030100-2302,악마의 레시피 김치왕만두,P,가공식품,1,가공식품,23,즉석식품류,23302,만두,2300003,만두류,230000301,만두,00,해당없음,100g,195,,9.80,8.10,,20.70,0.90,,,,,,351,,,,,,,,,17.70,3.00,0.00,,,,,,,,,,,,,,,,,,,,,,,,,,,,,,,,,,,,,,,,,,,,,,,,,,,,,,,,,,,,,,,,,,,,,,,,,,,,,,,,,,,,,,,,,,,,,,,,,,,,,,,,,,,,,,,3,식품의약품안전처,150g,1400g,20000370201923,농업회사법인(유)굿푸드,해당없음,해당없음,N,,해당없음,2,수집,2025-04-29,2026-07-28 00:00:00
P101-207000200-0703,아큐민 케어 로젠지,P,가공식품,1,가공식품,01,과자류·빵류 또는 떡류,01207,기타 사탕,0100000,해당없음,010000002,캔디류,00,해당없음,100g,238,,0.00,0.00,,59.25,0.00,,,,,,0,,,,,,,,,0.00,0.00,0.00,,,,,,,,,,,,,,,,,,,,,,,,,,,,,,,,,,,,,,,,,,,,,,,,,,,,,,,,,,,,,,,,,,,,,,,,,,,,,,,,,,,,,,,,,,,,,,,,,,,,,,,,,,,,,,,3,식품의약품안전처,10g,120g,2017019976434,제이씨컴퍼니,해당없음,해당없음,N,,해당없음,2,수집,2024-07-05,2026-07-28 00:00:00
P105-001000100-0569,아치미당 레드와인 무화과 잼,P,가공식품,1,가공식품,05,잼류,05001,잼,0500000,해당없음,050000001,잼,00,해당없음,100g,90,,2.00,1.00,,17.00,6.50,,,,,,1,,,,,,,,,0.00,0.00,0.00,,,,,,,,,,,,,,,,,,,,,,,,,,,,,,,,,,,,,,,,,,,,,,,,,,,,,,,,,,,,,,,,,,,,,,,,,,,,,,,,,,,,,,,,,,,,,,,,,,,,,,,,,,,,,,,3,식품의약품안전처,20g,100g,2015006600549,아모스9,해당없음,해당없음,N,,해당없음,2,수집,2023-12-13,2026-07-28 00:00:00
P109-302030200-1290,아임리얼그린키위,P,가공식품,1,가공식품,09,음료류,09302,과·채주스,0900003,과일·채소류음료,090000302,과·채주스,00,해당없음,100ml,63,,0.53,0.00,,15.79,13.68,,,,,,3,,,,,,,,,0.00,0.00,0.00,,,,,,,,,,,,,,,,,,,,,,,,,,,,,,,,,,,,,,,,,,,,,,,,,,,,,,,,,,,,,,,,,,,,,,,,,,,,,,,,,,,,,,,,,,,,,,,,,,,,,,,,,,,,,,,3,식품의약품안전처,200ml,190ml,200904420405,(주)풀무원녹즙,해당없음,해당없음,N,,해당없음,2,수집,2021-06-30,2026-07-28 00:00:00
P101-106000100-4194,아이얌 눈꽃팡 우유,P,가공식품,1,가공식품,01,과자류·빵류 또는 떡류,01106,일반과자,0100000,해당없음,010000001,과자,00,해당없음,100g,564,,8.00,36.00,,52.00,10.00,,420,,,,140,,,,,,,,6.00,0.00,4.00,0.00,,,,,,,,,,,,,,,,,,,,,,,,,,,,,,,,,,,,,,,,,,,,,,,,,,,,,,,,,,,,,,,,,,,,,,,,,,,,,,,,,,5.2,,,,,,,,,,,,,,,,,,,,,,,,,,,,,3,식품의약품안전처,30g,25g,20190532129275,주식회사오늘도,해당없음,해당없음,N,,해당없음,2,수집,2025-05-01,2026-07-28 00:00:00
P102-101010100-1830,아이스 호떡 모찌,P,가공식품,1,가공식품,02,빙과류,02101,아이스크림,0200001,아이스크림류(축산물가공품),020000101,아이스크림,00,해당없음,100ml,213,,2.86,7.62,,33.33,23.81,,,,,,28,,,,,,,,,17.14,3.81,0.00,,,,,,,,,,,,,,,,,,,,,,,,,,,,,,,,,,,,,,,,,,,,,,,,,,,,,,,,,,,,,,,,,,,,,,,,,,,,,,,,,,,,,,,,,,,,,,,,,,,,,,,,,,,,,,,3,식품의약품안전처,100ml,105ml,19930405001776,비알코리아(주),해당없음,해당없음,N,,해당없음,2,수집,2024-12-31,2026-07-28 00:00:00
P101-106000100-4436,아이배냇 꼬마 곡물조아퐁딸기,P,가공식품,1,가공식품,01,과자류·빵류 또는 떡류,01106,일반과자,0100000,해당없음,010000001,과자,00,해당없음,100g,350,,6.67,4.00,,73.33,23.33,,350,,,,17,350,,,,,,,,16.67,0.00,0.00,,,,,,,,,,,,,,,,,,,,,,,,,,,,,,,,,,,,,,,,,,,,,,,,,,,,,,,,,,,,,,,,,,,,,,,,,,,,,,,,,,,,,,,,,,,,,,,,,,,,,,,,,,,,,,,3,식품의약품안전처,30g,30g,2020039134337,주식회사아이배냇포천푸드,해당없음,해당없음,N,,해당없음,2,수집,2025-07-23,2026-07-28 00:00:00
P109-802080200-3685,아워베이스 레몬,P,가공식품,1,가공식품,09,음료류,09802,농축음료/베이스,0900008,기타음료,090000802,음료베이스,00,해당없음,100g,267,,0.00,0.00,,66.67,33.33,,,,,,0,,,,,,,,,0.00,0.00,0.00,,,,,,,,,,,,,,,,,,,,,,,,,,,,,,,,,,,,,,,,,,,,,,,,,,,,,,,,,,,,,,,,,,,,,,,,,,,,,,,,,,,,,,,,,,,,,,,,,,,,,,,,,,,,,,,3,식품의약품안전처,150ml,1000g,20170275127573,주식회사 엔아이에프,해당없음,해당없음,N,,해당없음,2,수집,2026-06-14,2026-07-28 00:00:00
P113-101010100-0588,아세토 발사미코 디 모데나,P,가공식품,1,가공식품,13,조미식품,13101,식초,1300001,식초류,130000101,발효식초,00,해당없음,100ml,186,,1.50,0.00,,45.00,45.00,,,,,,68,,,,,,,,,0.00,0.00,0.00,,,,,,,,,,,,,,,,,,,,,,,,,,,,,,,,,,,,,,,,,,,,,,,,,,,,,,,,,,,,,,,,,,,,,,,,,,,,,,,,,,,,,,,,,,,,,,,,,,,,,,,,,,,,,,,3,식품의약품안전처,5ml,250ml,20IT99500D1,TOSCHI VIGNOLA S.R.L.,(주)보라티알,해당없음,Y,380,이탈리아,2,수집,2025-12-19,2026-07-28 00:00:00
P101-104000100-2543,아보카도칩스 나쵸치즈맛,P,가공식품,1,가공식품,01,과자류·빵류 또는 떡류,01104,스낵과자,0100000,해당없음,010000001,과자,00,해당없음,100g,438,,5.00,17.50,,65.00,7.50,,,,,,675,,,,,,,,,0.00,3.25,0.00,,,,,,,,,,,,,,,,,,,,,,,,,,,,,,,,,,,,,,,,,,,,,,,,,,,,,,,,,,,,,,,,,,,,,,,,,,,,,,,,,,,,,,,,,,,,,,,,,,,,,,,,,,,,,,,3,식품의약품안전처,30g,40g,24TH0JA00D5,ATLANTIC FOODS COMPANY,푸드네츄럴 (주),해당없음,Y,764,태국,2,수집,2026-03-19,2026-07-28 00:00:00
P101-405000400-3321,아몬드휘낭시에,P,가공식품,1,가공식품,01,과자류·빵류 또는 떡류,01405,기타 빵,0100000,해당없음,010000004,빵류,00,해당없음,100g,417,,5.56,25.56,,38.89,27.78,,,,,,167,,,,,,,,,55.56,12.78,1.11,,,,,,,,,,,,,,,,,,,,,,,,,,,,,,,,,,,,,,,,,,,,,,,,,,,,,,,,,,,,,,,,,,,,,,,,,,,,,,,,,,,,,,,,,,,,,,,,,,,,,,,,,,,,,,,3,식품의약품안전처,70g,18g,20020383685487,(주)파리크라상,해당없음,해당없음,N,,해당없음,2,수집,2023-12-22,2026-07-28 00:00:00
P101-103000100-5515,아몬드 플로랑탱 쿠키,P,가공식품,1,가공식품,01,과자류·빵류 또는 떡류,01103,비스킷/쿠키/크래커,0100000,해당없음,010000001,과자,00,해당없음,100g,545,,10.00,30.00,,55.00,35.00,,,,,,30,,,,,,,,,75.00,15.00,0.00,,,,,,,,,,,,,,,,,,,,,,,,,,,,,,,,,,,,,,,,,,,,,,,,,,,,,,,,,,,,,,,,,,,,,,,,,,,,,,,,,,,,,,,,,,,,,,,,,,,,,,,,,,,,,,,3,식품의약품안전처,30g,20g,20130275165165,씨앤디 베이커리(C&D Bakery),해당없음,해당없음,N,,해당없음,2,수집,2026-04-15,2026-07-28 00:00:00
P101-203000200-2267,아메다마캔디,P,가공식품,1,가공식품,01,과자류·빵류 또는 떡류,01203,사탕,0100000,해당없음,010000002,캔디류,00,해당없음,100g,383,,0.00,0.00,,95.86,91.72,,,,,,0,,,,,,,,,0.00,0.00,0.00,,,,,,,,,,,,,,,,,,,,,,,,,,,,,,,,,,,,,,,,,,,,,,,,,,,,,,,,,,,,,,,,,,,,,,,,,,,,,,,,,,,,,,,,,,,,,,,,,,,,,,,,,,,,,,,3,식품의약품안전처,10g,,23JP2B200D2,"RIBON CO., LTD.",케이제이씨컴퍼니,해당없음,Y,392,일본,2,수집,2023-12-31,2026-07-28 00:00:00
P107-113011300-0969,아르베키나 프리미엄 멜가레호 엑스트라버진 올리브오일,P,가공식품,1,가공식품,07,식용유지류,07113,올리브유,0700001,식물성유지류,070000113,올리브유,00,해당없음,100g,885,,0.00,98.50,,0.00,0.00,,,,,,0,,,,,,,,,0.00,14.70,0.00,,,,,,,,,,,,,,,,,,,,,,,,,,,,,,,,,,,,,,,,,,,,,,,,,,,,,,,,,,,,,,,,,,,,,,,,,,,,,,,,,,,,,,,,,,,,,,,,,,,,,,,,,,,,,,,3,식품의약품안전처,5g(ml),,22ES0IX00D5,"ACEITES CAMPOLIVA, S.L.",토마테,해당없음,Y,724,스페인,2,수집,2024-12-31,2026-07-28 00:00:00
P120-111060000-0155,아라보감 간장 생연어장 300g,P,가공식품,1,가공식품,20,수산가공식품류,20111,연어,2000006,기타 수산물가공품,200000600,해당없음,00,해당없음,100g,103,,8.50,3.00,,10.40,6.90,,,,,,807,,,,,,,,,24.10,0.50,0.00,,,,,,,,,,,,,,,,,,,,,,,,,,,,,,,,,,,,,,,,,,,,,,,,,,,,,,,,,,,,,,,,,,,,,,,,,,,,,,,,,,,,,,,,,,,,,,,,,,,,,,,,,,,,,,,3,식품의약품안전처,,300g,20120620059166,늘푸른 영어조합법인,해당없음,해당없음,N,,해당없음,2,수집,2025-12-30,2026-07-28 00:00:00
P108-014000300-0980,아그네시 스파게티,P,가공식품,1,가공식품,08,면류,08014,파스타,0800000,해당없음,080000003,건면,00,해당없음,100g,360,,13.00,1.50,,75.00,3.00,,,,,,5,,,,,,,,,0.00,0.50,0.00,,,,,,,,,,,,,,,,,,,,,,,,,,,,,,,,,,,,,,,,,,,,,,,,,,,,,,,,,,,,,,,,,,,,,,,,,,,,,,,,,,,,,,,,,,,,,,,,,,,,,,,,,,,,,,,3,식품의약품안전처,"생·숙면 200g, 건면 100g, 당면 30g, 유탕면(봉지)120g, 유탕면(용기)80g",,17IT2OF00D0,COLUSSI S.P.A.,화인에프앤드비서비스(주),해당없음,Y,380,이탈리아,2,수집,2024-12-31,2026-07-28 00:00:00
P101-405000400-6579,씨앗호떡빵,P,가공식품,1,가공식품,01,과자류·빵류 또는 떡류,01405,기타 빵,0100000,해당없음,010000004,빵류,00,해당없음,100g,360,,8.06,12.36,,54.30,18.30,,,,,,202,,,,,,,,,0.00,1.98,0.03,,,,,,,,,,,,,,,,,,,,,,,,,,,,,,,,,,,,,,,,,,,,,,,,,,,,,,,,,,,,,,,,,,,,,,,,,,,,,,,,,,,,,,,,,,,,,,,,,,,,,,,,,,,,,,,3,식품의약품안전처,70g,200g,2023045130162,신화베이커리,해당없음,해당없음,N,,해당없음,2,수집,2025-05-09,2026-07-28 00:00:00
P101-501000500-4260,쑥카 찹쌀떡,P,가공식품,1,가공식품,01,과자류·빵류 또는 떡류,01501,떡,0100000,해당없음,010000005,떡류,00,해당없음,100g,293,,3.19,1.58,,66.54,18.35,,,,,,231,,,,,,,,,0.00,0.37,0.00,,,,,,,,,,,,,,,,,,,,,,,,,,,,,,,,,,,,,,,,,,,,,,,,,,,,,,,,,,,,,,,,,,,,,,,,,,,,,,,,,,,,,,,,,,,,,,,,,,,,,,,,,,,,,,,3,식품의약품안전처,100g,100g,2009030400159,일미식품,해당없음,해당없음,N,,해당없음,2,수집,2026-01-15,2026-07-28 00:00:00
P123-212020300-2050,쑥갓두부무침,P,가공식품,1,가공식품,23,즉석식품류,23212,반찬,2300002,즉석섭취·편의식품류,230000203,즉석조리식품,00,해당없음,100g,110,,8.00,6.00,,4.00,1.00,,,,,,230,,,,,,,,,0.00,1.00,0.00,,,,,,,,,,,,,,,,,,,,,,,,,,,,,,,,,,,,,,,,,,,,,,,,,,,,,,,,,,,,,,,,,,,,,,,,,,,,,,,,,,,,,,,,,,,,,,,,,,,,,,,,,,,,,,,3,식품의약품안전처,,100g,2025012278417,주식회사 오도락,해당없음,해당없음,N,,해당없음,2,수집,2026-02-06,2026-07-28 00:00:00
P105-001000100-1976,쎄콩데 피치 잼,P,가공식품,1,가공식품,05,잼류,05001,잼,0500000,해당없음,050000001,잼,00,해당없음,100g,155,,1.00,0.00,,56.00,8.00,,,,,,0,,,,,,,,,0.00,0.00,0.00,,,,,,,,,,,,,,,,,,,,,,,,,45.000,,,,,,,,,,,,,,,,,,,,,,,,,,,,,,,,,,,,,,,,,,,,,,,,,,,,,,,,,,,,,,,,,,,,,,,,,,,,,,,,,,,,,,3,식품의약품안전처,20g,260g,20180036983112,에스에프씨랩,해당없음,해당없음,N,,해당없음,2,수집,2026-01-08,2026-07-28 00:00:00
P109-401040100-0309,써니텐포도향,P,가공식품,1,가공식품,09,음료류,09401,탄산음료,0900004,탄산음료류,090000401,탄산음료,00,해당없음,100ml,52,,0.00,0.00,,13.00,13.00,,,,,,7,,,,,,,,,0.00,0.00,0.00,,,,,,,,,,,,,,,,,,,,,,,,,,,,,,,,,,,,,,,,,,,,,,,,,,,,,,,,,,,,,,,,,,,,,,,,,,,,,,,,,,,,,,,,,,,,,,,,,,,,,,,,,,,,,,,3,식품의약품안전처,200ml,1500ml,20030473071188,건강한사람들주식회사,해당없음,해당없음,N,,해당없음,2,수집,2021-06-30,2026-07-28 00:00:00
P101-402000400-0429,쌀초코베이비머핀,P,가공식품,1,가공식품,01,과자류·빵류 또는 떡류,01402,머핀,0100000,해당없음,010000004,빵류,00,해당없음,100g,373,,8.24,17.65,,44.71,17.65,,,,,,71,,,,,,,,,80.00,7.06,0.00,,,,,,,,,,,,,,,,,,,,,,,,,,,,,,,,,,,,,,,,,,,,,,,,,,,,,,,,,,,,,,,,,,,,,,,,,,,,,,,,,,,,,,,,,,,,,,,,,,,,,,,,,,,,,,,3,식품의약품안전처,70g,100g,2025082003752,(주)워킹맘 신안지사,해당없음,해당없음,N,,해당없음,2,수집,2025-11-14,2026-07-28 00:00:00
P101-501000500-1000,쌀떡볶이(실온),P,가공식품,1,가공식품,01,과자류·빵류 또는 떡류,01501,떡,0100000,해당없음,010000005,떡류,00,해당없음,100g,195,,4.00,0.00,,45.00,0.00,,,,,,140,,,,,,,,,0.00,0.00,0.00,,,,,,,,,,,,,,,,,,,,,,,,,,,,,,,,,,,,,,,,,,,,,,,,,,,,,,,,,,,,,,,,,,,,,,,,,,,,,,,,,,,,,,,,,,,,,,,,,,,,,,,,,,,,,,,3,식품의약품안전처,100g,100g,2024055102818,주식회사 토담(제2공장),해당없음,해당없음,N,,해당없음,2,수집,2024-03-21,2026-07-28 00:00:00
P101-408000400-0680,쌀 카스테라_딸기,P,가공식품,1,가공식품,01,과자류·빵류 또는 떡류,01408,카스텔라,0100000,해당없음,010000004,빵류,00,해당없음,100g,332,,7.00,7.33,,59.33,33.33,,,,,,75,,,,,,,,,286.00,2.33,0.00,,,,,,,,,,,,,,,,,,,,,,,,,,,,,,,,,,,,,,,,,,,,,,,,,,,,,,,,,,,,,,,,,,,,,,,,,,,,,,,,,,,,,,,,,,,,,,,,,,,,,,,,,,,,,,,3,식품의약품안전처,70g,300g,202509108199,실크테라2공장,해당없음,해당없음,N,,해당없음,2,수집,2025-08-21,2026-07-28 00:00:00
P109-201020000-0715,싱글오리진 콜롬비아 온 더 락스,P,가공식품,1,가공식품,09,음료류,09201,액상커피,0900002,커피,090000200,해당없음,00,해당없음,100g,4,,0.20,0.00,,0.70,0.00,,,,,,0,,,,,,,,,0.00,0.00,0.00,,,,,,,,,,,,,,,,,,,,,,,,,,,,,,,,,,,,,,,,,,,,,,,,,,,,,,,,,,,,,,,,,,,,,,,,,,,,,,,,,,,,,,,,,,,,,,,,,,,,,,,,,,,,,,,3,식품의약품안전처,240ml,200g,2022013319223,마그마커피(MAGMA COFFEE),해당없음,해당없음,N,,해당없음,2,수집,2023-12-22,2026-07-28 00:00:00
P109-201020000-1313,실크_바닐라빈라떼A,P,가공식품,1,가공식품,09,음료류,09201,액상커피,0900002,커피,090000200,해당없음,00,해당없음,100g,70,,2.35,2.84,,8.84,2.98,,,,,,22,,,,,,,,,5.23,0.02,0.00,,,,,,,,,,,,,,,,,,,,,,,,,,,,,,,,,,,,,,,,,,,,,,,,,,,,,,,,,,,,,,,,,,,,,,,,,,,,,,,,,,,,,,,,,,,,,,,,,,,,,,,,,,,,,,,3,식품의약품안전처,240ml,430g,2024091058848,실크카스테라,해당없음,해당없음,N,,해당없음,2,수집,2024-07-22,2026-07-28 00:00:00
P112-013001300-0440,신주일미된장(적된장),P,가공식품,1,가공식품,12,장류,12013,혼합장,1200000,해당없음,120000013,혼합장,00,해당없음,100g,168,,11.20,6.40,,16.30,7.60,,,,,,4600,,,,,,,,,0.00,0.80,0.00,,,,,,,,,,,,,,,,,,,,,,,,,,,,,,,,,,,,,,,,,,,,,,,,,,,,,,,,,,,,,,,,,,,,,,,,,,,,,,,,,,,,,,,,,,,,,,,,,,,,,,,,,,,,,,,3,식품의약품안전처,10g,,23JP02A00D1,"MATSUKAME MISO CO.,LTD.",원효에프앤드피(주),해당없음,Y,392,일본,2,수집,2023-12-31,2026-07-28 00:00:00
P109-302030200-1171,신선한 사과즙,P,가공식품,1,가공식품,09,음료류,09302,과·채주스,0900003,과일·채소류음료,090000302,과·채주스,00,해당없음,100ml,64,,0.00,0.00,,16.00,13.00,,,,,,0,,,,,,,,,0.00,0.00,0.00,,,,,,,,,,,,,,,,,,,,,,,,,,,,,,,,,,,,,,,,,,,,,,,,,,,,,,,,,,,,,,,,,,,,,,,,,,,,,,,,,,,,,,,,,,,,,,,,,,,,,,,,,,,,,,,3,식품의약품안전처,200ml,100ml,2005056301660,마하농원영농조합법인,해당없음,해당없음,N,,해당없음,2,수집,2022-12-29,2026-07-28 00:00:00
P108-003000400-0494,신라면툼바,P,가공식품,1,가공식품,08,면류,08003,라면,0800000,해당없음,080000004,유탕면,00,해당없음,100g,431,,7.30,14.60,,67.15,6.57,,123,,,,1015,,,,,,,,,8.03,7.30,0.00,,,,,,,,,,,,,,,,,,,,,,,,,,,,,,,,,,,,,,,,,,,,,,,,,,,,,,,,,,,,,,,,,,,,,,,,,,,,,,,,,,,,,,,,,,,,,,,,,,,,,,,,,,,,,,,3,식품의약품안전처,"생·숙면 200g, 건면 100g, 당면 30g, 유탕면(봉지)120g, 유탕면(용기)80g",137g,20010549541183,(주)농심,해당없음,해당없음,N,,해당없음,2,수집,2024-10-08,2026-07-28 00:00:00
P101-106000100-1107,식자재왕고구마형과자,P,가공식품,1,가공식품,01,과자류·빵류 또는 떡류,01106,일반과자,0100000,해당없음,010000001,과자,00,해당없음,100g,505,,10.00,23.00,,64.00,19.00,,,,,,360,,,,,,,,,0.00,10.00,0.00,,,,,,,,,,,,,,,,,,,,,,,,,,,,,,,,,,,,,,,,,,,,,,,,,,,,,,,,,,,,,,,,,,,,,,,,,,,,,,,,,,,,,,,,,,,,,,,,,,,,,,,,,,,,,,,3,식품의약품안전처,30g,1050g,19860332051268,(주)코스모스제과,해당없음,해당없음,N,,해당없음,2,수집,2021-06-30,2026-07-28 00:00:00
P117-300030000-0076,식자재 대통령 베이컨,P,가공식품,1,가공식품,17,식육가공품 및 포장육,17300,베이컨,1700003,베이컨류(축산물가공품),170000300,해당없음,00,해당없음,100g,160,,17.00,8.00,,6.00,2.00,,,,,,760,,,,,,,,,20.00,5.00,0.00,,,,,,,,,,,,,,,,,,,,,,,,,,,,,,,,,,,,,,,,,,,,,,,,,,,,,,,,,,,,,,,,,,,,,,,,,,,,,,,,,,,,,,,,,,,,,,,,,,,,,,,,,,,,,,,3,식품의약품안전처,30g,1000g,19830262001597,(주)사조오양 평택공장,해당없음,해당없음,N,,해당없음,2,수집,2024-04-09,2026-07-28 00:00:00
P123-206020300-0484,식물성 미트볼 요정스프,P,가공식품,1,가공식품,23,즉석식품류,23206,스프,2300002,즉석섭취·편의식품류,230000203,즉석조리식품,00,해당없음,100g,77,,6.00,1.67,,12.67,2.00,,,,,,295,,,,,,,,,0.00,0.67,0.00,,,,,,,,,,,,,,,,,,,,,,,,,,,,,,,,,,,,,,,,,,,,,,,,,,,,,,,,,,,,,,,,,,,,,,,,,,,,,,,,,,,,,,,,,,,,,,,,,,,,,,,,,,,,,,,3,식품의약품안전처,150ml(g),300g,20190447031201,(주)교동식품제4공장,해당없음,해당없음,N,,해당없음,2,수집,2025-05-02,2026-07-28 00:00:00
P101-104000100-0394,시티콘 콘버터맛,P,가공식품,1,가공식품,01,과자류·빵류 또는 떡류,01104,스낵과자,0100000,해당없음,010000001,과자,00,해당없음,100g,550,,3.33,33.33,,60.00,6.67,,,,,,533,,,,,,,,,0.00,11.33,0.67,,,,,,,,,,,,,,,,,,,,,,,,,,,,,,,,,,,,,,,,,,,,,,,,,,,,,,,,,,,,,,,,,,,,,,,,,,,,,,,,,,,,,,,,,,,,,,,,,,,,,,,,,,,,,,,3,식품의약품안전처,30g,150g,19830415001244,해태제과식품(주)청주공장,해당없음,해당없음,N,,해당없음,2,수집,2024-03-07,2026-07-28 00:00:00
P117-501050100-5589,시즈닝 듀록 목살,P,가공식품,1,가공식품,17,식육가공품 및 포장육,17501,양념육,1700005,양념육류(축산물가공품),170000501,양념육,00,해당없음,100g,195,,19.00,12.00,,3.00,0.00,,,,,,230,,,,,,,,,80.00,4.50,0.00,,,,,,,,,,,,,,,,,,,,,,,,,,,,,,,,,,,,,,,,,,,,,,,,,,,,,,,,,,,,,,,,,,,,,,,,,,,,,,,,,,,,,,,,,,,,,,,,,,,,,,,,,,,,,,,3,식품의약품안전처,100g,1000g,2024037109127,주식회사 이레푸드,해당없음,해당없음,N,,해당없음,2,수집,2026-01-19,2026-07-28 00:00:00
P102-104010400-0242,시모나바밤바,P,가공식품,1,가공식품,02,빙과류,02104,샤베트,0200001,아이스크림류(축산물가공품),020000104,샤베트,00,해당없음,100ml,236,,2.86,12.86,,27.14,24.29,,,,,,64,,,,,,,,,0.00,10.00,0.00,,,,,,,,,,,,,,,,,,,,,,,,,,,,,,,,,,,,,,,,,,,,,,,,,,,,,,,,,,,,,,,,,,,,,,,,,,,,,,,,,,,,,,,,,,,,,,,,,,,,,,,,,,,,,,,3,식품의약품안전처,100g(ml),70ml,19870532001204,해태아이스크림(주),해당없음,해당없음,N,,해당없음,2,수집,2023-12-22,2026-07-28 00:00:00
P101-412000400-0124,시나몬조청 약과타르트,P,가공식품,1,가공식품,01,과자류·빵류 또는 떡류,01412,파이/타르트,0100000,해당없음,010000004,빵류,00,해당없음,100g,421,,5.33,16.00,,64.00,14.67,,,,,,213,,,,,,,,,33.33,6.00,0.00,,,,,,,,,,,,,,,,,,,,,,,,,,,,,,,,,,,,,,,,,,,,,,,,,,,,,,,,,,,,,,,,,,,,,,,,,,,,,,,,,,,,,,,,,,,,,,,,,,,,,,,,,,,,,,,3,식품의약품안전처,70g,75g,199102270211035,(주)호남샤니,해당없음,해당없음,N,,해당없음,2,수집,2023-12-22,2026-07-28 00:00:00
P101-403000400-0254,시금치 치아바타,P,가공식품,1,가공식품,01,과자류·빵류 또는 떡류,01403,바게트/치아바타,0100000,해당없음,010000004,빵류,00,해당없음,100g,210,,4.00,6.00,,35.00,0.00,,,,,,260,,,,,,,,,0.00,0.50,0.00,,,,,,,,,,,,,,,,,,,,,,,,,,,,,,,,,,,,,,,,,,,,,,,,,,,,,,,,,,,,,,,,,,,,,,,,,,,,,,,,,,,,,,,,,,,,,,,,,,,,,,,,,,,,,,,3,식품의약품안전처,70g,160g,2022036916248,슈필플라츠(SPIELPLATZ),해당없음,해당없음,N,,해당없음,2,수집,2024-03-21,2026-07-28 00:00:00
P123-213020300-0495,슬림한끼02,P,가공식품,1,가공식품,23,즉석식품류,23213,도시락,2300002,즉석섭취·편의식품류,230000203,즉석조리식품,00,해당없음,100g,146,,4.80,6.80,,16.00,1.60,,,,,,320,,,,,,,,,8.00,1.08,0.00,,,,,,,,,,,,,,,,,,,,,,,,,,,,,,,,,,,,,,,,,,,,,,,,,,,,,,,,,,,,,,,,,,,,,,,,,,,,,,,,,,,,,,,,,,,,,,,,,,,,,,,,,,,,,,,3,식품의약품안전처,1식,250g,2019021198866,(주)한국푸드씨스템,해당없음,해당없음,N,,해당없음,2,수집,2021-06-30,2026-07-28 00:00:00
P108-014000300-1481,스피나치 페투치니 (553632),P,가공식품,1,가공식품,08,면류,08014,파스타,0800000,해당없음,080000003,건면,00,해당없음,100g,359,,17.00,4.80,,61.90,2.40,,,,,,80,,,,,,,,,0.00,1.40,0.00,,,,,,,,,,,,,,,,,,,,,,,,,,,,,,,,,,,,,,,,,,,,,,,,,,,,,,,,,,,,,,,,,,,,,,,,,,,,,,,,,,,,,,,,,,,,,,,,,,,,,,,,,,,,,,,3,식품의약품안전처,"생·숙면 200g, 건면 100g, 당면 30g, 유탕면(봉지)120g, 유탕면(용기)80g",250g,25IT2J100D0,LA CAMPOFILONE SRL SOCIETA AGRICOLA,(주)피엔디서비스,해당없음,Y,380,이탈리아,2,수집,2025-10-15,2026-07-28 00:00:00
P123-203020200-0542,스팸참치마요,P,가공식품,1,가공식품,23,즉석식품류,23203,주먹밥/김밥/초밥,2300002,즉석섭취·편의식품류,230000202,즉석섭취식품,00,해당없음,100g,186,,4.76,6.67,,26.67,0.95,,,,,,357,,,,,,,,,8.57,1.62,0.00,,,,,,,,,,,,,,,,,,,,,,,,,,,,,,,,,,,,,,,,,,,,,,,,,,,,,,,,,,,,,,,,,,,,,,,,,,,,,,,,,,,,,,,,,,,,,,,,,,,,,,,,,,,,,,,3,식품의약품안전처,210g,105g,2019054500999,(주)대정,해당없음,해당없음,N,,해당없음,2,수집,2025-11-04,2026-07-28 00:00:00
P123-224020300-0420,스파이시치킨 치아바타,P,가공식품,1,가공식품,23,즉석식품류,23224,샌드위치,2300002,즉석섭취·편의식품류,230000203,즉석조리식품,00,해당없음,100g,324,,10.00,17.22,,32.23,7.78,,,,,,767,,,,,,,,,36.11,3.33,0.00,,,,,,,,,,,,,,,,,,,,,,,,,,,,,,,,,,,,,,,,,,,,,,,,,,,,,,,,,,,,,,,,,,,,,,,,,,,,,,,,,,,,,,,,,,,,,,,,,,,,,,,,,,,,,,,3,식품의약품안전처,150g,540g,200803382231080,(주)샌드팜,해당없음,해당없음,N,,해당없음,2,수집,2025-04-09,2026-07-28 00:00:00
P108-014000300-0260,스파게토니,P,가공식품,1,가공식품,08,면류,08014,파스타,0800000,해당없음,080000003,건면,00,해당없음,100g,355,,12.00,1.20,,71.00,3.20,,,,,,0,,,,,,,,,0.00,0.30,0.00,,,,,,,,,,,,,,,,,,,,,,,,,,,,,,,,,,,,,,,,,,,,,,,,,,,,,,,,,,,,,,,,,,,,,,,,,,,,,,,,,,,,,,,,,,,,,,,,,,,,,,,,,,,,,,,3,식품의약품안전처,"생·숙면 200g, 건면 100g, 당면 30g, 유탕면(봉지)120g, 유탕면(용기)80g",500g,2020_DNSP_02840,해당없음,PASTA ZARA S.P.A,해당없음,Y,380,이탈리아,2,수집,2020-06-30,2026-07-28 00:00:00
P101-410000400-0925,스트로베리 커스타드 크라운,P,가공식품,1,가공식품,01,과자류·빵류 또는 떡류,01410,페이스트리,0100000,해당없음,010000004,빵류,00,해당없음,100g,388,,5.30,23.00,,40.00,17.00,,,,,,108,,,,,,,,,5.00,9.10,0.00,,,,,,,,,,,,,,,,,,,,,,,,,,,,,,,,,,,,,,,,,,,,,,,,,,,,,,,,,,,,,,,,,,,,,,,,,,,,,,,,,,,,,,,,,,,,,,,,,,,,,,,,,,,,,,,3,식품의약품안전처,70g,5006g,23DK03K00D9,LANTMANNEN UNIBAKE DENMARK A/S,주식회사엘유코리아,해당없음,Y,208,덴마크,2,수집,2023-10-25,2026-07-28 00:00:00
P109-202020000-0447,스테비아 커피믹스,P,가공식품,1,가공식품,09,음료류,09202,인스턴트커피,0900002,커피,090000200,해당없음,00,해당없음,100g,370,,4.80,20.72,,69.01,0.00,,,,,,187,,,,,,,,,1.10,19.27,0.02,,,,,,,,,,,,,,,,,,,,,,,,,,,,27.160,,,,,,,,,,,,,,,,,,,,,,,,,,,,,,,,,,,,,,,,,,,,,,,,,,,,,,,,,,,,,,,,,,,,,,,,,,,,,,,,,,,3,식품의약품안전처,,100g,20090449018396,한국맥널티주식회사,해당없음,해당없음,N,,해당없음,2,수집,2025-12-10,2026-07-28 00:00:00
P113-206020400-7513,스키야키 소스,P,가공식품,1,가공식품,13,조미식품,13206,기타 소스류,1300002,소스류,130000204,소스,00,해당없음,100g,160,,4.00,0.20,,35.00,29.70,,,,,,2600,,,,,,,,,0.00,0.00,0.20,,,,,,,,,,,,,,,,,,,,,,,,,,,,,,,,,,,,,,,,,,,,,,,,,,,,,,,,,,,,,,,,,,,,,,,,,,,,,,,,,,,,,,,,,,,,,,,,,,,,,,,,,,,,,,,3,식품의약품안전처,"드레싱 15g, 덮밥소스 165g",425g,25JP2IW00D7,"DAISHO CO.,LTD. KYUSHU FACTORY",(주)가온트레이딩,해당없음,Y,392,일본,2,수집,2025-12-08,2026-07-28 00:00:00
P116-701070100-1896,스윗팡팡 애플토마토 망고맛,P,가공식품,1,가공식품,16,농산가공식품류,16701,과일가공품,1600007,기타 농산가공품류,160000701,과·채가공품,00,해당없음,100g,22,,1.00,0.10,,4.20,2.50,,,,,,31,,,,,,,,,0.00,0.00,0.00,,,,,,,,,,,,,,,,,,,,,,,,,,,,,,,,,,,,,,,,,,,,,,,,,,,,,,,,,,,,,,,,,,,,,,,,,,,,,,,,,,,,,,,,,,,,,,,,,,,,,,,,,,,,,,,3,식품의약품안전처,30g,400g,2022050871626,후레쉬하루 주식회사,해당없음,해당없음,N,,해당없음,2,수집,2026-01-23,2026-07-28 00:00:00
P116-709070200-0221,스위트콘,P,가공식품,1,가공식품,16,농산가공식품류,16709,옥수수,1600007,기타 농산가공품류,160000702,곡류가공품,00,해당없음,100g,74,,2.00,1.50,,13.00,0.00,,,,,,210,,,,,,,,,0.00,0.00,0.00,,,,,,,,,,,,,,,,,,,,,,,,,,,,,,,,,,,,,,,,,,,,,,,,,,,,,,,,,,,,,,,,,,,,,,,,,,,,,,,,,,,,,,,,,,,,,,,,,,,,,,,,,,,,,,,3,식품의약품안전처,,425g,23THODK00D2,"V&K PINEAPPLE CANNING CO.,LTD.",아이앤티엘에프앤비 주식회사,해당없음,Y,764,태국,2,수집,2026-03-23,2026-07-28 00:00:00
P119-900090100-0596,스위트 리코타 치즈 SPREAD CHEESE,P,가공식품,1,가공식품,19,유가공품류,19900,치즈,1900009,치즈류(축산물가공품),190000901,치즈,00,해당없음,100g,256,,7.00,20.00,,12.00,11.50,,165,,,,105,,,,,,,,,60.00,13.00,0.50,,,,,,,,,,,,,,,,,,,,,,,,,,,,,,,,,,,,,,,,,,,,,,,,,,,,,,,,,,,,,,,,,,,,,,,,,,,,,,,,,,,,,,,,,,,,,,,,,,,,,,,,,,,,,,,3,식품의약품안전처,20g,200g,20090476009469,매일유업(주)상하공장,해당없음,해당없음,N,,해당없음,2,수집,2026-02-26,2026-07-28 00:00:00
P123-223020200-0896,스모키더블불고기치즈버거,P,가공식품,1,가공식품,23,즉석식품류,23223,버거,2300002,즉석섭취·편의식품류,230000202,즉석섭취식품,00,해당없음,100g,278,,8.95,15.26,,26.32,8.95,,,,,,763,,,,,,,,,31.58,4.74,0.11,,,,,,,,,,,,,,,,,,,,,,,,,,,,,,,,,,,,,,,,,,,,,,,,,,,,,,,,,,,,,,,,,,,,,,,,,,,,,,,,,,,,,,,,,,,,,,,,,,,,,,,,,,,,,,,3,식품의약품안전처,150g,190g,200803382231103,(주)샌드팜,해당없음,해당없음,N,,해당없음,2,수집,2026-01-07,2026-07-28 00:00:00
P113-206050200-0008,스리라차 핫 칠리,P,가공식품,1,가공식품,13,조미식품,13206,기타 소스류,1300005,향신료가공품,130000502,향신료조제품,00,해당없음,100g,100,,0.00,0.00,,20.00,20.00,0.0,20,0.00,,340,1400,,,,,,,,,0.00,0.00,0.00,,,,,,,,,,,,,,,,,,,,,,,,,,,,,,,,,,,,,,,,,,,,,,,,,,,,,,,,,,,,,,,,,,,,,,,,,,,,,,,,,,,,,,,,,,,,,,,,,,,,,,,,,,,,,,,3,식품의약품안전처,"드레싱 15g, 덮밥소스 165g",481g,2024_RD_10521,"HUY FONG FOODS, INC.",지비코퍼레이션 (주),해당없음,Y,840,미국,2,수집,2024-12-31,2026-07-28 00:00:00
P109-801080100-4507,스내플 애플,P,가공식품,1,가공식품,09,음료류,09801,액상음료,0900008,기타음료,090000801,혼합음료,00,해당없음,100ml,42,,0.00,0.00,,10.15,9.94,,,,,,2,,,,,,,,,0.00,0.00,0.00,,,,,,,,,,,,,,,,,,,,,,,,,,,,,,,,,,,,,,,,,,,,,,,,,,,,,,,,,,,,,,,,,,,,,,,,,,,,,,,,,,,,,,,,,,,,,,,,,,,,,,,,,,,,,,,3,식품의약품안전처,200ml,,22US0Q500D6,MOTT’S LLP,(주)커피 앤 칵테일,해당없음,Y,840,미국,2,수집,2024-12-31,2026-07-28 00:00:00
P119-202040200-0246,슈퍼100알로에,P,가공식품,1,가공식품,19,유가공품류,19202,농후발효유,1900004,발효유류(축산물가공품),190000402,농후발효유,00,해당없음,100ml,105,,3.60,1.80,,17.30,12.22,,,,,,55,,,,,,,,,0.00,0.00,0.00,,,,,,,,,,,,,,,,,,,,,,,,,,,,,,,,,,,,,,,,,,,,,,,,,,,,,,,,,,,,,,,,,,,,,,,,,,,,,,,,,,,,,,,,,,,,,,,,,,,,,,,,,,,,,,,3,식품의약품안전처,"액상 150ml, 호상 100ml(g)",,2020_DNSP_02717,(주)한국야쿠르트/(주)에치와이,해당없음,해당없음,N,,해당없음,2,수집,2020-06-30,2026-07-28 00:00:00
P113-206020400-9362,슈밋츠 화이트갈릭소스,P,가공식품,1,가공식품,13,조미식품,13206,기타 소스류,1300002,소스류,130000204,소스,00,해당없음,100g,459,,0.89,42.47,,18.37,9.15,,,,,,611,,,,,,,,,21.54,5.50,0.00,,,,,,,,,,,,,,,,,,,,,,,,,,,,,,,,,,,,,,,,,,,,,,,,,,,,,,,,,,,,,,,,,,,,,,,,,,,,,,,,,,,,,,,,,,,,,,,,,,,,,,,,,,,,,,,3,식품의약품안전처,"드레싱 15g, 덮밥소스 165g",2000g,20150149277610,주식회사 바로에프에스,해당없음,해당없음,N,,해당없음,2,수집,2026-04-23,2026-07-28 00:00:00
P123-204020300-1619,쉬림프 투움바 파스타,P,가공식품,1,가공식품,23,즉석식품류,23204,즉석 면요리,2300002,즉석섭취·편의식품류,230000203,즉석조리식품,00,해당없음,100g,142,,4.47,5.83,,17.90,1.45,,,,,,468,,,,,,,,,20.46,3.09,0.07,,,,,,,,,,,,,,,,,,,,,,,,,,,,,,,,,,,,,,,,,,,,,,,,,,,,,,,,,,,,,,,,,,,,,,,,,,,,,,,,,,,,,,,,,,,,,,,,,,,,,,,,,,,,,,,3,식품의약품안전처,,325g,200804930741725,농업회사법인 주식회사 한우물,해당없음,해당없음,N,,해당없음,2,수집,2026-04-02,2026-07-28 00:00:00
P123-208020300-0209,쉐푸드의성마늘햄부대찌개,P,가공식품,1,가공식품,23,즉석식품류,23208,찌개/전골류,2300002,즉석섭취·편의식품류,230000203,즉석조리식품,00,해당없음,100g,54,,3.56,2.89,,3.56,1.11,,,,,,393,,,,,,,,,7.78,0.33,0.00,,,,,,,,,,,,,,,,,,,,,,,,,,,,,,,,,,,,,,,,,,,,,,,,,,,,,,,,,,,,,,,,,,,,,,,,,,,,,,,,,,,,,,,,,,,,,,,,,,,,,,,,,,,,,,,3,식품의약품안전처,200ml(g),450g,2019044703126,(주)교동식품,해당없음,해당없음,N,,해당없음,2,수집,2021-06-30,2026-07-28 00:00:00
P117-501050100-1407,숯불 닭불고기,P,가공식품,1,가공식품,17,식육가공품 및 포장육,17501,양념육,1700005,양념육류(축산물가공품),170000501,양념육,00,해당없음,100g,162,,16.80,6.90,,8.10,3.40,,,,,,416,,,,,,,,,66.90,0.60,0.00,,,,,,,,,,,,,,,,,,,,,,,,,,,,,,,,,,,,,,,,,,,,,,,,,,,,,,,,,,,,,,,,,,,,,,,,,,,,,,,,,,,,,,,,,,,,,,,,,,,,,,,,,,,,,,,3,식품의약품안전처,100g,500g,2003026207377,(주)마니커 동두천지점,해당없음,해당없음,N,,해당없음,2,수집,2024-05-16,2026-07-28 00:00:00
P112-013001300-0365,순창 아주존 커피꽃꿀 양념쌈장,P,가공식품,1,가공식품,12,장류,12013,혼합장,1200000,해당없음,120000013,혼합장,00,해당없음,100g,196,,7.90,2.20,,36.00,17.00,,,,,,3534,,,,,,,,,0.00,0.30,0.00,,,,,,,,,,,,,,,,,,,,,,,,,,,,,,,,,,,,,,,,,,,,,,,,,,,,,,,,,,,,,,,,,,,,,,,,,,,,,,,,,,,,,,,,,,,,,,,,,,,,,,,,,,,,,,,3,식품의약품안전처,10g,14000g,2022070400689,주식회사순창우리식품,해당없음,해당없음,N,,해당없음,2,수집,2025-04-14,2026-07-28 00:00:00
P116-705070200-2508,순수죽베이스,P,가공식품,1,가공식품,16,농산가공식품류,16705,기타 농산가공품,1600007,기타 농산가공품류,160000702,곡류가공품,00,해당없음,100g,390,,8.00,0.90,,88.00,0.00,,,,,,0,,,,,,,,,0.00,0.00,0.00,,,,,,,,,,,,,,,,,,,,,,,,,,,,,,,,,,,,,,,,,,,,,,,,,,,,,,,,,,,,,,,,,,,,,,,,,,,,,,,,,,,,,,,,,,,,,,,,,,,,,,,,,,,,,,,3,식품의약품안전처,,5000g,2011044405681,농업회사법인 괴산잡곡농산 유한회사 칠성지점,해당없음,해당없음,N,,해당없음,2,수집,2026-03-28,2026-07-28 00:00:00
P120-104010400-0608,순살바 매운맛,P,가공식품,1,가공식품,20,수산가공식품류,20104,어묵,2000001,어육가공품류,200000104,어묵,00,해당없음,100g,106,,7.50,1.75,,15.00,5.00,,,,,,638,,,,,,,,,12.50,0.00,0.00,,,,,,,,,,,,,,,,,,,,,,,,,,,,,,,,,,,,,,,,,,,,,,,,,,,,,,,,,,,,,,,,,,,,,,,,,,,,,,,,,,,,,,,,,,,,,,,,,,,,,,,,,,,,,,,3,식품의약품안전처,30g,80g,20140128255573,주식회사 어메이징팩토리,해당없음,해당없음,N,,해당없음,2,수집,2024-03-29,2026-07-28 00:00:00
P117-501050100-5931,순대일번지 가브리살수육,P,가공식품,1,가공식품,17,식육가공품 및 포장육,17501,양념육,1700005,양념육류(축산물가공품),170000501,양념육,00,해당없음,100g,131,,21.50,5.00,,0.00,0.00,,,,,,1,,,,,,,,,0.00,0.00,0.00,,,,,,,,,,,,,,,,,,,,,,,,,,,,,,,,,,,,,,,,,,,,,,,,,,,,,,,,,,,,,,,,,,,,,,,,,,,,,,,,,,,,,,,,,,,,,,,,,,,,,,,,,,,,,,,3,식품의약품안전처,100g,2000g,2013040504176,(주)더푸른식품,해당없음,해당없음,N,,해당없음,2,수집,2026-02-05,2026-07-28 00:00:00
P117-700060000-0594,수하동 (특)곰탕(국내산 한우),P,가공식품,1,가공식품,17,식육가공품 및 포장육,17700,식육간편조리,1700006,식육추출가공품(축산물가공품),170000600,해당없음,00,해당없음,100g,33,,4.24,0.73,,2.30,0.00,,,,,,47,,,,,,,,,12.33,0.29,0.00,,,,,,,,,,,,,,,,,,,,,,,,,,,,,,,,,,,,,,,,,,,,,,,,,,,,,,,,,,,,,,,,,,,,,,,,,,,,,,,,,,,,,,,,,,,,,,,,,,,,,,,,,,,,,,,3,식품의약품안전처,,1200g,201302622648,주식회사 석정,해당없음,해당없음,N,,해당없음,2,수집,2024-06-13,2026-07-28 00:00:00
P120-104010400-1031,수제어묵전골,P,가공식품,1,가공식품,20,수산가공식품류,20104,어묵,2000001,어육가공품류,200000104,어묵,00,해당없음,100g,164,,12.30,6.10,,21.00,4.00,,,,,,1120,,,,,,,,,25.50,0.60,0.01,,,,,,,,,,,,,,,,,,,,,,,,,,,,,,,,,,,,,,,,,,,,,,,,,,,,,,,,,,,,,,,,,,,,,,,,,,,,,,,,,,,,,,,,,,,,,,,,,,,,,,,,,,,,,,,3,식품의약품안전처,30g,270g,2020045215881,주식회사수연푸드,해당없음,해당없음,N,,해당없음,2,수집,2024-10-16,2026-07-28 00:00:00
P103-101020100-0559,수제 다크6,P,가공식품,1,가공식품,03,코코아가공품류 또는 초콜릿류,03101,초콜릿,0300002,초콜릿류,030000201,초콜릿,00,해당없음,100g,608,,7.00,39.00,,58.00,46.00,,,,,,0,,,,,,,,,0.00,26.00,0.00,,,,,,,,,,,,,,,,,,,,,,,,,,,,,,,,,,,,,,,,,,,,,,,,,,,,,,,,,,,,,,,,,,,,,,,,,,,,,,,,,,,,,,,,,,,,,,,,,,,,,,,,,,,,,,,3,식품의약품안전처,15g,100g,20150320390612,(주)쵸코스페이스F1,해당없음,해당없음,N,,해당없음,2,수집,2024-10-23,2026-07-28 00:00:00
P120-111060000-0024,수비드 공법으로 촉촉하게 익힌 매콤달콤 수비드 순살연어,P,가공식품,1,가공식품,20,수산가공식품류,20111,연어,2000006,기타 수산물가공품,200000600,해당없음,00,해당없음,100g,244,,16.10,17.00,,6.70,3.10,,,,,,336,,,,,,,,,12.40,3.00,0.00,,,,,,,,,,,,,,,,,,,,,,,,,,,,,,,,,,,,,,,,,,,,,,,,,,,,,,,,,,,,,,,,,,,,,,,,,,,,,,,,,,,,,,,,,,,,,,,,,,,,,,,,,,,,,,,3,식품의약품안전처,,1000g,20050144621452,우영수산주식회사,해당없음,해당없음,N,,해당없음,2,수집,2023-12-22,2026-07-28 00:00:00
P106-001000100-0112,수라청 안동두부 부침용,P,가공식품,1,가공식품,06,두부류 또는 묵류,06001,두부,0600000,해당없음,060000001,두부,00,해당없음,100g,75,,10.00,2.10,,5.00,0.00,,,,,,0,,,,,,,,,0.00,0.00,0.00,,,,,,,,,,,,,,,,,,,,,,,,,,,,,,,,,,,,,,,,,,,,,,,,,,,,,,,,,,,,,,,,,,,,,,,,,,,,,,,,,,,,,,,,,,,,,,,,,,,,,,,,,,,,,,,3,식품의약품안전처,80g,420g,2008054327488,안동농협더햇식품사업소,해당없음,해당없음,N,,해당없음,2,수집,2022-12-29,2026-07-28 00:00:00
P101-409000400-2310,쇼콜라파운드,P,가공식품,1,가공식품,01,과자류·빵류 또는 떡류,01409,케이크,0100000,해당없음,010000004,빵류,00,해당없음,100g,385,,5.00,25.00,,36.00,22.00,,,,,,35,,,,,,,,,115.00,9.00,0.00,,,,,,,,,,,,,,,,,,,,,,,,,,,,,,,,,,,,,,,,,,,,,,,,,,,,,,,,,,,,,,,,,,,,,,,,,,,,,,,,,,,,,,,,,,,,,,,,,,,,,,,,,,,,,,,3,식품의약품안전처,70g,120g,20160036777110,밀도 씨케이,해당없음,해당없음,N,,해당없음,2,수집,2024-01-26,2026-07-28 00:00:00
P123-302030100-2282,쇠고기왕만두,P,가공식품,1,가공식품,23,즉석식품류,23302,만두,2300003,만두류,230000301,만두,00,해당없음,100g,183,,10.59,6.20,,21.33,3.59,,,,,,352,,,,,,,,,23.37,1.88,0.12,,,,,,,,,,,,,,,,,,,,,,,,,,,,,,,,,,,,,,,,,,,,,,,,,,,,,,,,,,,,,,,,,,,,,,,,,,,,,,,,,,,,,,,,,,,,,,,,,,,,,,,,,,,,,,,3,식품의약품안전처,150g,100g,202302650099,구르만(Gurman),해당없음,해당없음,N,,해당없음,2,수집,2025-05-01,2026-07-28 00:00:00
P114-101010200-0957,솜씨가 김치,P,가공식품,1,가공식품,14,절임류 또는 조림류,14101,배추김치,1400001,김치류,140000102,김치,00,해당없음,100g,29,,1.30,0.00,,6.00,4.00,,,,,,540,,,,,,,,,0.00,0.00,0.00,,,,,,,,,,,,,,,,,,,,,,,,,,,,,,,,,,,,,,,,,,,,,,,,,,,,,,,,,,,,,,,,,,,,,,,,,,,,,,,,,,,,,,,,,,,,,,,,,,,,,,,,,,,,,,,3,식품의약품안전처,40g,10000g,23CN1CD00D0,"QINGDAO XUNFEI FOODS CO.,LTD",솜씨가김치,해당없음,Y,156,중국,2,수집,2025-01-21,2026-07-28 00:00:00
P101-501000500-4965,솔잎떡마을 흑임자 모시송편,P,가공식품,1,가공식품,01,과자류·빵류 또는 떡류,01501,떡,0100000,해당없음,010000005,떡류,00,해당없음,100g,236,,6.00,4.80,,44.00,6.00,,,,,,238,,,,,,,,,0.00,0.80,0.00,,,,,,,,,,,,,,,,,,,,,,,,,,,,,,,,,,,,,,,,,,,,,,,,,,,,,,,,,,,,,,,,,,,,,,,,,,,,,,,,,,,,,,,,,,,,,,,,,,,,,,,,,,,,,,,3,식품의약품안전처,100g,770g,202105310709,솔잎떡마을,해당없음,해당없음,N,,해당없음,2,수집,2026-03-10,2026-07-28 00:00:00
P123-205020300-0711,속편한미음사과당근미음,P,가공식품,1,가공식품,23,즉석식품류,23205,죽,2300002,즉석섭취·편의식품류,230000203,즉석조리식품,00,해당없음,100g,53,,0.67,0.00,,12.00,0.00,,,,,,43,,,,,,,,,0.00,0.00,0.00,,,,,,,,,,,,,,,,,,,,,,,,,,,,,,,,,,,,,,,,,,,,,,,,,,,,,,,,,,,,,,,,,,,,,,,,,,,,,,,,,,,,,,,,,,,,,,,,,,,,,,,,,,,,,,,3,식품의약품안전처,250ml(g),150g,2019021198860,(주)한국푸드씨스템,해당없음,해당없음,N,,해당없음,2,수집,2020-06-30,2026-07-28 00:00:00
P109-801080100-0763,소피루비포도,P,가공식품,1,가공식품,09,음료류,09801,액상음료,0900008,기타음료,090000801,혼합음료,00,해당없음,100ml,39,,0.00,0.00,,9.55,9.55,,,,,,6,,,,,,,,,0.00,0.00,0.00,,,,,,,,,,,,,,,,,,,,,,,,,,,,,,,,,,,,,,,,,,,,,,,,,,,,,,,,,,,,,,,,,,,,,,,,,,,,,,,,,,,,,,,,,,,,,,,,,,,,,,,,,,,,,,,3,식품의약품안전처,200ml,220ml,2016052105325,와이에프티(주),해당없음,해당없음,N,,해당없음,2,수집,2021-06-30,2026-07-28 00:00:00
P101-106000100-5206,소이조이 애플,P,가공식품,1,가공식품,01,과자류·빵류 또는 떡류,01106,일반과자,0100000,해당없음,010000001,과자,00,해당없음,100g,423,,13.33,23.33,,46.67,30.00,,,,,,193,,,,,,,,,36.67,6.33,0.00,,,,,,,,,,,,,,,,,,,,,,,,,,,,,,,,,,,,,,,,,,,,,,,,,,,,,,,,,,,,,,,,,,,,,,,,,,,,,,,,,,,,,,,,,,,,,,,,,,,,,,,,,,,,,,,3,식품의약품안전처,30g,,23JPN0T00D2,"OTSUKA PHARMACEUTICAL CO., LTD",한국오츠카제약(주),해당없음,Y,392,일본,2,수집,2023-12-31,2026-07-28 00:00:00
P101-405000400-3223,소시지데니시F,P,가공식품,1,가공식품,01,과자류·빵류 또는 떡류,01405,기타 빵,0100000,해당없음,010000004,빵류,00,해당없음,100g,374,,10.53,25.26,,25.26,5.26,,,,,,574,,,,,,,,,37.89,9.47,0.00,,,,,,,,,,,,,,,,,,,,,,,,,,,,,,,,,,,,,,,,,,,,,,,,,,,,,,,,,,,,,,,,,,,,,,,,,,,,,,,,,,,,,,,,,,,,,,,,,,,,,,,,,,,,,,,3,식품의약품안전처,70g,95g,20140036600536,몽상클레르 코리아,해당없음,해당없음,N,,해당없음,2,수집,2023-12-22,2026-07-28 00:00:00
P101-426000400-0453,소세지소금빵,P,가공식품,1,가공식품,01,과자류·빵류 또는 떡류,01426,소금빵,0100000,해당없음,010000004,빵류,00,해당없음,100g,271,,11.69,7.95,,38.11,2.52,,,,,,762,,,,,,,,,37.38,2.20,0.05,,,,,,,,,,,,,,,,,,,,,,,,,,,,,,,,,,,,,,,,,,,,,,,,,,,,,,,,,,,,,,,,,,,,,,,,,,,,,,,,,,,,,,,,,,,,,,,,,,,,,,,,,,,,,,,3,식품의약품안전처,70g,85g,2010012022495,코코베이커리,해당없음,해당없음,N,,해당없음,2,수집,2026-03-06,2026-07-28 00:00:00
P101-427000400-0013,소보루빵(상온),P,가공식품,1,가공식품,01,과자류·빵류 또는 떡류,01427,소보로빵,0100000,해당없음,010000004,빵류,00,해당없음,100g,416,,8.57,11.43,,71.43,11.43,,,,,,260,,,,,,,,,57.14,6.43,0.00,,,,,,,,,,,,,,,,,,,,,,,,,,,,,,,,,,,,,,,,,,,,,,,,,,,,,,,,,,,,,,,,,,,,,,,,,,,,,,,,,,,,,,,,,,,,,,,,,,,,,,,,,,,,,,,3,식품의약품안전처,70g,70g,20180290774226,(주)힐링에프앤비,해당없음,해당없음,N,,해당없음,2,수집,2024-01-15,2026-07-28 00:00:00
P120-600060000-3903,소문난 얼큰 조방낙지 (낙곱새),P,가공식품,1,가공식품,20,수산가공식품류,20600,기타 수산가공품,2000006,기타 수산물가공품,200000600,해당없음,00,해당없음,100g,113,,9.90,6.70,,3.30,3.20,,,,,,329,,,,,,,,,43.40,2.00,0.00,,,,,,,,,,,,,,,,,,,,,,,,,,,,,,,,,,,,,,,,,,,,,,,,,,,,,,,,,,,,,,,,,,,,,,,,,,,,,,,,,,,,,,,,,,,,,,,,,,,,,,,,,,,,,,,3,식품의약품안전처,,700g,2018014453659,(주)팜블리,해당없음,해당없음,N,,해당없음,2,수집,2026-06-18,2026-07-28 00:00:00
P101-501000500-0193,소담 기정떡1호,P,가공식품,1,가공식품,01,과자류·빵류 또는 떡류,01501,떡,0100000,해당없음,010000005,떡류,00,해당없음,100g,306,,5.00,0.63,,70.00,12.50,,,,,,470,,,,,,,,,0.00,0.00,0.00,,,,,,,,,,,,,,,,,,,,,,,,,,,,,,,,,,,,,,,,,,,,,,,,,,,,,,,,,,,,,,,,,,,,,,,,,,,,,,,,,,,,,,,,,,,,,,,,,,,,,,,,,,,,,,,3,식품의약품안전처,100g,80g,20040182486823,(주)떡파는사람들,해당없음,해당없음,N,,해당없음,2,수집,2025-06-24,2026-07-28 00:00:00
P116-705070100-0415,소금맛 마늘칩,P,가공식품,1,가공식품,16,농산가공식품류,16705,기타 농산가공품,1600007,기타 농산가공품류,160000701,과·채가공품,00,해당없음,100g,437,,17.00,10.90,,67.70,8.30,,,,,,30,,,,,,,,,0.00,4.70,0.00,,,,,,,,,,,,,,,,,,,,,,,,,,,,,,,,,,,,,,,,,,,,,,,,,,,,,,,,,,,,,,,,,,,,,,,,,,,,,,,,,,,,,,,,,,,,,,,,,,,,,,,,,,,,,,,3,식품의약품안전처,,,21CN18J00D2,"QINGDAO KINGER FOOD CO., LTD",화인리빙 주식회사,해당없음,Y,156,중국,2,수집,2023-12-31,2026-07-28 00:00:00
P123-212020400-0020,소고기미나리구이,P,가공식품,1,가공식품,23,즉석식품류,23212,반찬,2300002,즉석섭취·편의식품류,230000204,간편조리세트,00,해당없음,100g,178,,6.42,13.76,,7.19,2.45,,,,,,209,,,,,,,,,30.28,6.12,1.22,,,,,,,,,,,,,,,,,,,,,,,,,,,,,,,,,,,,,,,,,,,,,,,,,,,,,,,,,,,,,,,,,,,,,,,,,,,,,,,,,,,,,,,,,,,,,,,,,,,,,,,,,,,,,,,3,식품의약품안전처,,654g,20180280152307,주식회사마이셰프,해당없음,해당없음,N,,해당없음,2,수집,2021-06-30,2026-07-28 00:00:00
P116-704070400-1335,셰프스 크리스피 프라이 7MM,P,가공식품,1,가공식품,16,농산가공식품류,16704,서류가공품,1600007,기타 농산가공품류,160000704,서류가공품,00,해당없음,100g,140,,2.30,4.30,,23.00,1.00,,,,,,116,,,,,,,,,0.00,1.00,0.04,,,,,,,,,,,,,,,,,,,,,,,,,,,,,,,,,,,,,,,,,,,,,,,,,,,,,,,,,,,,,,,,,,,,,,,,,,,,,,,,,,,,,,,,,,,,,,,,,,,,,,,,,,,,,,,3,식품의약품안전처,,,25BE0BP00D8,FARM FRITES BELGIUM B.V.,주식회사 에이비랩코리아,해당없음,Y,056,벨기에,2,수집,2026-05-04,2026-07-28 00:00:00
P123-204020300-1618,세토우치 시오라멘,P,가공식품,1,가공식품,23,즉석식품류,23204,즉석 면요리,2300002,즉석섭취·편의식품류,230000203,즉석조리식품,00,해당없음,100g,277,,7.67,4.83,,50.83,0.00,,,,,,2567,,,,,,,,,0.00,0.00,0.00,,,,,,,,,,,,,,,,,,,,,,,,,,,,,,,,,,,,,,,,,,,,,,,,,,,,,,,,,,,,,,,,,,,,,,,,,,,,,,,,,,,,,,,,,,,,,,,,,,,,,,,,,,,,,,,3,식품의약품안전처,,240g,26JP0OS00D7,"KURATA FOODS CO.,LTD.",(주)천하코퍼레이션,해당없음,Y,392,일본,2,수집,2026-04-10,2026-07-28 00:00:00
P117-201020100-1141,세블락소시지,P,가공식품,1,가공식품,17,식육가공품 및 포장육,17201,소시지,1700002,소시지류(축산물가공품),170000201,소시지,00,해당없음,100g,271,,14.80,19.20,,9.70,2.50,,,,,,761,,,,,,,,,30.80,4.10,0.10,,,,,,,,,,,,,,,,,,,,,,,,,,,,,,,,,,,,,,,,,,,,,,,,,,,,,,,,,,,,,,,,,,,,,,,,,,,,,,,,,,,,,,,,,,,,,,,,,,,,,,,,,,,,,,,3,식품의약품안전처,30g,1000g,2008061458440,(주)사조오양 양산공장,해당없음,해당없음,N,,해당없음,2,수집,2026-06-23,2026-07-28 00:00:00
P101-410000400-0701,성수크로와글 연유(냉동),P,가공식품,1,가공식품,01,과자류·빵류 또는 떡류,01410,페이스트리,0100000,해당없음,010000004,빵류,00,해당없음,100g,325,,7.50,26.25,,15.00,13.75,,,,,,438,,,,,,,,,12.50,3.75,0.13,,,,,,,,,,,,,,,,,,,,,,,,,,,,,,,,,,,,,,,,,,,,,,,,,,,,,,,,,,,,,,,,,,,,,,,,,,,,,,,,,,,,,,,,,,,,,,,,,,,,,,,,,,,,,,,3,식품의약품안전처,70g,80g,20090205267860,철은인터내셔날(주),해당없음,해당없음,N,,해당없음,2,수집,2025-05-02,2026-07-28 00:00:00
P105-001000100-0230,설탕대신올리고당사과잼,P,가공식품,1,가공식품,05,잼류,05001,잼,0500000,해당없음,050000001,잼,00,해당없음,100g,260,,0.00,0.00,,65.00,50.00,,,,,,0,,,,,,,,,0.00,0.00,0.00,,,,,,,,,,,,,,,,,,,,,,,,,,,,,,,,,,,,,,,,,,,,,,,,,,,,,,,,,,,,,,,,,,,,,,,,,,,,,,,,,,,,,,,,,,,,,,,,,,,,,,,,,,,,,,,3,식품의약품안전처,20g,380g,19920221099224,(주)호남샤니,해당없음,해당없음,N,,해당없음,2,수집,2020-06-30,2026-07-28 00:00:00
P106-004000400-0195,설곤약 향라웨이,P,가공식품,1,가공식품,06,두부류 또는 묵류,06004,묵,0600000,해당없음,060000004,묵류,00,해당없음,100g,83,,1.11,3.61,,11.11,0.00,,,,,,1261,,,,,,,,,0.00,0.00,0.00,,,,,,,,,,,,,,,,,,,,,,,,,,,,,,,,,,,,,,,,,,,,,,,,,,,,,,,,,,,,,,,,,,,,,,,,,,,,,,,,,,,,,,,,,,,,,,,,,,,,,,,,,,,,,,,3,식품의약품안전처,80g,,23CN0SW00D4,"GOLDEN MILL FOOD CO.,LTD.",후 식품,해당없음,Y,156,중국,2,수집,2023-12-31,2026-07-28 00:00:00
P109-801080100-2201,석류홍삼콜라겐,P,가공식품,1,가공식품,09,음료류,09801,액상음료,0900008,기타음료,090000801,혼합음료,00,해당없음,100g,248,,5.80,0.00,,56.30,48.10,,,,,,42,,,,,,,,,0.00,0.00,0.00,,,,,,,,,,,,,,,,,,,,,,,,,,,,,,,,,,,,,,,,,,,,,,,,,,,,,,,,,,,,,,,,,,,,,,,,,,,,,,,,,,,,,,,,,,,,,,,,,,,,,,,,,,,,,,,3,식품의약품안전처,200ml,300g,20030211151189,고려홍삼원(주),해당없음,해당없음,N,,해당없음,2,수집,2024-02-21,2026-07-28 00:00:00
P101-106000100-0995,서주버터와플,P,가공식품,1,가공식품,01,과자류·빵류 또는 떡류,01106,일반과자,0100000,해당없음,010000001,과자,00,해당없음,100g,483,,6.16,19.18,,71.92,33.56,,,,,,219,,,,,,,,,41.10,10.96,0.21,,,,,,,,,,,,,,,,,,,,,,,,,,,,,,,,,,,,,,,,,,,,,,,,,,,,,,,,,,,,,,,,,,,,,,,,,,,,,,,,,,,,,,,,,,,,,,,,,,,,,,,,,,,,,,,3,식품의약품안전처,30g,146g,1994048423999,서주제과(주),해당없음,해당없음,N,,해당없음,2,수집,2021-06-30,2026-07-28 00:00:00
P117-501050100-7629,서울식 한우 소머리 국밥용 고기,P,가공식품,1,가공식품,17,식육가공품 및 포장육,17501,양념육,1700005,양념육류(축산물가공품),170000501,양념육,00,해당없음,100g,195,,25.00,11.00,,0.00,0.00,,,,,,30,,,,,,,,,85.00,4.80,0.20,,,,,,,,,,,,,,,,,,,,,,,,,,,,,,,,,,,,,,,,,,,,,,,,,,,,,,,,,,,,,,,,,,,,,,,,,,,,,,,,,,,,,,,,,,,,,,,,,,,,,,,,,,,,,,,3,식품의약품안전처,100g,1000g,202406330283,(주) 불스에프앤비,해당없음,해당없음,N,,해당없음,2,수집,2026-04-30,2026-07-28 00:00:00
P123-302030100-3264,서령 고기만두,P,가공식품,1,가공식품,23,즉석식품류,23302,만두,2300003,만두류,230000301,만두,00,해당없음,100g,169,,10.67,5.93,,18.27,2.62,,,,,,208,,,,,,,,,12.67,3.12,0.05,,,,,,,,,,,,,,,,,,,,,,,,,,,,,,,,,,,,,,,,,,,,,,,,,,,,,,,,,,,,,,,,,,,,,,,,,,,,,,,,,,,,,,,,,,,,,,,,,,,,,,,,,,,,,,,3,식품의약품안전처,150g,1400g,20130370018502,농업회사법인한만두식품 주식회사,해당없음,해당없음,N,,해당없음,2,수집,2026-02-24,2026-07-28 00:00:00
P109-801080100-2198,샤인머스캣에이드,P,가공식품,1,가공식품,09,음료류,09801,액상음료,0900008,기타음료,090000801,혼합음료,00,해당없음,100ml,48,,0.00,0.00,,11.74,11.74,,,,,,26,,,,,,,,,0.00,0.00,0.00,,,,,,,,,,,,,,,,,,,,,,,,,,,,,,,,,,,,,,,,,,,,,,,,,,,,,,,,,,,,,,,,,,,,,,,,,,,,,,,,,,,,,,,,,,,,,,,,,,,,,,,,,,,,,,,3,식품의약품안전처,200ml,230ml,200306143071425,(주)젠푸드,해당없음,해당없음,N,,해당없음,2,수집,2024-02-08,2026-07-28 00:00:00
P101-409000400-2850,생크림케이크(소),P,가공식품,1,가공식품,01,과자류·빵류 또는 떡류,01409,케이크,0100000,해당없음,010000004,빵류,00,해당없음,100g,276,,3.00,20.00,,21.00,13.00,,,,,,33,,,,,,,,,96.00,12.00,1.00,,,,,,,,,,,,,,,,,,,,,,,,,,,,,,,,,,,,,,,,,,,,,,,,,,,,,,,,,,,,,,,,,,,,,,,,,,,,,,,,,,,,,,,,,,,,,,,,,,,,,,,,,,,,,,,3,식품의약품안전처,70g,960g,20100288523114,(주)한스제과,해당없음,해당없음,N,,해당없음,2,수집,2024-04-24,2026-07-28 00:00:00
P108-011000100-0005,생우동면,P,가공식품,1,가공식품,08,면류,08011,우동면,0800000,해당없음,080000001,생면,00,해당없음,100g,281,,7.19,3.59,,55.09,1.80,,,,,,539,,,,,,,,,0.00,0.48,0.00,,,,,,,,,,,,,,,,,,,,,,,,,,,,,,,,,,,,,,,,,,,,,,,,,,,,,,,,,,,,,,,,,,,,,,,,,,,,,,,,,,,,,,,,,,,,,,,,,,,,,,,,,,,,,,,3,식품의약품안전처,"생·숙면 200g, 건면 100g, 당면 30g, 유탕면(봉지)120g, 유탕면(용기)80g",1000g,19930443028511,(주)면사랑,해당없음,해당없음,N,,해당없음,2,수집,2019-06-30,2026-07-28 00:00:00
P103-102020500-1811,생미쉘 초코필링도넛,P,가공식품,1,가공식품,03,코코아가공품류 또는 초콜릿류,03102,초콜릿과자,0300002,초콜릿류,030000205,초콜릿가공품,00,해당없음,100g,436,,6.11,23.33,,51.11,25.00,,,,,,267,,,,,,,,,61.11,3.33,0.00,,,,,,,,,,,,,,,,,,,,,,,,,,,,,,,,,,,,,,,,,,,,,,,,,,,,,,,,,,,,,,,,,,,,,,,,,,,,,,,,,,,,,,,,,,,,,,,,,,,,,,,,,,,,,,,3,식품의약품안전처,30g,,24FR0PD00D0,ST MICHEL CONTRES,티디에프코리아(주),해당없음,Y,250,프랑스,2,수집,2024-12-31,2026-07-28 00:00:00
P109-102010200-4922,생강차 BS,P,가공식품,1,가공식품,09,음료류,09102,액상차,0900001,다류,090000102,액상차,00,해당없음,100ml,144,,0.04,15.41,,1.42,1.35,,,,,,3,,,,,,,,,0.00,1.85,0.00,,,,,,,,,,,,,,,,,,,,,,,,,,,,,,,,,,,,,,,,,,,,,,,,,,,,,,,,,,,,,,,,,,,,,,,,,,,,,,,,,,,,,,,,,,,,,,,,,,,,,,,,,,,,,,,3,식품의약품안전처,200ml,280ml,2025047099918,주식회사 비에스바이오,해당없음,해당없음,N,,해당없음,2,수집,2026-04-07,2026-07-28 00:00:00
P123-201020300-5814,샐리쿡 팥찰밥,P,가공식품,1,가공식품,23,즉석식품류,23201,밥류,2300002,즉석섭취·편의식품류,230000203,즉석조리식품,00,해당없음,100g,286,,6.56,2.00,,64.51,5.00,,,,,,100,,,,,,,,,0.00,1.00,0.00,,,,,,,,,,,,,,,,,,,,,,,,,,,,,,,,,,,,,,,,,,,,,,,,,,,,,,,,,,,,,,,,,,,,,,,,,,,,,,,,,,,,,,,,,,,,,,,,,,,,,,,,,,,,,,,3,식품의약품안전처,210g,200g,2020028039066,주식회사샐리쿡,해당없음,해당없음,N,,해당없음,2,수집,2025-10-15,2026-07-28 00:00:00
P114-400020100-2194,새콤락교,P,가공식품,1,가공식품,14,절임류 또는 조림류,14400,절임식품,1400002,절임류,140000201,절임식품,00,해당없음,100g,30,,0.70,0.40,,6.00,2.00,,,,,,960,,,,,,,,,0.00,0.10,0.00,,,,,,,,,,,,,,,,,,,,,,,,,,,,,,,,,,,,,,,,,,,,,,,,,,,,,,,,,,,,,,,,,,,,,,,,,,,,,,,,,,,,,,,,,,,,,,,,,,,,,,,,,,,,,,,3,식품의약품안전처,25g,1000g,1998061401865,오성종합식품,해당없음,해당없음,N,,해당없음,2,수집,2026-01-19,2026-07-28 00:00:00
P123-302030100-3142,새우왕교자만두,P,가공식품,1,가공식품,23,즉석식품류,23302,만두,2300003,만두류,230000301,만두,00,해당없음,100g,170,,7.00,6.00,,22.00,3.00,,,,,,350,,,,,,,,,20.00,1.60,0.00,,,,,,,,,,,,,,,,,,,,,,,,,,,,,,,,,,,,,,,,,,,,,,,,,,,,,,,,,,,,,,,,,,,,,,,,,,,,,,,,,,,,,,,,,,,,,,,,,,,,,,,,,,,,,,,3,식품의약품안전처,150g,1400g,20000498094431,나래식품주식회사,해당없음,해당없음,N,,해당없음,2,수집,2025-12-26,2026-07-28 00:00:00
P123-227020300-0233,새우계란덮밥소스,P,가공식품,1,가공식품,23,즉석식품류,23227,소스/드레싱,2300002,즉석섭취·편의식품류,230000203,즉석조리식품,00,해당없음,100g,79,,4.45,4.56,,5.08,2.59,,,,,,438,,,,,,,,,98.15,0.97,0.04,,,,,,,,,,,,,,,,,,,,,,,,,,,,,,,,,,,,,,,,,,,,,,,,,,,,,,,,,,,,,,,,,,,,,,,,,,,,,,,,,,,,,,,,,,,,,,,,,,,,,,,,,,,,,,,3,식품의약품안전처,,100g,20140512224899,주)짱죽,해당없음,해당없음,N,,해당없음,2,수집,2025-05-02,2026-07-28 00:00:00
P105-001000100-1866,새미골농원딸기잼,P,가공식품,1,가공식품,05,잼류,05001,잼,0500000,해당없음,050000001,잼,00,해당없음,100g,278,,1.40,0.50,,66.90,61.90,,,,,,2,,,,,,,,,0.00,0.00,0.00,,,,,,,,,,,,,,,,,,,,,,,,,,,,,,,,,,,,,,,,,,,,,,,,,,,,,,,,,,,,,,,,,,,,,,,,,,,,,,,,,,,,,,,,,,,,,,,,,,,,,,,,,,,,,,,3,식품의약품안전처,20g,100g,201306060271,새미골농원,해당없음,해당없음,N,,해당없음,2,수집,2025-11-21,2026-07-28 00:00:00
P101-107000100-1183,상투과자,P,가공식품,1,가공식품,01,과자류·빵류 또는 떡류,01107,전통과자,0100000,해당없음,010000001,과자,00,해당없음,100g,355,,6.00,5.00,,71.00,57.00,,,,,,50,,,,,,,,,25.00,0.70,0.00,,,,,,,,,,,,,,,,,,,,,,,,,,,,,,,,,,,,,,,,,,,,,,,,,,,,,,,,,,,,,,,,,,,,,,,,,,,,,,,,,,,,,,,,,,,,,,,,,,,,,,,,,,,,,,,3,식품의약품안전처,30g,400g,20020355141142,마늘빵집,해당없음,해당없음,N,,해당없음,2,수집,2025-07-25,2026-07-28 00:00:00
P112-009000900-0243,삼화맛된장,P,가공식품,1,가공식품,12,장류,12009,된장,1200000,해당없음,120000009,된장,00,해당없음,100g,166,,12.00,1.20,,27.00,13.00,,,,,,3180,,,,,,,,,0.00,0.00,0.00,,,,,,,,,,,,,,,,,,,,,,,,,,,,,,,,,,,,,,,,,,,,,,,,,,,,,,,,,,,,,,,,,,,,,,,,,,,,,,,,,,,,,,,,,,,,,,,,,,,,,,,,,,,,,,,3,식품의약품안전처,10g,14000g,1997018109030,삼화식품공사,해당없음,해당없음,N,,해당없음,2,수집,2025-04-30,2026-07-28 00:00:00
P120-401040000-0039,삼육김,P,가공식품,1,가공식품,20,수산가공식품류,20401,김,2000004,조미김,200000400,해당없음,00,해당없음,100g,600,,23.50,46.00,,22.50,0.00,,,,,,1725,,,,,,,,,13.50,7.50,0.00,,,,,,,,,,,,,,,,,,,,,,,,,,,,,,,,,,,,,,,,,,,,,,,,,,,,,,,,,,,,,,,,,,,,,,,,,,,,,,,,,,,,,,,,,,,,,,,,,,,,,,,,,,,,,,,3,식품의약품안전처,4g,160g,201904652851,삼육식품,해당없음,해당없음,N,,해당없음,2,수집,2022-12-29,2026-07-28 00:00:00
P101-501000500-4241,삼색경단,P,가공식품,1,가공식품,01,과자류·빵류 또는 떡류,01501,떡,0100000,해당없음,010000005,떡류,00,해당없음,100g,232,,5.00,0.00,,53.00,20.00,,,,,,202,,,,,,,,,0.00,0.00,0.00,,,,,,,,,,,,,,,,,,,,,,,,,,,,,,,,,,,,,,,,,,,,,,,,,,,,,,,,,,,,,,,,,,,,,,,,,,,,,,,,,,,,,,,,,,,,,,,,,,,,,,,,,,,,,,,3,식품의약품안전처,100g,1000g,20210600449468,에스씨컴퍼니,해당없음,해당없음,N,,해당없음,2,수집,2026-01-07,2026-07-28 00:00:00
P109-802080200-0726,삼대오백 BCAA 프로 피치,P,가공식품,1,가공식품,09,음료류,09802,농축음료/베이스,0900008,기타음료,090000802,음료베이스,00,해당없음,100g,387,,60.00,0.00,,40.00,0.00,,,,,,27,,,,,,,,,0.00,0.00,0.00,,,,,,,,,,,,,,,,,,,,,,,,,,,,,,,,,,,,,,,,,,,,,,,,,,,,,,,,,,,,,,,,,,,,,,,,,,,,,,,,,,,,,,,,,,,,,,,,,,,,,,,,,,,,,,,3,식품의약품안전처,150ml,500g,201703553432969,코뉴,해당없음,해당없음,N,,해당없음,2,수집,2024-02-20,2026-07-28 00:00:00
P117-501050100-2546,삶은머리,P,가공식품,1,가공식품,17,식육가공품 및 포장육,17501,양념육,1700005,양념육류(축산물가공품),170000501,양념육,00,해당없음,100g,8,,0.90,0.47,,0.00,0.00,,,,,,2,,,,,,,,,2.66,0.17,0.00,,,,,,,,,,,,,,,,,,,,,,,,,,,,,,,,,,,,,,,,,,,,,,,,,,,,,,,,,,,,,,,,,,,,,,,,,,,,,,,,,,,,,,,,,,,,,,,,,,,,,,,,,,,,,,,3,식품의약품안전처,100g,3000g,202507260025,(유)평화축산에스디에프앤씨,해당없음,해당없음,N,,해당없음,2,수집,2025-02-24,2026-07-28 00:00:00
P114-400020100-2072,살롱드파파 프리미엄 순살간장게장,P,가공식품,1,가공식품,14,절임류 또는 조림류,14400,절임식품,1400002,절임류,140000201,절임식품,00,해당없음,100g,40,,5.00,0.50,,4.00,3.00,,,,,,420,,,,,,,,,30.00,0.10,0.00,,,,,,,,,,,,,,,,,,,,,,,,,,,,,,,,,,,,,,,,,,,,,,,,,,,,,,,,,,,,,,,,,,,,,,,,,,,,,,,,,,,,,,,,,,,,,,,,,,,,,,,,,,,,,,,3,식품의약품안전처,25g,100g,2020019268437,에스에이치 푸드익스프레스,해당없음,해당없음,N,,해당없음,2,수집,2026-01-14,2026-07-28 00:00:00
P123-203020300-0575,산채주먹밥 고추장버전,P,가공식품,1,가공식품,23,즉석식품류,23203,주먹밥/김밥/초밥,2300002,즉석섭취·편의식품류,230000203,즉석조리식품,00,해당없음,100g,195,,3.00,5.00,,35.00,1.00,,,,,,430,,,,,,,,,10.00,1.20,1.00,,,,,,,,,,,,,,,,,,,,,,,,,,,,,,,,,,,,,,,,,,,,,,,,,,,,,,,,,,,,,,,,,,,,,,,,,,,,,,,,,,,,,,,,,,,,,,,,,,,,,,,,,,,,,,,3,식품의약품안전처,210g,100g,20210504123366,(주)엄지식품,해당없음,해당없음,N,,해당없음,2,수집,2025-05-29,2026-07-28 00:00:00
P123-204020400-0043,산메촌 메밀 물막국수,P,가공식품,1,가공식품,23,즉석식품류,23204,즉석 면요리,2300002,즉석섭취·편의식품류,230000204,간편조리세트,00,해당없음,100g,110,,3.11,1.34,,21.29,1.69,,,,,,534,,,,,,,,,0.00,0.21,0.00,,,,,,,,,,,,,,,,,,,,,,,,,,,,,,,,,,,,,,,,,,,,,,,,,,,,,,,,,,,,,,,,,,,,,,,,,,,,,,,,,,,,,,,,,,,,,,,,,,,,,,,,,,,,,,,3,식품의약품안전처,,1300g,2020028035957,(주)팜앤들,해당없음,해당없음,N,,해당없음,2,수집,2026-01-02,2026-07-28 00:00:00
P116-701070100-1519,산골농장 사과칩,P,가공식품,1,가공식품,16,농산가공식품류,16701,과일가공품,1600007,기타 농산가공품류,160000701,과·채가공품,00,해당없음,100g,380,,0.00,0.00,,90.00,20.00,,,,,,120,,,,,,,,,0.00,0.00,0.00,,,,,,,,,,,,,,,,,,,,,,,,,,,,,,,,,,,,,,,,,,,,,,,,,,,,,,,,,,,,,,,,,,,,,,,,,,,,,,,,,,,,,,,,,,,,,,,,,,,,,,,,,,,,,,,3,식품의약품안전처,30g,20g,20100395093217,영농조합법인산골농장,해당없음,해당없음,N,,해당없음,2,수집,2025-10-28,2026-07-28 00:00:00
P108-004000400-0019,사천짜파게티,P,가공식품,1,가공식품,08,면류,08004,자장라면,0800000,해당없음,080000004,유탕면,00,해당없음,100g,438,,8.03,15.33,,67.15,5.84,,,,,,788,,,,,,,,,0.00,5.84,0.00,,,,,,,,,,,,,,,,,,,,,,,,,,,,,,,,,,,,,,,,,,,,,,,,,,,,,,,,,,,,,,,,,,,,,,,,,,,,,,,,,,,,,,,,,,,,,,,,,,,,,,,,,,,,,,,3,식품의약품안전처,"생·숙면 200g, 건면 100g, 당면 30g, 유탕면(봉지)120g, 유탕면(용기)80g",137g,2001054954166/19760342001375,(주)농심,해당없음,해당없음,N,,해당없음,2,수집,2019-06-30,2026-07-28 00:00:00
P109-203020000-1445,사운즈커피 콜롬비아 디카페인,P,가공식품,1,가공식품,09,음료류,09203,원두/원두분말,0900002,커피,090000200,해당없음,00,해당없음,100g,431,,13.70,13.50,,63.70,0.00,,,,,,3,,,,,,,,,0.00,0.00,0.00,,,,,,,,,,,,,,,,,,,,,,,,,,,,,,,,,,,,,,,,,,,,,,,,,,,,,,,,,,,,,,,,,,,,,,,,,,,,,,,,,,,,,,,,,,,,,,,,,,,,,,,,,,,,,,,3,식품의약품안전처,,200g,2021017545037,사운즈커피팩토리,해당없음,해당없음,N,,해당없음,2,수집,2026-03-24,2026-07-28 00:00:00
P103-101020500-0539,사브레초코칩,P,가공식품,1,가공식품,03,코코아가공품류 또는 초콜릿류,03101,초콜릿,0300002,초콜릿류,030000205,초콜릿가공품,00,해당없음,100g,480,,7.04,20.00,,68.16,25.60,,,,,,77,,,,,,,,,67.52,12.96,0.50,,,,,,,,,,,,,,,,,,,,,,,,,,,,,,,,,,,,,,,,,,,,,,,,,,,,,,,,,,,,,,,,,,,,,,,,,,,,,,,,,,,,,,,,,,,,,,,,,,,,,,,,,,,,,,,3,식품의약품안전처,15g,125g,2022_DNSP_00670,BISCUITERIE LA MERE POULARD,해당없음,해당없음,Y,250,프랑스,2,수집,2022-12-29,2026-07-28 00:00:00
P108-001000100-0338,사누키생면,P,가공식품,1,가공식품,08,면류,08001,국수,0800000,해당없음,080000001,생면,00,해당없음,100g,242,,5.75,0.47,,53.62,2.71,,,,,,1239,,,,,,,,,0.00,0.15,0.00,,,,,,,,,,,,,,,,,,,,,,,,,,,,,,,,,,,,,,,,,,,,,,,,,,,,,,,,,,,,,,,,,,,,,,,,,,,,,,,,,,,,,,,,,,,,,,,,,,,,,,,,,,,,,,,3,식품의약품안전처,"생·숙면 200g, 건면 100g, 당면 30g, 유탕면(봉지)120g, 유탕면(용기)80g",1600g,202605292231,주식회사 그로우위더스,해당없음,해당없음,N,,해당없음,2,수집,2026-03-25,2026-07-28 00:00:00
P101-412000400-1212,사과버터바,P,가공식품,1,가공식품,01,과자류·빵류 또는 떡류,01412,파이/타르트,0100000,해당없음,010000004,빵류,00,해당없음,100g,296,,2.00,15.00,,37.00,21.00,,,,,,122,,,,,,,,,44.00,9.00,0.00,,,,,,,,,,,,,,,,,,,,,,,,,,,,,,,,,,,,,,,,,,,,,,,,,,,,,,,,,,,,,,,,,,,,,,,,,,,,,,,,,,,,,,,,,,,,,,,,,,,,,,,,,,,,,,,3,식품의약품안전처,70g,100g,20210363128142,타르트엔코,해당없음,해당없음,N,,해당없음,2,수집,2025-12-29,2026-07-28 00:00:00
P123-208020300-0586,사골김치찌개,P,가공식품,1,가공식품,23,즉석식품류,23208,찌개/전골류,2300002,즉석섭취·편의식품류,230000203,즉석조리식품,00,해당없음,100g,57,,4.22,2.67,,4.00,1.78,,,,,,469,,,,,,,,,7.78,0.51,0.00,,,,,,,,,,,,,,,,,,,,,,,,,,,,,,,,,,,,,,,,,,,,,,,,,,,,,,,,,,,,,,,,,,,,,,,,,,,,,,,,,,,,,,,,,,,,,,,,,,,,,,,,,,,,,,,3,식품의약품안전처,200ml(g),450g,19800347002629,대상(주)기흥공장,해당없음,해당없음,N,,해당없음,2,수집,2024-02-01,2026-07-28 00:00:00
P101-205000200-0470,쁘띠첼망고젤리,P,가공식품,1,가공식품,01,과자류·빵류 또는 떡류,01205,젤리,0100000,해당없음,010000002,캔디류,00,해당없음,100g,78,,0.00,0.00,,18.89,18.89,,,,,,22,,,,,,,,,0.00,0.00,0.00,,,,,,,,,,,,,,,,,,,,,,,,,,,,,,,,,,,,,,,,,,,,,,,,,,,,,,,,,,,,,,,,,,,,,,,,,,,,,,,,,,,,,,,,,,,,,,,,,,,,,,,,,,,,,,,3,식품의약품안전처,10g,90g,2008044319057,(주)쌍인,해당없음,해당없음,N,,해당없음,2,수집,2021-06-30,2026-07-28 00:00:00
P101-203000200-0475,뿌라우린,P,가공식품,1,가공식품,01,과자류·빵류 또는 떡류,01203,사탕,0100000,해당없음,010000002,캔디류,00,해당없음,100g,440,,12.40,13.00,,68.00,68.00,,,,,,422,,,,,,,,,0.00,10.00,0.00,,,,,,,,,,,,,,,,,,,,,,,,,,,,,,,,,,,,,,,,,,,,,,,,,,,,,,,,,,,,,,,,,,,,,,,,,,,,,,,,,,,,,,,,,,,,,,,,,,,,,,,,,,,,,,,3,식품의약품안전처,10g,208g,2020_DNSP_02383,해당없음,"SHENYANG BULAOLIN FOOD CO.,LTD",해당없음,Y,156,중국,2,수집,2020-06-30,2026-07-28 00:00:00
P123-207020300-4147,뼈해장국,P,가공식품,1,가공식품,23,즉석식품류,23207,국/탕류,2300002,즉석섭취·편의식품류,230000203,즉석조리식품,00,해당없음,100g,60,,7.00,2.10,,3.00,0.00,,,,,,490,,,,,,,,,25.00,0.10,0.70,,,,,,,,,,,,,,,,,,,,,,,,,,,,,,,,,,,,,,,,,,,,,,,,,,,,,,,,,,,,,,,,,,,,,,,,,,,,,,,,,,,,,,,,,,,,,,,,,,,,,,,,,,,,,,,3,식품의약품안전처,250ml(g),1000g,202505702471,주식회사 거다에프엔비,해당없음,해당없음,N,,해당없음,2,수집,2026-01-21,2026-07-28 00:00:00
P101-416000400-0659,빽그램 핫도그,P,가공식품,1,가공식품,01,과자류·빵류 또는 떡류,01416,핫도그,0100000,해당없음,010000004,빵류,00,해당없음,100g,294,,9.52,20.00,,19.52,6.67,,,,,,514,,,,,,,,,33.81,6.19,0.14,,,,,,,,,,,,,,,,,,,,,,,,,,,,,,,,,,,,,,,,,,,,,,,,,,,,,,,,,,,,,,,,,,,,,,,,,,,,,,,,,,,,,,,,,,,,,,,,,,,,,,,,,,,,,,,3,식품의약품안전처,70g,210g,2020034972215,그린베이크,해당없음,해당없음,N,,해당없음,2,수집,2024-12-31,2026-07-28 00:00:00
P109-302030200-0956,빨간에너지사과주스,P,가공식품,1,가공식품,09,음료류,09302,과·채주스,0900003,과일·채소류음료,090000302,과·채주스,00,해당없음,100ml,49,,0.09,0.00,,12.09,11.82,,,,,,1,,,,,,,,,0.00,0.00,0.00,,,,,,,,,,,,,,,,,,,,,,,,,,,,,,,,,,,,,,,,,,,,,,,,,,,,,,,,,,,,,,,,,,,,,,,,,,,,,,,,,,,,,,,,,,,,,,,,,,,,,,,,,,,,,,,3,식품의약품안전처,200ml,110ml,201605620533,농업회사법인정수주식회사,해당없음,해당없음,N,,해당없음,2,수집,2021-06-30,2026-07-28 00:00:00
P109-801080100-4483,빙탕설리,P,가공식품,1,가공식품,09,음료류,09801,액상음료,0900008,기타음료,090000801,혼합음료,00,해당없음,100ml,230,,0.00,0.00,,57.00,54.00,,,,,,100,,,,,,,,,0.00,0.00,0.00,,,,,,,,,,,,,,,,,,,,,,,,,,,,,,,,,,,,,,,,,,,,,,,,,,,,,,,,,,,,,,,,,,,,,,,,,,,,,,,,,,,,,,,,,,,,,,,,,,,,,,,,,,,,,,,3,식품의약품안전처,200ml,500ml,23CN5QZ00D8,"HANGZHOU TINGJIN FOOD CO., LTD.",광진유통,해당없음,Y,156,중국,2,수집,2023-11-02,2026-07-28 00:00:00
P103-102020500-0160,빈트 비건초콜릿 커피원두,P,가공식품,1,가공식품,03,코코아가공품류 또는 초콜릿류,03102,초콜릿과자,0300002,초콜릿류,030000205,초콜릿가공품,00,해당없음,100g,455,,5.00,35.00,,47.50,0.00,,,,,,5,,,,,,,,,0.00,20.00,0.00,,,,,,,,,,,,,,,,,,,,,,,,,,,,,,,,,,,,,,,,,,,,,,,,,,,,,,,,,,,,,,,,,,,,,,,,,,,,,,,,,,,,,,,,,,,,,,,,,,,,,,,,,,,,,,,3,식품의약품안전처,30g,40g,20170347134414,㈜ 씨엔지,해당없음,㈜ 더빈트,N,,해당없음,2,수집,2022-12-29,2026-07-28 00:00:00
P120-600060000-1748,빅버터플라이 브레디드 쉬림프(1kg),P,가공식품,1,가공식품,20,수산가공식품류,20600,기타 수산가공품,2000006,기타 수산물가공품,200000600,해당없음,00,해당없음,100g,135,,10.00,0.50,,22.00,2.00,,,,,,530,,,,,,,,,45.00,0.00,0.00,,,,,,,,,,,,,,,,,,,,,,,,,,,,,,,,,,,,,,,,,,,,,,,,,,,,,,,,,,,,,,,,,,,,,,,,,,,,,,,,,,,,,,,,,,,,,,,,,,,,,,,,,,,,,,,3,식품의약품안전처,,1000g,24VN1G100D0,MINH PHU HAU GIANG SEAFOOD JOINT STOCK COMPANY (MINH PHU HAU GIANG SEAFOOD CORP),(주)우원홀딩스,해당없음,Y,704,베트남,2,수집,2024-07-31,2026-07-28 00:00:00
P104-701070000-0101,비폴렌홍삼정,P,가공식품,1,가공식품,04,당류,04701,당류가공품,0400007,당류가공품,040000700,해당없음,00,해당없음,100g,382,,6.67,2.89,,82.22,51.11,,,,,,33,,,,,,,,,0.00,1.11,0.00,,,,,,,,,,,,,,,,,,,,,,,,,,,,,,,,,,,,,,,,,,,,,,,,,,,,,,,,,,,,,,,,,,,,,,,,,,,,,,,,,,,,,,,,,,,,,,,,,,,,,,,,,,,,,,,3,식품의약품안전처,,45g,19890401002275,주식회사백천바이오텍(Biotech),해당없음,해당없음,N,,해당없음,2,수집,2023-12-22,2026-07-28 00:00:00
P109-303030300-1744,비타민유자드링스,P,가공식품,1,가공식품,09,음료류,09303,과·채음료,0900003,과일·채소류음료,090000303,과·채음료,00,해당없음,100ml,94,,0.00,0.55,,22.39,13.41,,,,,,0,,,,,,,79.69,8.72,0.00,0.01,0.00,,,,,,,,,,,,,,,,,,,,,,,,,,,,,,,,,,,,,,,,,,,,,,,,,,,,,,,,,,,,,,,,,,,,,,,,,,,,,,,,,,,,,,,,,,,,,,,,,,,,,,,,,,,,,,,3,식품의약품안전처,200ml,100ml,2022068308340,주식회사아인가,해당없음,해당없음,N,,해당없음,2,수집,2024-12-05,2026-07-28 00:00:00
P104-701070000-2127,비정제 유기농 사탕수수당,P,가공식품,1,가공식품,04,당류,04701,당류가공품,0400007,당류가공품,040000700,해당없음,00,해당없음,100g,400,,0.00,0.00,,100.00,100.00,,,,,,0,,,,,,,,,0.00,0.00,0.00,,,,,,,,,,,,,,,,,,,,,,,,,,,,,,,,,,,,,,,,,,,,,,,,,,,,,,,,,,,,,,,,,,,,,,,,,,,,,,,,,,,,,,,,,,,,,,,,,,,,,,,,,,,,,,,3,식품의약품안전처,,1000000g,25BR01200D8,JALLES MACHADO S/A,오르코 주식회사,해당없음,Y,076,브라질,2,수집,2026-03-10,2026-07-28 00:00:00
P109-202020000-0347,비아 바닐라 라떼,P,가공식품,1,가공식품,09,음료류,09202,인스턴트커피,0900002,커피,090000200,해당없음,00,해당없음,100g,413,,14.18,8.86,,69.18,66.32,,,,,,163,,,,,,,,,24.05,5.86,0.00,,,,,,,,,,,,,,,,,,,,,,,,,,,,,,,,,,,,,,,,,,,,,,,,,,,,,,,,,,,,,,,,,,,,,,,,,,,,,,,,,,,,,,,,,,,,,,,,,,,,,,,,,,,,,,,3,식품의약품안전처,,,18MY0D400D2,HACO ASIA PACIFIC SDN. BHD.,주식회사 에스씨케이컴퍼니,해당없음,Y,458,말레이시아,2,수집,2024-12-31,2026-07-28 00:00:00
P120-200020200-0784,비빔낙지젓(500g),P,가공식품,1,가공식품,20,수산가공식품류,20200,젓갈/액젓,2000002,젓갈류,200000202,양념젓갈,00,해당없음,100g,131,,7.00,2.10,,21.00,17.00,,,,,,1720,,,,,,,,,23.00,0.00,0.00,,,,,,,,,,,,,,,,,,,,,,,,,,,,,,,,,,,,,,,,,,,,,,,,,,,,,,,,,,,,,,,,,,,,,,,,,,,,,,,,,,,,,,,,,,,,,,,,,,,,,,,,,,,,,,,3,식품의약품안전처,,500g,22CN2FP00D5,"DANDONG RONGZHENG FOOD CO., LTD",(주)반찬단지,해당없음,Y,156,중국,2,수집,2026-02-09,2026-07-28 00:00:00
P120-600060000-0269,비비고 순살 임연수구이,P,가공식품,1,가공식품,20,수산가공식품류,20600,기타 수산가공품,2000006,기타 수산물가공품,200000600,해당없음,00,해당없음,100g,117,,21.67,3.00,,0.00,0.00,,,,,,633,,,,,,,,,125.00,0.00,0.00,,,,,,,,,,,,,,,,,,,,,,,,,,,,,,,,,,,,,,,,,,,,,,,,,,,,,,,,,,,,,,,,,,,,,,,,,,,,,,,,,,,,,,,,,,,,,,,,,,,,,,,,,,,,,,,3,식품의약품안전처,,60g,19870275001638,씨제이 씨푸드 주식회사,해당없음,해당없음,N,,해당없음,2,수집,2024-01-25,2026-07-28 00:00:00
P123-216020300-0125,비리아니 치킨,P,가공식품,1,가공식품,23,즉석식품류,23216,치킨,2300002,즉석섭취·편의식품류,230000203,즉석조리식품,00,해당없음,100g,441,,29.00,21.00,,34.00,4.00,,,,,,2170,,,,,,,,,0.00,5.00,0.00,,,,,,,,,,,,,,,,,,,,,,,,,,,,,,,,,,,,,,,,,,,,,,,,,,,,,,,,,,,,,,,,,,,,,,,,,,,,,,,,,,,,,,,,,,,,,,,,,,,,,,,,,,,,,,,3,식품의약품안전처,,350g,23ES1OP00D2,CONSERVAS HUERTAS SA,(주)한국발보린,해당없음,Y,724,스페인,2,수집,2023-08-04,2026-07-28 00:00:00
P101-404000400-1121,비건흑미단팥베이글,P,가공식품,1,가공식품,01,과자류·빵류 또는 떡류,01404,베이글,0100000,해당없음,010000004,빵류,00,해당없음,100g,271,,11.11,3.95,,47.66,9.19,,,,,,413,,,,,,,,,0.00,0.98,0.01,,,,,,,,,,,,,,,,,,,,,,,,,,,,,,,,,,,,,,,,,,,,,,,,,,,,,,,,,,,,,,,,,,,,,,,,,,,,,,,,,,,,,,,,,,,,,,,,,,,,,,,,,,,,,,,3,식품의약품안전처,70g,100g,2024041701244,소피아의디저트,해당없음,해당없음,N,,해당없음,2,수집,2025-11-07,2026-07-28 00:00:00
P103-101020300-0125,블루하트봉봉,P,가공식품,1,가공식품,03,코코아가공품류 또는 초콜릿류,03101,초콜릿,0300002,초콜릿류,030000203,화이트초콜릿,00,해당없음,100g,535,,8.20,33.57,,50.12,37.04,,,,,,46,,,,,,,,,30.71,17.65,0.21,,,,,,,,,,,,,,,,,,,,,,,,,,,,,,,,,,,,,,,,,,,,,,,,,,,,,,,,,,,,,,,,,,,,,,,,,,,,,,,,,,,,,,,,,,,,,,,,,,,,,,,,,,,,,,,3,식품의약품안전처,15g,100g,20160080733445,(주)카카오브라운,해당없음,해당없음,N,,해당없음,2,수집,2024-07-08,2026-07-28 00:00:00
P101-205000200-1593,블루베리스틱젤리,P,가공식품,1,가공식품,01,과자류·빵류 또는 떡류,01205,젤리,0100000,해당없음,010000002,캔디류,00,해당없음,100g,358,,3.33,1.17,,83.34,25.00,,,,,,4,,,,,,,,,0.00,0.83,0.00,,,,,,,,,,,,,,,,,,,,,,,,,,,,,,,,,,,,,,,,,,,,,,,,,,,,,,,,,,,,,,,,,,,,,,,,,,,,,,,,,,,,,,,,,,,,,,,,,,,,,,,,,,,,,,,3,식품의약품안전처,10g,60g,20090440068528,(주)건영제과,해당없음,해당없음,N,,해당없음,2,수집,2024-04-15,2026-07-28 00:00:00
P105-001000100-1104,블루베리 우리쌀조청잼,P,가공식품,1,가공식품,05,잼류,05001,잼,0500000,해당없음,050000001,잼,00,해당없음,100g,130,,0.80,0.25,,31.04,18.18,,,,,,3,,,,,,,,,0.00,0.03,0.00,,,,,,,,,,,,,,,,,,,,,,,,,,,,,,,,,,,,,,,,,,,,,,,,,,,,,,,,,,,,,,,,,,,,,,,,,,,,,,,,,,,,,,,,,,,,,,,,,,,,,,,,,,,,,,,3,식품의약품안전처,20g,330g,202505862711,사회적협동조합모들,해당없음,해당없음,N,,해당없음,2,수집,2025-06-30,2026-07-28 00:00:00
P107-301030100-0239,블렌드 오일,P,가공식품,1,가공식품,07,식용유지류,07301,혼합식용유,0700003,식용유지가공품,070000301,혼합식용유,00,해당없음,100ml,900,,0.00,100.00,,0.00,0.00,,,,,,0,,,,,,,,,0.00,13.00,0.00,,,,,,,,,,,,,,,,,,,,,,,,,,,,,,,,,,,,,,,,,,,,,,,,,,,,,,,,,,,,,,,,,,,,,,,,,,,,,,,,,,,,,,,,,,,,,,,,,,,,,,,,,,,,,,,3,식품의약품안전처,5g(ml),5000ml,26TR00900D7,AL AMEED GROUP INSAAT GIDA SANAYI VE TICARET LIMITED SIRKETI MERSIN SERBEST BOLGE SUBESI,에이엔코리아,해당없음,Y,792,튀르키예,2,수집,2026-01-05,2026-07-28 00:00:00
P101-404000400-0051,블랙올리브베이글,P,가공식품,1,가공식품,01,과자류·빵류 또는 떡류,01404,베이글,0100000,해당없음,010000004,빵류,00,해당없음,100g,271,,10.00,1.93,,53.57,5.71,,,,,,361,,,,,,,,,0.00,0.20,0.00,,,,,,,,,,,,,,,,,,,,,,,,,,,,,,,,,,,,,,,,,,,,,,,,,,,,,,,,,,,,,,,,,,,,,,,,,,,,,,,,,,,,,,,,,,,,,,,,,,,,,,,,,,,,,,,3,식품의약품안전처,70g,140g,2018007072615,포비아워스,해당없음,해당없음,N,,해당없음,2,수집,2021-06-30,2026-07-28 00:00:00
P109-201020000-1732,블랙 아메리카노,P,가공식품,1,가공식품,09,음료류,09201,액상커피,0900002,커피,090000200,해당없음,00,해당없음,100ml,8,,1.81,0.02,,0.02,0.00,,,,,,16,,,,,,,,,0.00,0.00,0.00,,,,,,,,,,,,,,,,,,,,,,,,,,,,,,,,,,,,,,,,,,,,,,,,,,,,,,,,,,,,,,,,,,,,,,,,,,,,,,,,,,,,,,,,,,,,,,,,,,,,,,,,,,,,,,,3,식품의약품안전처,240ml,100ml,20050555180724,농업회사법인(주)동서웰빙,해당없음,해당없음,N,,해당없음,2,수집,2026-04-24,2026-07-28 00:00:00
P119-900090100-1306,브리미 모짜렐라 락토스프리,P,가공식품,1,가공식품,19,유가공품류,19900,치즈,1900009,치즈류(축산물가공품),190000901,치즈,00,해당없음,100g,230,,17.00,17.00,,1.00,1.00,,,,,,210,,,,,,,,,50.00,13.00,0.50,,,,,,,,,,,,,,,,,,,,,,,,,,,,,,,,,,,,,,,,,,,,,,,,,,,,,,,,,,,,,,,,,,,,,,,,,,,,,,,,,,,,,,,,,,,,,,,,,,,,,,,,,,,,,,,3,식품의약품안전처,20g,125g,20IT04K00H0,NO.2 PROCESSING WORKSHOP OF SHANDONG ZHUCHENG FOREIGN TRADE REFRIGERATION PLANT,화인에프앤드비서비스(주),해당없음,Y,380,이탈리아,2,수집,2023-03-21,2026-07-28 00:00:00
P119-900090200-0102,브레비세,P,가공식품,1,가공식품,19,유가공품류,19900,치즈,1900009,치즈류(축산물가공품),190000902,가공치즈,00,해당없음,100g,300,,18.00,25.00,,1.00,1.00,,,,,,600,,,,,,,,,80.00,19.00,0.90,,,,,,,,,,,,,,,,,,,,,,,,,,,,,,,,,,,,,,,,,,,,,,,,,,,,,,,,,,,,,,,,,,,,,,,,,,,,,,,,,,,,,,,,,,,,,,,,,,,,,,,,,,,,,,,3,식품의약품안전처,20g,119g,2022_DNSP_00601,FROMAGERIE GUILLOTEAU,해당없음,해당없음,Y,250,프랑스,2,수집,2022-12-29,2026-07-28 00:00:00
P101-205000200-3687,브라운 젤리 펄,P,가공식품,1,가공식품,01,과자류·빵류 또는 떡류,01205,젤리,0100000,해당없음,010000002,캔디류,00,해당없음,100g,84,,0.00,0.00,,21.00,19.00,,,,,,50,,,,,,,,,0.00,0.00,0.00,,,,,,,,,,,,,,,,,,,,,,,,,,,,,,,,,,,,,,,,,,,,,,,,,,,,,,,,,,,,,,,,,,,,,,,,,,,,,,,,,,,,,,,,,,,,,,,,,,,,,,,,,,,,,,,3,식품의약품안전처,10g,1000g,25VN0CA00D5,"WONDERFUL FOODS CO.,LTD",(주)태향,해당없음,Y,704,베트남,2,수집,2025-02-26,2026-07-28 00:00:00
P120-200020100-0043,붉은새우젓,P,가공식품,1,가공식품,20,수산가공식품류,20200,젓갈/액젓,2000002,젓갈류,200000201,젓갈,00,해당없음,100g,53,,9.52,0.83,,1.86,0.00,,,,,,7720,,,,,,,,,96.71,0.29,0.00,,,,,,,,,,,,,,,,,,,,,,,,,,,,,,,,,,,,,,,,,,,,,,,,,,,,,,,,,,,,,,,,,,,,,,,,,,,,,,,,,,,,,,,,,,,,,,,,,,,,,,,,,,,,,,,3,식품의약품안전처,,1800g,2005053105010,(주)초록섬마하탑,해당없음,해당없음,N,,해당없음,2,수집,2025-09-17,2026-07-28 00:00:00
P113-206020400-4863,불독 돈까스 소스 (300ml),P,가공식품,1,가공식품,13,조미식품,13206,기타 소스류,1300002,소스류,130000204,소스,00,해당없음,100ml,152,,0.70,0.00,,37.30,36.70,,,,,,2362,,,,,,,,,0.00,0.00,0.00,,,,,,,,,,,,,,,,,,,,,,,,,,,,,,,,,,,,,,,,,,,,,,,,,,,,,,,,,,,,,,,,,,,,,,,,,,,,,,,,,,,,,,,,,,,,,,,,,,,,,,,,,,,,,,,3,식품의약품안전처,"드레싱 15g, 덮밥소스 165g",300ml,18JP1NY00D1,"BULL-DOG SAUCE CO.,LTD.TATEBAYASHI FACTORY",매크로통상(주),해당없음,Y,392,일본,2,수집,2023-11-07,2026-07-28 00:00:00
P123-201020200-0670,불고기잡채덮밥,P,가공식품,1,가공식품,23,즉석식품류,23201,밥류,2300002,즉석섭취·편의식품류,230000202,즉석섭취식품,00,해당없음,100g,143,,2.70,3.90,,24.02,3.30,,,,,,751,,,,,,,,,4.51,0.48,0.00,,,,,,,,,,,,,,,,,,,,,,,,,,,,,,,,,,,,,,,,,,,,,,,,,,,,,,,,,,,,,,,,,,,,,,,,,,,,,,,,,,,,,,,,,,,,,,,,,,,,,,,,,,,,,,,3,식품의약품안전처,210g,333g,200003470523145,롯데후레쉬델리카제1호주식회사,해당없음,해당없음,N,,해당없음,2,수집,2024-12-27,2026-07-28 00:00:00
P119-202040200-1661,불가리스 그릭 알룰로스,P,가공식품,1,가공식품,19,유가공품류,19202,농후발효유,1900004,발효유류(축산물가공품),190000402,농후발효유,00,해당없음,100g,85,,6.30,4.00,,11.00,1.80,,120,,,,65,,,,,,,,,20.00,2.80,0.50,,,,,,,,,,,,,,,,,,,,,,,,,,,,,,,,,,,,,,,,,,,,,,,,,,,,,,,,,,,,,,,,,,,,,,,,,,,,,,,,,,,,,,,,,,,,,,,,,,,,,,,,,,,,,,,3,식품의약품안전처,"액상 150ml, 호상 100ml(g)",400g,19790257016339,남양유업 주식회사 세종공장,해당없음,해당없음,N,,해당없음,2,수집,2026-05-18,2026-07-28 00:00:00
P101-501000500-2288,부편,P,가공식품,1,가공식품,01,과자류·빵류 또는 떡류,01501,떡,0100000,해당없음,010000005,떡류,00,해당없음,100g,343,,10.71,1.77,,70.10,0.00,0.9,39,2.51,189,543,337,0,,,0.270,0.080,,0.44,,0.00,0.00,0.00,,,,,,,,,,,,,,,,,,,,,,,,,,,,,,,,,,,,,,,,,,,,,,,,,,,,,,,,,,,,,,,,,,,,,,,,,,,,,,,,,,,,,,,,,,,,,,,,,,,,,,,,,,,,,,,3,식품의약품안전처,100g,100g,2003033204737,(주)찰떡궁합,해당없음,해당없음,N,,해당없음,2,수집,2024-12-17,2026-07-28 00:00:00
P105-001000100-2161,부안 참뽕오디잼,P,가공식품,1,가공식품,05,잼류,05001,잼,0500000,해당없음,050000001,잼,00,해당없음,100g,238,,12.00,0.50,,57.00,57.00,,,,,,12,,,,,,,,,0.00,0.50,0.00,,,,,,,,,,,,,,,,,,,,,,,,,,,,,,,,,,,,,,,,,,,,,,,,,,,,,,,,,,,,,,,,,,,,,,,,,,,,,,,,,,,,,,,,,,,,,,,,,,,,,,,,,,,,,,,3,식품의약품안전처,20g,250g,2014050102936,부안참뽕가공센터,해당없음,해당없음,N,,해당없음,2,수집,2026-05-04,2026-07-28 00:00:00
P103-102020500-4552,부산바다초코,P,가공식품,1,가공식품,03,코코아가공품류 또는 초콜릿류,03102,초콜릿과자,0300002,초콜릿류,030000205,초콜릿가공품,00,해당없음,100g,539,,9.00,31.00,,56.00,43.00,,,,,,53,,,,,,,,,0.00,20.00,0.00,,,,,,,,,,,,,,,,,,,,,,,,,,,,,,,,,,,,,,,,,,,,,,,,,,,,,,,,,,,,,,,,,,,,,,,,,,,,,,,,,,,,,,,,,,,,,,,,,,,,,,,,,,,,,,,3,식품의약품안전처,30g,100g,2013014410788,라이온제과,해당없음,해당없음,N,,해당없음,2,수집,2026-06-17,2026-07-28 00:00:00
P114-300030000-0034,부드러움을 더한 연근조림,P,가공식품,1,가공식품,14,절임류 또는 조림류,14300,기타 조림,1400003,조림류,140000300,해당없음,00,해당없음,100g,140,,1.00,1.60,,28.00,14.00,4.0,,,,,800,,,,,,,,,0.00,0.00,0.00,,,,,,,,,,,,,,,,,,,,,,,,,,,,,,,,,,,,,,,,,,,,,,,,,,,,,,,,,,,,,,,,,,,,,,,,,,,,,,,,,,,,,,,,,,,,,,,,,,,,,,,,,,,,,,,3,식품의약품안전처,,100g,2020049139262,㈜ 하림산업,해당없음,㈜ 씨제이프레시웨이,N,,해당없음,2,수집,2022-12-29,2026-07-28 00:00:00
P113-206020400-0545,부대옥볶음소스,P,가공식품,1,가공식품,13,조미식품,13206,기타 소스류,1300002,소스류,130000204,소스,00,해당없음,100g,140,,7.00,6.00,,15.00,5.00,,,,,,2400,,,,,,,,,10.00,2.50,0.50,,,,,,,,,,,,,,,,,,,,,,,,,,,,,,,,,,,,,,,,,,,,,,,,,,,,,,,,,,,,,,,,,,,,,,,,,,,,,,,,,,,,,,,,,,,,,,,,,,,,,,,,,,,,,,,3,식품의약품안전처,"드레싱 15g, 덮밥소스 165g",5000g,2023051219773,(주)미담,해당없음,해당없음,N,,해당없음,2,수집,2023-12-22,2026-07-28 00:00:00
P123-213020200-0156,봉골레파스타,P,가공식품,1,가공식품,23,즉석식품류,23213,도시락,2300002,즉석섭취·편의식품류,230000202,즉석섭취식품,00,해당없음,100g,223,,5.43,12.86,,21.14,5.14,,,,,,371,,,,,,,,,2.86,9.43,0.09,,,,,,,,,,,,,,,,,,,,,,,,,,,,,,,,,,,,,,,,,,,,,,,,,,,,,,,,,,,,,,,,,,,,,,,,,,,,,,,,,,,,,,,,,,,,,,,,,,,,,,,,,,,,,,,3,식품의약품안전처,1식,350g,199503062741287/200202215921658/200206143692031,롯데푸드(주),해당없음,해당없음,N,,해당없음,2,수집,2020-06-30,2026-07-28 00:00:00
P101-407000400-1193,볼로냐 캔 데니쉬 식빵(메이플),P,가공식품,1,가공식품,01,과자류·빵류 또는 떡류,01407,식빵,0100000,해당없음,010000004,빵류,00,해당없음,100g,361,,6.30,16.20,,47.50,10.00,,,,,,315,,,,,,,,,30.00,2.00,0.00,,,,,,,,,,,,,,,,,,,,,,,,,,,,,,,,,,,,,,,,,,,,,,,,,,,,,,,,,,,,,,,,,,,,,,,,,,,,,,,,,,,,,,,,,,,,,,,,,,,,,,,,,,,,,,,3,식품의약품안전처,70g,170g,26JP0TE00D9,"NIWAYAMA SOOGOU SHOKUHIN CO., LTD.",주식회사 델리톡인터내셔널,해당없음,Y,392,일본,2,수집,2026-04-28,2026-07-28 00:00:00
P105-001000100-0174,본마망 체리 콩포트,P,가공식품,1,가공식품,05,잼류,05001,잼,0500000,해당없음,050000001,잼,00,해당없음,100g,111,,1.09,0.31,,25.97,25.97,,,,,,8,,,,,,,,,0.00,0.00,0.00,,,,,,,,,,,,,,,,,,,,,,,,,,,,,,,,,,,,,,,,,,,,,,,,,,,,,,,,,,,,,,,,,,,,,,,,,,,,,,,,,,,,,,,,,,,,,,,,,,,,,,,,,,,,,,,3,식품의약품안전처,20g,385g,2022_DNSP_00584,ADNROS SNC,해당없음,해당없음,Y,250,프랑스,2,수집,2022-12-29,2026-07-28 00:00:00
P107-120030800-0044,볶음참깨,P,가공식품,1,가공식품,07,식용유지류,07120,기타 식용유지,0700003,식용유지가공품,070000308,기타 식용유지가공품,00,해당없음,100g,570,,17.00,50.00,,26.00,0.00,,,,,,5,,,,,,,,,0.00,7.00,0.00,,,,,,,,,,,,,,,,,,,,,,,,,,,,,,,,,,,,,,,,,,,,,,,,,,,,,,,,,,,,,,,,,,,,,,,,,,,,,,,,,,,,,,,,,,,,,,,,,,,,,,,,,,,,,,,3,식품의약품안전처,5g(ml),200g,202508001102,행복을 팜(farm),해당없음,해당없음,N,,해당없음,2,수집,2025-11-25,2026-07-28 00:00:00
P116-302030200-1746,볶음 아몬드,P,가공식품,1,가공식품,16,농산가공식품류,16302,견과류,1600003,땅콩 또는 견과류가공품류,160000302,땅콩 또는 견과류가공품,00,해당없음,100g,620,,24.30,48.59,,21.38,4.92,,,,,,1,,,,,,,,,0.00,3.71,0.00,,,,,,,,,,,,,,,,,,,,,,,,,,,,,,,,,,,,,,,,,,,,,,,,,,,,,,,,,,,,,,,,,,,,,,,,,,,,,,,,,,,,,,,,,,,,,,,,,,,,,,,,,,,,,,,3,식품의약품안전처,10g,100g,201403201802,(주)한솔에프디,해당없음,해당없음,N,,해당없음,2,수집,2026-01-23,2026-07-28 00:00:00
P109-802080200-1194,복숭아홍차(PEACH),P,가공식품,1,가공식품,09,음료류,09802,농축음료/베이스,0900008,기타음료,090000802,음료베이스,00,해당없음,100ml,172,,0.20,0.00,,43.00,40.00,,,,,,21,,,,,,,,,0.00,0.00,0.00,,,,,,,,,,,,,,,,,,,,,,,,,,,,,,,,,,,,,,,,,,,,,,,,,,,,,,,,,,,,,,,,,,,,,,,,,,,,,,,,,,,,,,,,,,,,,,,,,,,,,,,,,,,,,,,3,식품의약품안전처,150ml,1000ml,20170368466201,한국비엘주식회사,해당없음,해당없음,N,,해당없음,2,수집,2024-09-02,2026-07-28 00:00:00
P101-106000100-2259,복숭아 다쿠아즈,P,가공식품,1,가공식품,01,과자류·빵류 또는 떡류,01106,일반과자,0100000,해당없음,010000001,과자,00,해당없음,100g,433,,10.00,16.67,,58.33,41.67,,,,,,110,,,,,,,,,16.67,1.00,0.00,,,,,,,,,,,,,,,,,,,,,,,,,,,,,,,,,,,,,,,,,,,,,,,,,,,,,,,,,,,,,,,,,,,,,,,,,,,,,,,,,,,,,,,,,,,,,,,,,,,,,,,,,,,,,,,3,식품의약품안전처,30g,60g,2023054555316,자매제과팩토리,해당없음,해당없음,N,,해당없음,2,수집,2023-12-22,2026-07-28 00:00:00
P114-101010200-0504,보쌈김치,P,가공식품,1,가공식품,14,절임류 또는 조림류,14101,배추김치,1400001,김치류,140000102,김치,00,해당없음,100g,51,,2.00,0.90,,9.00,6.00,,,,,,383,,,,,,,,,0.00,0.00,0.00,,,,,,,,,,,,,,,,,,,,,,,,,,,,,,,,,,,,,,,,,,,,,,,,,,,,,,,,,,,,,,,,,,,,,,,,,,,,,,,,,,,,,,,,,,,,,,,,,,,,,,,,,,,,,,,3,식품의약품안전처,40g,10000g,19960306198109,농업회사법인유한회사일품김치,해당없음,해당없음,N,,해당없음,2,수집,2024-11-26,2026-07-28 00:00:00
P101-101000100-0897,보리로만든 뻥튀기,P,가공식품,1,가공식품,01,과자류·빵류 또는 떡류,01101,강냉이/팝콘,0100000,해당없음,010000001,과자,00,해당없음,100g,408,,11.67,4.17,,80.00,1.00,,,,,,83,,,,,,,,,0.00,0.00,0.00,,,,,,,,,,,,,,,,,,,,,,,,,,,,,,,,,,,,,,,,,,,,,,,,,,,,,,,,,,,,,,,,,,,,,,,,,,,,,,,,,,,,,,,,,,,,,,,,,,,,,,,,,,,,,,,3,식품의약품안전처,20g,120g,2001012030911,명일제과,해당없음,해당없음,N,,해당없음,2,수집,2025-09-03,2026-07-28 00:00:00
P101-205000200-3671,보넬 무설탕 과일젤리,P,가공식품,1,가공식품,01,과자류·빵류 또는 떡류,01205,젤리,0100000,해당없음,010000002,캔디류,00,해당없음,100g,348,,1.00,0.00,,86.00,0.00,,,,,,0,,,,,,,,,0.00,0.00,0.00,,,,,,,,,,,,,,,,,,,,,,,,,,,,,,,,,,,,,,,,,,,,,,,,,,,,,,,,,,,,,,,,,,,,,,,,,,,,,,,,,,,,,,,,,,,,,,,,,,,,,,,,,,,,,,,3,식품의약품안전처,10g,1000g,25IT0HI00D6,FIDA S.P.A.,주식회사엘에스엔,해당없음,Y,380,이탈리아,2,수집,2025-03-06,2026-07-28 00:00:00
P114-103010200-0856,별미 깍두기,P,가공식품,1,가공식품,14,절임류 또는 조림류,14103,기타김치,1400001,김치류,140000102,김치,00,해당없음,100g,35,,1.00,0.00,,8.00,4.00,,,,,,730,,,,,,,,,0.00,0.00,0.00,,,,,,,,,,,,,,,,,,,,,,,,,,,,,,,,,,,,,,,,,,,,,,,,,,,,,,,,,,,,,,,,,,,,,,,,,,,,,,,,,,,,,,,,,,,,,,,,,,,,,,,,,,,,,,,3,식품의약품안전처,40g,800g,200604452191356,(주)아워홈,해당없음,해당없음,N,,해당없음,2,수집,2026-06-03,2026-07-28 00:00:00
P107-113011300-1892,벨로타 엑스트라 버진 올리브유(750ml),P,가공식품,1,가공식품,07,식용유지류,07113,올리브유,0700001,식물성유지류,070000113,올리브유,00,해당없음,100ml,837,,0.00,93.00,,0.00,0.00,,,,,,0,,,,,,,,,0.00,13.00,0.00,,,,,,,,,,,,,,,,,,,,,,,,,,,,,,,,,,,,,,,,,,,,,,,,,,,,,,,,,,,,,,,,,,,,,,,,,,,,,,,,,,,,,,,,,,,,,,,,,,,,,,,,,,,,,,,3,식품의약품안전처,5g(ml),250ml,19ES0XV00D4,ACEITES MESTRAL S.L.,주식회사 유로푸드서비스,해당없음,Y,724,스페인,2,수집,2025-09-23,2026-07-28 00:00:00
P113-301030100-0003,베프카레루 볶음밥용 시즈닝,P,가공식품,1,가공식품,13,조미식품,13301,카레,1300003,카레(커리),130000301,카레(커리)분,00,해당없음,100g,426,,5.88,16.81,,62.80,9.14,,,,,,2257,,,,,,,,,3.65,8.00,0.09,,,,,,,,,,,,,,,,,,,,,,,,,,,,,,,,,,,,,,,,,,,,,,,,,,,,,,,,,,,,,,,,,,,,,,,,,,,,,,,,,,,,,,,,,,,,,,,,,,,,,,,,,,,,,,,3,식품의약품안전처,레토르트 200g 기타 25g,20000g,202103587008,베스트푸드(주),해당없음,해당없음,N,,해당없음,2,수집,2023-12-18,2026-07-28 00:00:00
P101-104000100-2763,베지 크리스프 바비큐맛,P,가공식품,1,가공식품,01,과자류·빵류 또는 떡류,01104,스낵과자,0100000,해당없음,010000001,과자,00,해당없음,100g,420,,9.30,9.10,,74.60,10.20,,,,,,622,,,,,,,,,0.00,0.90,0.00,,,,,,,,,,,,,,,,,,,,,,,,,,,,,,,,,,,,,,,,,,,,,,,,,,,,,,,,,,,,,,,,,,,,,,,,,,,,,,,,,,,,,,,,,,,,,,,,,,,,,,,,,,,,,,,3,식품의약품안전처,30g,100g,26CA04400D7,DARE FOODS LIMITED,주식회사 위스트,해당없음,Y,124,캐나다,2,수집,2026-06-04,2026-07-28 00:00:00
P123-224020200-2717,베이컨감자샐러드샌드위치,P,가공식품,1,가공식품,23,즉석식품류,23224,샌드위치,2300002,즉석섭취·편의식품류,230000202,즉석섭취식품,00,해당없음,100g,241,,6.67,12.00,,26.67,6.00,,,,,,613,,,,,,,,,10.00,4.00,0.13,,,,,,,,,,,,,,,,,,,,,,,,,,,,,,,,,,,,,,,,,,,,,,,,,,,,,,,,,,,,,,,,,,,,,,,,,,,,,,,,,,,,,,,,,,,,,,,,,,,,,,,,,,,,,,,3,식품의약품안전처,150g,150g,200803382231159,(주)샌드팜,해당없음,해당없음,N,,해당없음,2,수집,2026-05-13,2026-07-28 00:00:00
P101-404000400-0408,베이글,P,가공식품,1,가공식품,01,과자류·빵류 또는 떡류,01404,베이글,0100000,해당없음,010000004,빵류,00,해당없음,100g,207,,6.40,2.00,,40.00,4.00,,,,,,250,,,,,,,,,0.00,1.00,0.10,,,,,,,,,,,,,,,,,,,,,,,,,,,,,,,,,,,,,,,,,,,,,,,,,,,,,,,,,,,,,,,,,,,,,,,,,,,,,,,,,,,,,,,,,,,,,,,,,,,,,,,,,,,,,,,3,식품의약품안전처,70g,130g,2023036117625,골든레인 디저트,해당없음,해당없음,N,,해당없음,2,수집,2024-04-03,2026-07-28 00:00:00
P101-101000100-0234,베베모메 단호박 롱떡뻥,P,가공식품,1,가공식품,01,과자류·빵류 또는 떡류,01101,강냉이/팝콘,0100000,해당없음,010000001,과자,00,해당없음,100g,368,,6.80,1.30,,82.37,0.73,,,,,,1,,,,,,,,,0.00,0.30,0.00,,,,,,,,,,,,,,,,,,,,,,,,,,,,,,,,,,,,,,,,,,,,,,,,,,,,,,,,,,,,,,,,,,,,,,,,,,,,,,,,,,,,,,,,,,,,,,,,,,,,,,,,,,,,,,,3,식품의약품안전처,20g,30g,20090368564408,주식회사 일오삼 남곡점,해당없음,해당없음,N,,해당없음,2,수집,2024-07-24,2026-07-28 00:00:00
P120-600060000-2414,베리네이처 가시제거 99% 순살동태,P,가공식품,1,가공식품,20,수산가공식품류,20600,기타 수산가공품,2000006,기타 수산물가공품,200000600,해당없음,00,해당없음,100g,66,,15.00,0.60,,0.00,0.00,,,,,,48,,,,,,,,,56.00,0.00,0.00,,,,,,,,,,,,,,,,,,,,,,,,,,,,,,,,,,,,,,,,,,,,,,,,,,,,,,,,,,,,,,,,,,,,,,,,,,,,,,,,,,,,,,,,,,,,,,,,,,,,,,,,,,,,,,,3,식품의약품안전처,,200g,20170568011208,천일에스에프,해당없음,해당없음,N,,해당없음,2,수집,2025-12-24,2026-07-28 00:00:00
P109-801080100-4457,베가밀 라이스 아몬드 음료 950ml,P,가공식품,1,가공식품,09,음료류,09801,액상음료,0900008,기타음료,090000801,혼합음료,00,해당없음,100ml,56,,1.20,1.50,,9.80,4.70,,,,,,58,,,,,,,,,0.00,0.20,0.00,,,,,,,,,,,,,,,,,,,,,,,,,,,,,,,,,,,,,,,,,,,,,,,,,,,,,,,,,,,,,,,,,,,,,,,,,,,,,,,,,,,,,,,,,,,,,,,,,,,,,,,,,,,,,,,3,식품의약품안전처,200ml,,20UAZXL00D3,JV “VITMARK-UKRAINE”,(주)글로비스얼라이언스,해당없음,Y,804,우크라이나,2,수집,2023-12-31,2026-07-28 00:00:00
P124-200020000-1244,버티는한포™,P,가공식품,1,가공식품,24,기타식품류,24200,기타가공품,2400002,기타가공품,240000200,해당없음,00,해당없음,100g,337,,9.42,0.07,,74.60,30.60,,,,,,465,,,,,,,,,0.00,0.02,0.00,,,,,,,,,,,,,,,,,,,,,,,,,,,,,,,,,,,,,,,,,,,,,,,,,,,,,,,,,,,,,,,,,,,,,,,,,,,,,,,,,,,,,,,,,,,,,,,,,,,,,,,,,,,,,,,3,식품의약품안전처,,75g,20190462522989,주식회사상상바이오,해당없음,해당없음,N,,해당없음,2,수집,2025-07-22,2026-07-28 00:00:00
P101-405000400-4834,버터브라운브레드,P,가공식품,1,가공식품,01,과자류·빵류 또는 떡류,01405,기타 빵,0100000,해당없음,010000004,빵류,00,해당없음,100g,343,,6.35,12.70,,50.79,15.87,,,,,,365,,,,,,,,,63.49,6.19,0.00,,,,,,,,,,,,,,,,,,,,,,,,,,,,,,,,,,,,,,,,,,,,,,,,,,,,,,,,,,,,,,,,,,,,,,,,,,,,,,,,,,,,,,,,,,,,,,,,,,,,,,,,,,,,,,,3,식품의약품안전처,70g,63g,199503380158959,주식회사에스피씨삼립,해당없음,해당없음,N,,해당없음,2,수집,2024-07-09,2026-07-28 00:00:00
P101-409000400-5727,버터 쁘띠 케이크,P,가공식품,1,가공식품,01,과자류·빵류 또는 떡류,01409,케이크,0100000,해당없음,010000004,빵류,00,해당없음,100g,407,,8.00,21.00,,46.00,18.00,,,,,,285,,,,,,,,,23.00,4.30,0.00,,,,,,,,,,,,,,,,,,,,,,,,,,,,,,,,,,,,,,,,,,,,,,,,,,,,,,,,,,,,,,,,,,,,,,,,,,,,,,,,,,,,,,,,,,,,,,,,,,,,,,,,,,,,,,,3,식품의약품안전처,70g,220g,25CN40400D3,"HUAMEI FOOD (HEBEI) CO.,LTD",(주)오성물산코리아,해당없음,Y,156,중국,2,수집,2025-08-05,2026-07-28 00:00:00
P101-405000400-9451,버라이어티팩,P,가공식품,1,가공식품,01,과자류·빵류 또는 떡류,01405,기타 빵,0100000,해당없음,010000004,빵류,00,해당없음,100g,315,,5.96,17.21,,34.01,12.60,,,,,,173,,,,,,,,,41.33,9.89,0.00,,,,,,,,,,,,,,,,,,,,,,,,,,,,,,,,,,,,,,,,,,,,,,,,,,,,,,,,,,,,,,,,,,,,,,,,,,,,,,,,,,,,,,,,,,,,,,,,,,,,,,,,,,,,,,,3,식품의약품안전처,70g,738g,20150342401741,주식회사 그레닉스,해당없음,해당없음,N,,해당없음,2,수집,2026-04-08,2026-07-28 00:00:00
P114-400020100-1409,백초생강,P,가공식품,1,가공식품,14,절임류 또는 조림류,14400,절임식품,1400002,절임류,140000201,절임식품,00,해당없음,100g,7,,0.00,0.00,,1.82,0.00,,,,,,1164,,,,,,,,,0.00,0.00,0.00,,,,,,,,,,,,,,,,,,,,,,,,,,,,,,,,,,,,,,,,,,,,,,,,,,,,,,,,,,,,,,,,,,,,,,,,,,,,,,,,,,,,,,,,,,,,,,,,,,,,,,,,,,,,,,,3,식품의약품안전처,25g,3000g,25CN00900D8,"SHANDONG TAICHENG FOODS CO.,LTD",(주)이랜드 팜앤푸드,해당없음,Y,156,중국,2,수집,2025-01-02,2026-07-28 00:00:00
P101-501000500-4233,백설기,P,가공식품,1,가공식품,01,과자류·빵류 또는 떡류,01501,떡,0100000,해당없음,010000005,떡류,00,해당없음,100g,238,,3.30,0.60,,54.80,13.30,,,,,,237,,,,,,,,,0.00,0.20,0.00,,,,,,,,,,,,,,,,,,,,,,,,,,,,,,,,,,,,,,,,,,,,,,,,,,,,,,,,,,,,,,,,,,,,,,,,,,,,,,,,,,,,,,,,,,,,,,,,,,,,,,,,,,,,,,,3,식품의약품안전처,100g,200g,2025077993611,주식회사큰나무,해당없음,해당없음,N,,해당없음,2,수집,2026-01-15,2026-07-28 00:00:00
P116-701070100-0036,백도,P,가공식품,1,가공식품,16,농산가공식품류,16701,과일가공품,1600007,기타 농산가공품류,160000701,과·채가공품,00,해당없음,100g,66,83.5,0.28,0.03,0.14,16.04,14.22,2.1,7,0.08,5,51,2,0,0,4,0.005,0.010,0.289,0.98,0.00,0.00,0.01,0.00,,,,,,,,,,,,,,,,,,,,,,,,,,,,,,,,,,,,,,,,,,,,,,,,,,,,,,,,,,,,,,,,,,,,,,,,,,,,,,,,,,,,,,,,,,,,,,,,,,,,,,,,,,,,,,,1,농촌진흥청(국가표준식품성분표),30g,,2015_RDA_00008,해당없음,해당없음,해당없음,N,,해당없음,1,분석,2015-12-31,2026-07-28 00:00:00
P116-706070200-0040,배합용빵가루,P,가공식품,1,가공식품,16,농산가공식품류,16706,빵가루,1600007,기타 농산가공품류,160000702,곡류가공품,00,해당없음,100g,385,,11.56,4.85,,73.79,5.20,,,,,,469,,,,,,,,,0.00,1.75,0.02,,,,,,,,,,,,,,,,,,,,,,,,,,,,,,,,,,,,,,,,,,,,,,,,,,,,,,,,,,,,,,,,,,,,,,,,,,,,,,,,,,,,,,,,,,,,,,,,,,,,,,,,,,,,,,,3,식품의약품안전처,,10000g,202606880055,(주)독일에프에스,해당없음,해당없음,N,,해당없음,2,수집,2026-01-10,2026-07-28 00:00:00
P109-102010200-0735,배를 사랑한 더 장생 콤부차,P,가공식품,1,가공식품,09,음료류,09102,액상차,0900001,다류,090000102,액상차,00,해당없음,100ml,69,,0.00,0.10,,17.10,15.60,,,,,,1,,,,,,,,,0.00,0.00,0.00,,,,,,,,,,,,,,,,,,,,,,,,,,,,,,,,,,,,,,,,,,,,,,,,,,,,,,,,,,,,,,,,,,,,,,,,,,,,,,,,,,,,,,,,,,,,,,,,,,,,,,,,,,,,,,,3,식품의약품안전처,200ml,100ml,20060622020218,(주)신선에프앤브이,해당없음,해당없음,N,,해당없음,2,수집,2023-12-22,2026-07-28 00:00:00
P101-416000400-0050,방망이핫도그,P,가공식품,1,가공식품,01,과자류·빵류 또는 떡류,01416,핫도그,0100000,해당없음,010000004,빵류,00,해당없음,100g,265,,9.00,9.00,,36.00,11.00,,,,,,600,,,,,,,,,4.00,2.00,0.00,,,,,,,,,,,,,,,,,,,,,,,,,,,,,,,,,,,,,,,,,,,,,,,,,,,,,,,,,,,,,,,,,,,,,,,,,,,,,,,,,,,,,,,,,,,,,,,,,,,,,,,,,,,,,,,3,식품의약품안전처,70g,500g,202305176136,새한푸드,해당없음,해당없음,N,,해당없음,2,수집,2023-12-22,2026-07-28 00:00:00
P117-501050100-8103,밥도둑매실양념불고기,P,가공식품,1,가공식품,17,식육가공품 및 포장육,17501,양념육,1700005,양념육류(축산물가공품),170000501,양념육,00,해당없음,100g,186,,12.00,11.00,,9.00,6.00,,,,,,408,,,,,,,,,45.00,3.80,0.00,,,,,,,,,,,,,,,,,,,,,,,,,,,,,,,,,,,,,,,,,,,,,,,,,,,,,,,,,,,,,,,,,,,,,,,,,,,,,,,,,,,,,,,,,,,,,,,,,,,,,,,,,,,,,,,3,식품의약품안전처,100g,100g,20060607946776,(주)미소담은,해당없음,해당없음,N,,해당없음,2,수집,2026-06-16,2026-07-28 00:00:00
P101-405000400-0929,밤만쥬,P,가공식품,1,가공식품,01,과자류·빵류 또는 떡류,01405,기타 빵,0100000,해당없음,010000004,빵류,00,해당없음,100g,283,,6.67,3.67,,60.00,23.33,,,,,,183,,,,,,,,,16.67,1.67,0.00,,,,,,,,,,,,,,,,,,,,,,,,,,,,,,,,,,,,,,,,,,,,,,,,,,,,,,,,,,,,,,,,,,,,,,,,,,,,,,,,,,,,,,,,,,,,,,,,,,,,,,,,,,,,,,,3,식품의약품안전처,70g,30g,2004048766823,해피드림,해당없음,해당없음,N,,해당없음,2,수집,2021-06-30,2026-07-28 00:00:00
P109-102010200-4907,발효적백하수오,P,가공식품,1,가공식품,09,음료류,09102,액상차,0900001,다류,090000102,액상차,00,해당없음,100ml,17,,0.43,0.00,,4.00,3.57,,,,,,4,,,,,,,,,0.00,0.00,0.00,,,,,,,,,,,,,,,,,,,,,,,,,,,,,,,,,,,,,,,,,,,,,,,,,,,,,,,,,,,,,,,,,,,,,,,,,,,,,,,,,,,,,,,,,,,,,,,,,,,,,,,,,,,,,,,3,식품의약품안전처,200ml,70ml,2017062310421,함양농협3,해당없음,해당없음,N,,해당없음,2,수집,2026-04-21,2026-07-28 00:00:00
P109-203020000-1207,발아 콜롬비아 수프리모 디카페인,P,가공식품,1,가공식품,09,음료류,09203,원두/원두분말,0900002,커피,090000200,해당없음,00,해당없음,100ml,4,,0.20,0.06,,0.70,0.00,,,,,,0,,,,,,,,,0.00,0.01,0.00,,,,,,,,,,,,,,,,,,,,,,,,,,,,,,,,,,,,,,,,,,,,,,,,,,,,,,,,,,,,,,,,,,,,,,,,,,,,,,,,,,,,,,,,,,,,,,,,,,,,,,,,,,,,,,,3,식품의약품안전처,,100ml,20220481116211,The낭띠,해당없음,해당없음,N,,해당없음,2,수집,2025-10-28,2026-07-28 00:00:00
P101-407000400-0528,발그레홍국식빵,P,가공식품,1,가공식품,01,과자류·빵류 또는 떡류,01407,식빵,0100000,해당없음,010000004,빵류,00,해당없음,100g,342,,8.98,14.05,,44.99,7.08,,,,,,433,,,,,,,,,12.07,4.60,0.13,,,,,,,,,,,,,,,,,,,,,,,,,,,,,,,,,,,,,,,,,,,,,,,,,,,,,,,,,,,,,,,,,,,,,,,,,,,,,,,,,,,,,,,,,,,,,,,,,,,,,,,,,,,,,,,3,식품의약품안전처,70g,300g,20230533023105,임진여울영농조합법인,해당없음,해당없음,N,,해당없음,2,수집,2025-03-05,2026-07-28 00:00:00
P123-203020200-3156,반반참치마요&전주비빔김밥,P,가공식품,1,가공식품,23,즉석식품류,23203,주먹밥/김밥/초밥,2300002,즉석섭취·편의식품류,230000202,즉석섭취식품,00,해당없음,100g,169,,4.78,7.35,,20.95,2.94,,,,,,503,,,,,,,,,22.79,1.07,0.00,,,,,,,,,,,,,,,,,,,,,,,,,,,,,,,,,,,,,,,,,,,,,,,,,,,,,,,,,,,,,,,,,,,,,,,,,,,,,,,,,,,,,,,,,,,,,,,,,,,,,,,,,,,,,,,3,식품의약품안전처,210g,272g,20200620210530,(주)제이비프레시,해당없음,해당없음,N,,해당없음,2,수집,2025-09-30,2026-07-28 00:00:00
P101-401000400-1001,반_허니버터링도넛,P,가공식품,1,가공식품,01,과자류·빵류 또는 떡류,01401,도넛,0100000,해당없음,010000004,빵류,00,해당없음,100g,433,,5.80,27.54,,42.03,23.19,,,,,,174,,,,,,,,,6.91,15.94,0.15,,,,,,,,,,,,,,,,,,,,,,,,,,,,,,,,,,,,,,,,,,,,,,,,,,,,,,,,,,,,,,,,,,,,,,,,,,,,,,,,,,,,,,,,,,,,,,,,,,,,,,,,,,,,,,,3,식품의약품안전처,70g,69g,20090236882692,크리스피크림대전둔산점,해당없음,해당없음,N,,해당없음,2,수집,2025-05-22,2026-07-28 00:00:00
P101-424000400-0105,반_웰컴골드베어도넛,P,가공식품,1,가공식품,01,과자류·빵류 또는 떡류,01424,반제품/생지,0100000,해당없음,010000004,빵류,00,해당없음,100g,448,,5.00,26.67,,46.67,28.33,,,,,,125,,,,,,,,,5.95,13.33,0.00,,,,,,,,,,,,,,,,,,,,,,,,,,,,,,,,,,,,,,,,,,,,,,,,,,,,,,,,,,,,,,,,,,,,,,,,,,,,,,,,,,,,,,,,,,,,,,,,,,,,,,,,,,,,,,,3,식품의약품안전처,,60g,20150227505414,크리스피크림 광주첨단점,해당없음,해당없음,N,,해당없음,2,수집,2024-03-18,2026-07-28 00:00:00
P101-401000400-0935,반_모카케이크도넛,P,가공식품,1,가공식품,01,과자류·빵류 또는 떡류,01401,도넛,0100000,해당없음,010000004,빵류,00,해당없음,100g,445,,7.32,28.05,,41.46,20.73,,,,,,171,,,,,,,,,12.20,13.42,0.22,,,,,,,,,,,,,,,,,,,,,,,,,,,,,,,,,,,,,,,,,,,,,,,,,,,,,,,,,,,,,,,,,,,,,,,,,,,,,,,,,,,,,,,,,,,,,,,,,,,,,,,,,,,,,,,3,식품의약품안전처,70g,82g,20090236882682,크리스피크림대전둔산점,해당없음,해당없음,N,,해당없음,2,수집,2025-03-06,2026-07-28 00:00:00
P108-014000300-1674,반 퍼,P,가공식품,1,가공식품,08,면류,08014,파스타,0800000,해당없음,080000003,건면,00,해당없음,100g,344,,6.00,0.00,,80.00,0.00,,,,,,600,,,,,,,,,0.00,0.00,0.00,,,,,,,,,,,,,,,,,,,,,,,,,,,,,,,,,,,,,,,,,,,,,,,,,,,,,,,,,,,,,,,,,,,,,,,,,,,,,,,,,,,,,,,,,,,,,,,,,,,,,,,,,,,,,,,3,식품의약품안전처,"생·숙면 200g, 건면 100g, 당면 30g, 유탕면(봉지)120g, 유탕면(용기)80g",500g,15VNO0U00D5,VIETNAM FOOD INDUSTRIES JOINT STOCK COMPANY,월푸상사(주),해당없음,Y,704,베트남,2,수집,2026-03-27,2026-07-28 00:00:00
P113-206020400-4309,바질페스티벌(Basil festival),P,가공식품,1,가공식품,13,조미식품,13206,기타 소스류,1300002,소스류,130000204,소스,00,해당없음,100g,469,,10.14,43.99,,11.66,1.13,6.9,307,0.62,,246,525,,,,,,,,,0.00,9.24,0.04,,,,,,,,,,,,,,,,,,,,,,,,,,,,,,,,,,,,,,,,,,,,,,,,,,,,,,,,,,,,,,,,,,,,,,,,,,,,,,,,,,,,,,,,,,,,,,,,,,,,,,,,,,,,,,,3,식품의약품안전처,"드레싱 15g, 덮밥소스 165g",2000g,2025022612821,주식회사센비아,해당없음,해당없음,N,,해당없음,2,수집,2025-07-03,2026-07-28 00:00:00
P101-406000400-0499,바질 스콘,P,가공식품,1,가공식품,01,과자류·빵류 또는 떡류,01406,스콘,0100000,해당없음,010000004,빵류,00,해당없음,100g,406,,5.00,22.50,,46.25,10.00,,,,,,275,,,,,,,,,56.25,11.25,0.00,,,,,,,,,,,,,,,,,,,,,,,,,,,,,,,,,,,,,,,,,,,,,,,,,,,,,,,,,,,,,,,,,,,,,,,,,,,,,,,,,,,,,,,,,,,,,,,,,,,,,,,,,,,,,,,3,식품의약품안전처,70g,1200g,2016033248538,주식회사코코쇼콜라,해당없음,해당없음,N,,해당없음,2,수집,2025-09-08,2026-07-28 00:00:00
P119-202040200-0156,바이오PROBIOTIC백도요거트,P,가공식품,1,가공식품,19,유가공품류,19202,농후발효유,1900004,발효유류(축산물가공품),190000402,농후발효유,00,해당없음,100ml,82,,4.12,1.41,,12.94,10.59,,,,,,47,,,,,,,,,5.88,0.71,0.00,,,,,,,,,,,,,,,,,,,,,,,,,,,,,,,,,,,,,,,,,,,,,,,,,,,,,,,,,,,,,,,,,,,,,,,,,,,,,,,,,,,,,,,,,,,,,,,,,,,,,,,,,,,,,,,3,식품의약품안전처,"액상 150ml, 호상 100ml(g)",85ml,19800532002234/19810262002395,매일유업(주),해당없음,해당없음,N,,해당없음,2,수집,2021-06-30,2026-07-28 00:00:00
P101-409000400-3463,바스크치즈케이크 쇼콜라,P,가공식품,1,가공식품,01,과자류·빵류 또는 떡류,01409,케이크,0100000,해당없음,010000004,빵류,00,해당없음,100g,375,,6.10,26.00,,28.00,22.00,,,,,,164,,,,,,,,,96.00,16.00,0.50,,,,,,,,,,,,,,,,,,,,,,,,,,,,,,,,,,,,,,,,,,,,,,,,,,,,,,,,,,,,,,,,,,,,,,,,,,,,,,,,,,,,,,,,,,,,,,,,,,,,,,,,,,,,,,,3,식품의약품안전처,70g,160g,20130107408382,몬쉘코리아,해당없음,해당없음,N,,해당없음,2,수집,2024-09-03,2026-07-28 00:00:00
P123-302030100-1109,바삭쫄깃 우리쌀 김치호떡군만두,P,가공식품,1,가공식품,23,즉석식품류,23302,만두,2300003,만두류,230000301,만두,00,해당없음,100g,155,,6.00,4.50,,22.00,0.00,,,,,,440,,,,,,,,,2.45,2.70,0.00,,,,,,,,,,,,,,,,,,,,,,,,,,,,,,,,,,,,,,,,,,,,,,,,,,,,,,,,,,,,,,,,,,,,,,,,,,,,,,,,,,,,,,,,,,,,,,,,,,,,,,,,,,,,,,,3,식품의약품안전처,150g,960g,20000498094836,나래식품주식회사,해당없음,해당없음,N,,해당없음,2,수집,2024-03-21,2026-07-28 00:00:00
P101-402000400-0037,바비블루베리필링미니머핀,P,가공식품,1,가공식품,01,과자류·빵류 또는 떡류,01402,머핀,0100000,해당없음,010000004,빵류,00,해당없음,100g,438,,4.00,22.00,,56.00,21.00,,,,,,500,,,,,,,,,50.00,3.00,0.00,,,,,,,,,,,,,,,,,,,,,,,,,,,,,,,,,,,,,,,,,,,,,,,,,,,,,,,,,,,,,,,,,,,,,,,,,,,,,,,,,,,,,,,,,,,,,,,,,,,,,,,,,,,,,,,3,식품의약품안전처,70g,200g,2021_DNSP_01173,"PASTELERIA MANDUL, S.L.",(주)키즈웰,해당없음,Y,724,스페인,2,수집,2021-06-30,2026-07-28 00:00:00
P102-101010100-1033,바므 공주밤 아이스크림,P,가공식품,1,가공식품,02,빙과류,02101,아이스크림,0200001,아이스크림류(축산물가공품),020000101,아이스크림,00,해당없음,100g,192,,3.28,8.86,,24.86,18.06,,,,,,46,,,,,,,,,27.82,4.39,0.03,,,,,,,,,,,,,,,,,,,,,,,,,,,,,,,,,,,,,,,,,,,,,,,,,,,,,,,,,,,,,,,,,,,,,,,,,,,,,,,,,,,,,,,,,,,,,,,,,,,,,,,,,,,,,,,3,식품의약품안전처,100ml,100g,202406810091,파커스푸드,해당없음,해당없음,N,,해당없음,2,수집,2025-07-16,2026-07-28 00:00:00
P123-212020300-1253,바른곱대창볶음,P,가공식품,1,가공식품,23,즉석식품류,23212,반찬,2300002,즉석섭취·편의식품류,230000203,즉석조리식품,00,해당없음,100g,285,,6.67,25.56,,6.95,6.67,,,,,,564,,,,,,,,,151.40,12.50,1.39,,,,,,,,,,,,,,,,,,,,,,,,,,,,,,,,,,,,,,,,,,,,,,,,,,,,,,,,,,,,,,,,,,,,,,,,,,,,,,,,,,,,,,,,,,,,,,,,,,,,,,,,,,,,,,,3,식품의약품안전처,,360g,19990355419230,(주)진한식품,해당없음,해당없음,N,,해당없음,2,수집,2024-10-23,2026-07-28 00:00:00
P113-206020400-0099,바로비벼먹는비빔참치매콤한맛,P,가공식품,1,가공식품,13,조미식품,13206,기타 소스류,1300002,소스류,130000204,소스,00,해당없음,100g,130,,7.00,4.60,,15.00,10.00,,,,,,590,,,,,,,,,15.00,0.00,0.00,,,,,,,,,,,,,,,,,,,,,,,,,,,,,,,,,,,,,,,,,,,,,,,,,,,,,,,,,,,,,,,,,,,,,,,,,,,,,,,,,,,,,,,,,,,,,,,,,,,,,,,,,,,,,,,3,식품의약품안전처,"드레싱 15g, 덮밥소스 165g",80g,200204610734258,(주)동원에프앤비,해당없음,해당없음,N,,해당없음,2,수집,2020-06-30,2026-07-28 00:00:00
P110-500050000-0825,바디키 식사대용 쉐이크 밀크티,P,가공식품,1,가공식품,10,특수영양식품,10500,체중조절용 조제식품,1000005,체중조절용 조제식품,100000500,해당없음,00,해당없음,100g,400,,33.33,11.77,,45.10,13.73,9.8,608,6.86,824,1020,490,961,,,0.784,0.882,,58.82,6.86,0.00,2.94,0.00,,,23.530,1.765,3.137,466.670,,6.078,,,17.647,,,,,,,,,,,,,,,,,,,,,,,,,,,,,,,,,,,,,,,,,,,,,,,,,,,,,,,,,,,,,,,,,980.400,264.708,,,,,7.843,,112.746,,,,,,,,,,,,,,,,,,,,,,,,,,,3,식품의약품안전처,40g,714g,26US07V00D9,"ACCESS BUSINESS GROUP, LLC",한국암웨이(주),해당없음,Y,840,미국,2,수집,2026-02-25,2026-07-28 00:00:00
P101-405000400-4801,바닐라치즈바,P,가공식품,1,가공식품,01,과자류·빵류 또는 떡류,01405,기타 빵,0100000,해당없음,010000004,빵류,00,해당없음,100g,417,,5.51,20.48,,52.72,25.99,,,,,,147,,,,,,,,,64.24,13.91,0.58,,,,,,,,,,,,,,,,,,,,,,,,,,,,,,,,,,,,,,,,,,,,,,,,,,,,,,,,,,,,,,,,,,,,,,,,,,,,,,,,,,,,,,,,,,,,,,,,,,,,,,,,,,,,,,,3,식품의약품안전처,70g,40g,20030355353234,가토미작,해당없음,해당없음,N,,해당없음,2,수집,2024-05-28,2026-07-28 00:00:00
P101-409000400-0489,바니케이크,P,가공식품,1,가공식품,01,과자류·빵류 또는 떡류,01409,케이크,0100000,해당없음,010000004,빵류,00,해당없음,100g,276,,2.50,16.25,,30.00,28.75,,,,,,130,,,,,,,,,95.00,12.50,0.00,,,,,,,,,,,,,,,,,,,,,,,,,,,,,,,,,,,,,,,,,,,,,,,,,,,,,,,,,,,,,,,,,,,,,,,,,,,,,,,,,,,,,,,,,,,,,,,,,,,,,,,,,,,,,,,3,식품의약품안전처,70g,450g,20130152289452,(주)명품정항우케이크,해당없음,해당없음,N,,해당없음,2,수집,2021-06-30,2026-07-28 00:00:00
P105-001000200-0475,바나나베이스,P,가공식품,1,가공식품,05,잼류,05001,잼,0500000,해당없음,050000002,기타잼,00,해당없음,100g,275,,0.00,0.00,,69.00,58.00,,,,,,25,,,,,,,,,0.00,0.00,0.00,,,,,,,,,,,,,,,,,,,,,,,,,,,,,,,,,,,,,,,,,,,,,,,,,,,,,,,,,,,,,,,,,,,,,,,,,,,,,,,,,,,,,,,,,,,,,,,,,,,,,,,,,,,,,,,3,식품의약품안전처,20g,1800g,20140496065522,농업회사법인 데이웰(주),해당없음,해당없음,N,,해당없음,2,수집,2026-03-27,2026-07-28 00:00:00
P101-106000100-3078,밀팡팡,P,가공식품,1,가공식품,01,과자류·빵류 또는 떡류,01106,일반과자,0100000,해당없음,010000001,과자,00,해당없음,100g,487,,5.97,19.03,,72.58,20.97,,,,,,129,,,,,,,,,0.00,9.52,0.00,,,,,,,,,,,,,,,,,,,,,,,,,,,,,,,,,,,,,,,,,,,,,,,,,,,,,,,,,,,,,,,,,,,,,,,,,,,,,,,,,,,,,,,,,,,,,,,,,,,,,,,,,,,,,,,3,식품의약품안전처,30g,62g,20090360062212,(주)우리식품,해당없음,해당없음,N,,해당없음,2,수집,2024-04-12,2026-07-28 00:00:00
P102-101010100-0237,밀크초콜릿아몬드아이스크림,P,가공식품,1,가공식품,02,빙과류,02101,아이스크림,0200001,아이스크림류(축산물가공품),020000101,아이스크림,00,해당없음,100g,345,,4.00,23.00,,30.00,28.00,,,,,,70,,,,,,,,,15.00,13.00,0.00,,,,,,,,,,,,,,,,,,,,,,,,,,,,,,,,,,,,,,,,,,,,,,,,,,,,,,,,,,,,,,,,,,,,,,,,,,,,,,,,,,,,,,,,,,,,,,,,,,,,,,,,,,,,,,,3,식품의약품안전처,100ml,372g,2021_DNSP_01134,ICE-CREAM FACTORY CO-MAKER S.A,홈플러스주식회사,해당없음,Y,724,스페인,2,수집,2021-06-30,2026-07-28 00:00:00
P103-102020500-1091,밀크 크랜베리 드라제,P,가공식품,1,가공식품,03,코코아가공품류 또는 초콜릿류,03102,초콜릿과자,0300002,초콜릿류,030000205,초콜릿가공품,00,해당없음,100g,562,,7.00,37.00,,53.00,51.00,,,,,,85,,,,,,,,,21.00,22.00,0.40,,,,,,,,,,,,,,,,,,,,,,,,,,,,,,,,,,,,,,,,,,,,,,,,,,,,,,,,,,,,,,,,,,,,,,,,,,,,,,,,,,,,,,,,,,,,,,,,,,,,,,,,,,,,,,,3,식품의약품안전처,30g,100g,2024056537317,니블스,해당없음,해당없음,N,,해당없음,2,수집,2025-06-19,2026-07-28 00:00:00
P101-404000400-0855,밀스 고단백 호라산 통밀베이글 블루베리,P,가공식품,1,가공식품,01,과자류·빵류 또는 떡류,01404,베이글,0100000,해당없음,010000004,빵류,00,해당없음,100g,253,,17.00,3.40,,41.00,5.00,4.4,,,,,380,,,,,,,,,0.00,0.50,0.00,,,,,,,,,,,,,,,,,,,,,,,,,,,,,,,,,,,,,,,,,,,,,,,,,,,,,,,,,,,,,,,,,,,,,,,,,,,,,,,,,,,,,,,,,,,,,,,,,,,,,,,,,,,,,,,3,식품의약품안전처,70g,100g,20110275139600,구스F&B(주)3공장,해당없음,해당없음,N,,해당없음,2,수집,2025-07-21,2026-07-28 00:00:00
P108-010000300-0140,밀가루0% 우리쌀 부추쌀국수 사골맛,P,가공식품,1,가공식품,08,면류,08010,쌀국수,0800000,해당없음,080000003,건면,00,해당없음,100g,349,,7.53,2.26,,75.27,2.15,,,,,,1327,,,,,,,,,1.08,0.75,0.00,,,,,,,,,,,,,,,,,,,,,,,,,,,,,,,,,,,,,,,,,,,,,,,,,,,,,,,,,,,,,,,,,,,,,,,,,,,,,,,,,,,,,,,,,,,,,,,,,,,,,,,,,,,,,,,3,식품의약품안전처,"생·숙면 200g, 건면 100g, 당면 30g, 유탕면(봉지)120g, 유탕면(용기)80g",93g,2019052411834,농업회사법인화순파프리카쌀국수주식회사,해당없음,해당없음,N,,해당없음,2,수집,2024-04-30,2026-07-28 00:00:00
P116-701070100-1826,믹스베리스무디P,P,가공식품,1,가공식품,16,농산가공식품류,16701,과일가공품,1600007,기타 농산가공품류,160000701,과·채가공품,00,해당없음,100g,50,,0.62,0.15,,12.46,9.08,,,,,,6,,,,,,,,,0.00,0.00,0.00,,,,,,,,,,,,,,,,,,,,,,,,,,,,,,,,,,,,,,,,,,,,,,,,,,,,,,,,,,,,,,,,,,,,,,,,,,,,,,,,,,,,,,,,,,,,,,,,,,,,,,,,,,,,,,,3,식품의약품안전처,30g,130g,20230508530353,(주)아미에프앤엘,해당없음,해당없음,N,,해당없음,2,수집,2026-01-15,2026-07-28 00:00:00
P117-501050100-6373,미트6 오리지널 말랭이 풀드포크,P,가공식품,1,가공식품,17,식육가공품 및 포장육,17501,양념육,1700005,양념육류(축산물가공품),170000501,양념육,00,해당없음,100g,292,,19.71,22.01,,3.70,0.98,,,,,,139,,,,,,,,,79.63,6.73,0.07,,,,,,,,,,,,,,,,,,,,,,,,,,,,,,,,,,,,,,,,,,,,,,,,,,,,,,,,,,,,,,,,,,,,,,,,,,,,,,,,,,,,,,,,,,,,,,,,,,,,,,,,,,,,,,,3,식품의약품안전처,100g,1000g,202502610176,고기6 주식회사,해당없음,해당없음,N,,해당없음,2,수집,2026-03-10,2026-07-28 00:00:00
P116-702070100-2027,미역 가지 비트 다진야채큐브,P,가공식품,1,가공식품,16,농산가공식품류,16702,채소가공품,1600007,기타 농산가공품류,160000701,과·채가공품,00,해당없음,100g,33,,2.22,0.00,,5.56,0.00,,,,,,50,,,,,,,,,0.00,0.00,0.00,,,,,,,,,,,,,,,,,,,,,,,,,,,,,,,,,,,,,,,,,,,,,,,,,,,,,,,,,,,,,,,,,,,,,,,,,,,,,,,,,,,,,,,,,,,,,,,,,,,,,,,,,,,,,,,3,식품의약품안전처,30g,90g,202002308871914,쿡베이스,해당없음,해당없음,N,,해당없음,2,수집,2026-01-22,2026-07-28 00:00:00
P108-006000300-0076,미소찬찰진넙적당면,P,가공식품,1,가공식품,08,면류,08006,당면,0800000,해당없음,080000003,건면,00,해당없음,100g,350,,0.00,0.60,,86.00,0.00,,,,,,0,,,,,,,,,0.00,0.00,0.00,,,,,,,,,,,,,,,,,,,,,,,,,,,,,,,,,,,,,,,,,,,,,,,,,,,,,,,,,,,,,,,,,,,,,,,,,,,,,,,,,,,,,,,,,,,,,,,,,,,,,,,,,,,,,,,3,식품의약품안전처,30g,1000g,2020_DNSP_01768,해당없음,"SISHUI LIFENG FOOD PRODUCTS CO.,LTD",해당없음,Y,156,중국,2,수집,2020-06-30,2026-07-28 00:00:00
P101-405000400-4155,미링 얼그레이맛,P,가공식품,1,가공식품,01,과자류·빵류 또는 떡류,01405,기타 빵,0100000,해당없음,010000004,빵류,00,해당없음,100g,437,,5.00,26.67,,45.00,23.33,,,,,,183,,,,,,,,,116.67,15.00,0.00,,,,,,,,,,,,,,,,,,,,,,,,,,,,,,,,,,,,,,,,,,,,,,,,,,,,,,,,,,,,,,,,,,,,,,,,,,,,,,,,,,,,,,,,,,,,,,,,,,,,,,,,,,,,,,,3,식품의약품안전처,70g,60g,2019054533538,농업회사법인주식회사투마루,해당없음,해당없음,N,,해당없음,2,수집,2024-03-08,2026-07-28 00:00:00
P109-303030300-1934,미닛메이드 조이 망고,P,가공식품,1,가공식품,09,음료류,09303,과·채음료,0900003,과일·채소류음료,090000303,과·채음료,00,해당없음,100ml,31,,0.00,0.00,,7.69,7.18,,,,,,28,,,,,,,,,0.00,0.00,0.00,,,,,,,,,,,,,,,,,,,,,,,,,,,,,,,,,,,,,,,,,,,,,,,,,,,,,,,,,,,,,,,,,,,,,,,,,,,,,,,,,,,,,,,,,,,,,,,,,,,,,,,,,,,,,,,3,식품의약품안전처,200ml,195ml,2020040143984,(주)서울에프엔비 기업도시점,해당없음,해당없음,N,,해당없음,2,수집,2025-06-05,2026-07-28 00:00:00
P101-402000400-0031,미니초코칩머핀,P,가공식품,1,가공식품,01,과자류·빵류 또는 떡류,01402,머핀,0100000,해당없음,010000004,빵류,00,해당없음,100g,477,,5.00,28.00,,51.00,25.00,,,,,,1200,,,,,,,,,0.00,4.20,0.00,,,,,,,,,,,,,,,,,,,,,,,,,,,,,,,,,,,,,,,,,,,,,,,,,,,,,,,,,,,,,,,,,,,,,,,,,,,,,,,,,,,,,,,,,,,,,,,,,,,,,,,,,,,,,,,3,식품의약품안전처,70g,1200g,2020_DNSP_01731,해당없음,EL HORNO DEL ALBERGUE SL,해당없음,Y,724,스페인,2,수집,2020-06-30,2026-07-28 00:00:00
P120-104010400-1302,미니사각어묵(진공),P,가공식품,1,가공식품,20,수산가공식품류,20104,어묵,2000001,어육가공품류,200000104,어묵,00,해당없음,100g,210,,13.70,6.20,,24.90,1.70,,,,,,623,,,,,,,,,33.40,1.20,0.00,,,,,,,,,,,,,,,,,,,,,,,,,,,,,,,,,,,,,,,,,,,,,,,,,,,,,,,,,,,,,,,,,,,,,,,,,,,,,,,,,,,,,,,,,,,,,,,,,,,,,,,,,,,,,,,3,식품의약품안전처,30g,70g,20120149086209,(주)부산식품,해당없음,해당없음,N,,해당없음,2,수집,2025-04-17,2026-07-28 00:00:00
P101-405000400-0748,미니딸기샌드,P,가공식품,1,가공식품,01,과자류·빵류 또는 떡류,01405,기타 빵,0100000,해당없음,010000004,빵류,00,해당없음,100g,330,,7.00,10.00,,53.00,11.00,,,,,,460,,,,,,,,,0.00,6.00,0.30,,,,,,,,,,,,,,,,,,,,,,,,,,,,,,,,,,,,,,,,,,,,,,,,,,,,,,,,,,,,,,,,,,,,,,,,,,,,,,,,,,,,,,,,,,,,,,,,,,,,,,,,,,,,,,,3,식품의약품안전처,70g,100g,20070156181984/20070156181984/20070156181984,롯데제과(주),해당없음,해당없음,N,,해당없음,2,수집,2021-06-30,2026-07-28 00:00:00
P103-102020500-2885,미니 초코 와퍼콘 (#150965),P,가공식품,1,가공식품,03,코코아가공품류 또는 초콜릿류,03102,초콜릿과자,0300002,초콜릿류,030000205,초콜릿가공품,00,해당없음,100g,491,,7.00,23.00,,64.00,42.00,,,,,,120,,,,,,,,,10.00,14.00,0.00,,,,,,,,,,,,,,,,,,,,,,,,,,,,,,,,,,,,,,,,,,,,,,,,,,,,,,,,,,,,,,,,,,,,,,,,,,,,,,,,,,,,,,,,,,,,,,,,,,,,,,,,,,,,,,,3,식품의약품안전처,30g,397g,24TH02X00D2,IN-SEASON FOODS LTD,(주)코스트코코리아,해당없음,Y,764,태국,2,수집,2024-01-29,2026-07-28 00:00:00
P104-101010200-0021,미뉴트빠삐용 시나몬 슈가,P,가공식품,1,가공식품,04,당류,04101,설탕,0400001,설탕류,040000102,기타설탕,00,해당없음,100g,400,,0.00,0.00,,99.00,99.00,,,,,,0,,,,,,,,,0.00,0.00,0.00,,,,,,,,,,,,,,,,,,,,,,,,,,,,,,,,,,,,,,,,,,,,,,,,,,,,,,,,,,,,,,,,,,,,,,,,,,,,,,,,,,,,,,,,,,,,,,,,,,,,,,,,,,,,,,,3,식품의약품안전처,5g,1000g,20120275181262,서바나 도나쓰,해당없음,해당없음,N,,해당없음,2,수집,2026-06-02,2026-07-28 00:00:00
P113-206020400-2938,물회육수,P,가공식품,1,가공식품,13,조미식품,13206,기타 소스류,1300002,소스류,130000204,소스,00,해당없음,100g,105,,1.00,1.00,,22.00,11.00,,,,,,740,,,,,,,,,0.00,0.10,0.00,,,,,,,,,,,,,,,,,,,,,,,,,,,,,,,,,,,,,,,,,,,,,,,,,,,,,,,,,,,,,,,,,,,,,,,,,,,,,,,,,,,,,,,,,,,,,,,,,,,,,,,,,,,,,,,3,식품의약품안전처,"드레싱 15g, 덮밥소스 165g",300g,19920372190554,주식회사움트리,해당없음,해당없음,N,,해당없음,2,수집,2025-02-20,2026-07-28 00:00:00
P123-203020200-3145,묵은지참치김밥,P,가공식품,1,가공식품,23,즉석식품류,23203,주먹밥/김밥/초밥,2300002,즉석섭취·편의식품류,230000202,즉석섭취식품,00,해당없음,100g,148,,5.38,4.04,,21.97,3.14,,,,,,467,,,,,,,,,14.80,0.90,0.00,,,,,,,,,,,,,,,,,,,,,,,,,,,,,,,,,,,,,,,,,,,,,,,,,,,,,,,,,,,,,,,,,,,,,,,,,,,,,,,,,,,,,,,,,,,,,,,,,,,,,,,,,,,,,,,3,식품의약품안전처,210g,223g,20240702932295,삼성웰스토리CentralKitchen아산,해당없음,해당없음,N,,해당없음,2,수집,2025-10-03,2026-07-28 00:00:00
P101-435000400-0230,무화과 휘낭시에,P,가공식품,1,가공식품,01,과자류·빵류 또는 떡류,01435,휘낭시에,0100000,해당없음,010000004,빵류,00,해당없음,100g,452,,6.00,30.00,,38.00,26.00,,,,,,38,,,,,,,,,60.00,17.00,1.00,,,,,,,,,,,,,,,,,,,,,,,,,,,,,,,,,,,,,,,,,,,,,,,,,,,,,,,,,,,,,,,,,,,,,,,,,,,,,,,,,,,,,,,,,,,,,,,,,,,,,,,,,,,,,,,3,식품의약품안전처,70g,30g,20220103861130,(주)아프로푸드,해당없음,해당없음,N,,해당없음,2,수집,2024-08-05,2026-07-28 00:00:00
P109-102010200-0717,무주천마 명품고,P,가공식품,1,가공식품,09,음료류,09102,액상차,0900001,다류,090000102,액상차,00,해당없음,100g,270,,1.52,0.07,,65.72,9.53,,,,,,6,,,,,,,,,0.00,0.04,0.00,,,,,,,,,,,,,,,,,,,,,,,,,,,,,,,,,,,,,,,,,,,,,,,,,,,,,,,,,,,,,,,,,,,,,,,,,,,,,,,,,,,,,,,,,,,,,,,,,,,,,,,,,,,,,,,3,식품의약품안전처,200ml,800g,20020496004146,무주덕유산반딧골영농조합법인,해당없음,해당없음,N,,해당없음,2,수집,2023-12-22,2026-07-28 00:00:00
P109-601060100-0031,무밈소미노,P,가공식품,1,가공식품,09,음료류,09601,유산균음료,0900006,발효음료류,090000601,유산균음료,00,해당없음,100ml,38,,0.00,0.75,,8.75,7.50,,,,,,38,,,,,,,,,0.00,0.75,0.00,,,,,,,,,,,,,,,,,,,,,,,,,,,,,,,,,,,,,,,,,,,,,,,,,,,,,,,,,,,,,,,,,,,,,,,,,,,,,,,,,,,,,,,,,,,,,,,,,,,,,,,,,,,,,,,3,식품의약품안전처,100ml,80ml,2010014116426,유한회사소미노,해당없음,해당없음,N,,해당없음,2,수집,2021-06-30,2026-07-28 00:00:00
P108-002000100-0048,무궁화반점 생 중화면,P,가공식품,1,가공식품,08,면류,08002,기타면,0800000,해당없음,080000001,생면,00,해당없음,100g,261,,6.50,0.65,,57.50,4.10,,,,,,400,,,,,,,,,0.00,0.15,0.00,,,,,,,,,,,,,,,,,,,,,,,,,,,,,,,,,,,,,,,,,,,,,,,,,,,,,,,,,,,,,,,,,,,,,,,,,,,,,,,,,,,,,,,,,,,,,,,,,,,,,,,,,,,,,,,3,식품의약품안전처,,1000g,202405546792,(주)김포제면소,해당없음,해당없음,N,,해당없음,2,수집,2024-08-28,2026-07-28 00:00:00
P120-200020200-0753,몽미당 요리용 분란 명란젓,P,가공식품,1,가공식품,20,수산가공식품류,20200,젓갈/액젓,2000002,젓갈류,200000202,양념젓갈,00,해당없음,100g,117,,20.00,2.00,,6.00,2.00,,,,,,1320,,,,,,,,,225.00,0.00,0.00,,,,,,,,,,,,,,,,,,,,,,,,,,,,,,,,,,,,,,,,,,,,,,,,,,,,,,,,,,,,,,,,,,,,,,,,,,,,,,,,,,,,,,,,,,,,,,,,,,,,,,,,,,,,,,,3,식품의약품안전처,,100g,2024060740641,주식회사 웰메이드웰니스,해당없음,해당없음,N,,해당없음,2,수집,2026-02-19,2026-07-28 00:00:00
P103-101020500-0332,몰티저스,P,가공식품,1,가공식품,03,코코아가공품류 또는 초콜릿류,03101,초콜릿,0300002,초콜릿류,030000205,초콜릿가공품,00,해당없음,100g,503,,8.00,25.00,,62.00,53.00,,,,,,410,,,,,,,,,0.00,15.00,0.00,,,,,,,,,,,,,,,,,,,,,,,,,,,,,,,,,,,,,,,,,,,,,,,,,,,,,,,,,,,,,,,,,,,,,,,,,,,,,,,,,,,,,,,,,,,,,,,,,,,,,,,,,,,,,,,3,식품의약품안전처,15g,440g,2021_DNSP_00986,해당없음,MARS NEDERLAND B.V.,해당없음,Y,528,네덜란드,2,수집,2021-06-30,2026-07-28 00:00:00
P118-100010700-0169,목초를 먹여 건강하게 낳은 메추리알,P,가공식품,1,가공식품,18,알가공품류,18100,달걀/메추리알,1800001,알가공품(축산물가공품),180000107,알가열제품,00,해당없음,100g,153,,12.33,10.78,,1.89,0.11,,,,,,144,,,,,,,,,442.22,4.22,0.00,,,,,,,,,,,,,,,,,,,,,,,,,,,,,,,,,,,,,,,,,,,,,,,,,,,,,,,,,,,,,,,,,,,,,,,,,,,,,,,,,,,,,,,,,,,,,,,,,,,,,,,,,,,,,,,3,식품의약품안전처,50g,900g,2004044800349,후래쉬애그푸드주식회사농업회사법인,해당없음,해당없음,N,,해당없음,2,수집,2024-03-18,2026-07-28 00:00:00
P101-405000400-5548,모카초코큐브,P,가공식품,1,가공식품,01,과자류·빵류 또는 떡류,01405,기타 빵,0100000,해당없음,010000004,빵류,00,해당없음,100g,407,,5.44,27.18,,33.70,7.61,,,,,,202,,,,,,,,,45.65,3.59,0.65,,,,,,,,,,,,,,,,,,,,,,,,,,,,,,,,,,,,,,,,,,,,,,,,,,,,,,,,,,,,,,,,,,,,,,,,,,,,,,,,,,,,,,,,,,,,,,,,,,,,,,,,,,,,,,,3,식품의약품안전처,70g,92g,2019037884180,이츠웰코리아,해당없음,해당없음,N,,해당없음,2,수집,2024-10-21,2026-07-28 00:00:00
P123-226020200-0263,모짜펄 닭가슴살 미니샐러드,P,가공식품,1,가공식품,23,즉석식품류,23226,샐러드,2300002,즉석섭취·편의식품류,230000202,즉석섭취식품,00,해당없음,100g,93,,6.61,4.13,,7.44,3.31,,,,,,223,,,,,,,,,4.13,1.65,0.00,,,,,,,,,,,,,,,,,,,,,,,,,,,,,,,,,,,,,,,,,,,,,,,,,,,,,,,,,,,,,,,,,,,,,,,,,,,,,,,,,,,,,,,,,,,,,,,,,,,,,,,,,,,,,,,3,식품의약품안전처,,121g,20170415080797,주식회사 에스피씨삼립 청주공장,해당없음,해당없음,N,,해당없음,2,수집,2022-12-29,2026-07-28 00:00:00
P108-011000200-0211,모아사누끼우동,P,가공식품,1,가공식품,08,면류,08011,우동면,0800000,해당없음,080000002,숙면,00,해당없음,100g,136,,2.75,0.30,,30.50,0.41,,,,,,256,,,,,,,,,0.00,0.06,0.00,,,,,,,,,,,,,,,,,,,,,,,,,,,,,,,,,,,,,,,,,,,,,,,,,,,,,,,,,,,,,,,,,,,,,,,,,,,,,,,,,,,,,,,,,,,,,,,,,,,,,,,,,,,,,,,3,식품의약품안전처,"생·숙면 200g, 건면 100g, 당면 30g, 유탕면(봉지)120g, 유탕면(용기)80g",1150g,20100473135197,천일식품(주)홍성공장,해당없음,해당없음,N,,해당없음,2,수집,2024-11-27,2026-07-28 00:00:00
P104-701070000-0266,모로오렌지맥스 정,P,가공식품,1,가공식품,04,당류,04701,당류가공품,0400007,당류가공품,040000700,해당없음,00,해당없음,100g,358,,0.52,0.54,,87.65,26.62,,,,,,11,,,,,,,,,0.00,0.52,0.00,,,,,,,,,,,,,,,,,,,,,,,,,,,,,,,,,,,,,,,,,,,,,,,,,,,,,,,,,,,,,,,,,,,,,,,,,,,,,,,,,,,,,,,,,,,,,,,,,,,,,,,,,,,,,,,3,식품의약품안전처,,108g,20180442747806,(주)원네스팜,해당없음,해당없음,N,,해당없음,2,수집,2023-12-15,2026-07-28 00:00:00
P120-104010400-0976,모둠꼬치어묵,P,가공식품,1,가공식품,20,수산가공식품류,20104,어묵,2000001,어육가공품류,200000104,어묵,00,해당없음,100g,166,,12.20,1.90,,26.10,4.80,,,,,,687,,,,,,,,,17.20,0.40,0.00,,,,,,,,,,,,,,,,,,,,,,,,,,,,,,,,,,,,,,,,,,,,,,,,,,,,,,,,,,,,,,,,,,,,,,,,,,,,,,,,,,,,,,,,,,,,,,,,,,,,,,,,,,,,,,,3,식품의약품안전처,30g,100g,20040149167438,부산대원식품주식회사,해당없음,해당없음,N,,해당없음,2,수집,2024-09-05,2026-07-28 00:00:00
P101-207000200-0488,모니카 락토페린6300,P,가공식품,1,가공식품,01,과자류·빵류 또는 떡류,01207,기타 사탕,0100000,해당없음,010000002,캔디류,00,해당없음,100g,403,,13.33,5.67,,73.33,30.00,,,,,,83,,,,,,,,,10.00,2.67,0.00,,,,,,,,,,,,,,,,,,,,,,,,,,,,,,,,,,,,,,,,,,,,,,,,,,,,,,,,,,,,,,,,,,,,,,,,,,,,,,,,,,,,,,,,,,,,,,,,,,,,,,,,,,,,,,,3,식품의약품안전처,10g,30g,20110163089432,한국네츄럴팜,해당없음,해당없음,N,,해당없음,2,수집,2024-03-28,2026-07-28 00:00:00
P120-301030100-0622,명품오족,P,가공식품,1,가공식품,20,수산가공식품류,20301,조미건어포,2000003,건포류,200000301,조미건어포,00,해당없음,100g,220,,41.20,2.90,,7.20,7.10,,,,,,376,,,,,,,,,554.10,0.60,0.00,,,,,,,,,,,,,,,,,,,,,,,,,,,,,,,,,,,,,,,,,,,,,,,,,,,,,,,,,,,,,,,,,,,,,,,,,,,,,,,,,,,,,,,,,,,,,,,,,,,,,,,,,,,,,,,3,식품의약품안전처,15g,100g,201203862761,믿음식품,해당없음,해당없음,N,,해당없음,2,수집,2025-12-30,2026-07-28 00:00:00
P101-408000400-0035,명장카스테라,P,가공식품,1,가공식품,01,과자류·빵류 또는 떡류,01408,카스텔라,0100000,해당없음,010000004,빵류,00,해당없음,100g,295,,7.00,4.80,,56.00,41.00,,,,,,78,,,,,,,,,198.00,1.80,0.00,,,,,,,,,,,,,,,,,,,,,,,,,,,,,,,,,,,,,,,,,,,,,,,,,,,,,,,,,,,,,,,,,,,,,,,,,,,,,,,,,,,,,,,,,,,,,,,,,,,,,,,,,,,,,,,3,식품의약품안전처,70g,320g,2015020034989,(주)안스,해당없음,해당없음,N,,해당없음,2,수집,2021-06-30,2026-07-28 00:00:00
P114-400020100-2790,명륜진사 양념고추,P,가공식품,1,가공식품,14,절임류 또는 조림류,14400,절임식품,1400002,절임류,140000201,절임식품,00,해당없음,100g,98,,1.90,0.00,,22.70,6.80,,,,,,2174,,,,,,,,,0.00,0.00,0.00,,,,,,,,,,,,,,,,,,,,,,,,,,,,,,,,,,,,,,,,,,,,,,,,,,,,,,,,,,,,,,,,,,,,,,,,,,,,,,,,,,,,,,,,,,,,,,,,,,,,,,,,,,,,,,,3,식품의약품안전처,25g,5000g,26CN1AK00D3,"QINGDAO RONGDE FOOD CO.,  LTD",(주)명륜당물산,해당없음,Y,156,중국,2,수집,2026-03-03,2026-07-28 00:00:00
P101-501000500-4434,명가 찹쌀떡,P,가공식품,1,가공식품,01,과자류·빵류 또는 떡류,01501,떡,0100000,해당없음,010000005,떡류,00,해당없음,100g,288,,2.00,0.20,,70.00,36.00,,,,,,220,,,,,,,,,0.00,0.00,0.00,,,,,,,,,,,,,,,,,,,,,,,,,,,,,,,,,,,,,,,,,,,,,,,,,,,,,,,,,,,,,,,,,,,,,,,,,,,,,,,,,,,,,,,,,,,,,,,,,,,,,,,,,,,,,,,3,식품의약품안전처,100g,50g,200403064181153,에스피엘주식회사,해당없음,해당없음,N,,해당없음,2,수집,2026-01-27,2026-07-28 00:00:00
P108-011000200-0038,면사랑 우동면사리,P,가공식품,1,가공식품,08,면류,08011,우동면,0800000,해당없음,080000002,숙면,00,해당없음,100g,153,,3.16,0.00,,34.74,0.39,,,,,,300,,,,,,,,,0.00,0.00,0.00,,,,,,,,,,,,,,,,,,,,,,,,,,,,,,,,,,,,,,,,,,,,,,,,,,,,,,,,,,,,,,,,,,,,,,,,,,,,,,,,,,,,,,,,,,,,,,,,,,,,,,,,,,,,,,,3,식품의약품안전처,"생·숙면 200g, 건면 100g, 당면 30g, 유탕면(봉지)120g, 유탕면(용기)80g",190g,	19930443028718,㈜면사랑,해당없음,㈜오뚜기,N,,해당없음,2,수집,2022-12-29,2026-07-28 00:00:00
P102-301030000-0088,멜로라인바닐라향함유,P,가공식품,1,가공식품,02,빙과류,02301,빙과,0200003,빙과,020000300,해당없음,00,해당없음,100g,155,,1.00,6.00,,23.00,13.00,,,,,,60,,,,,,,,,5.00,6.00,0.00,,,,,,,,,,,,,,,,,,,,,,,,,,,,,,,,,,,,,,,,,,,,,,,,,,,,,,,,,,,,,,,,,,,,,,,,,,,,,,,,,,,,,,,,,,,,,,,,,,,,,,,,,,,,,,,3,식품의약품안전처,100g(ml),5000g,2003044504039,(주)라벤다,해당없음,해당없음,N,,해당없음,2,수집,2021-06-30,2026-07-28 00:00:00
P116-302030200-1426,메타몽의 데일리너츠포유 베리굿,P,가공식품,1,가공식품,16,농산가공식품류,16302,견과류,1600003,땅콩 또는 견과류가공품류,160000302,땅콩 또는 견과류가공품,00,해당없음,100g,619,,18.97,48.73,,26.36,9.46,,,,,,6,,,,,,,,,0.00,5.67,0.05,,,,,,,,,,,,,,,,,,,,,,,,,,,,,,,,,,,,,,,,,,,,,,,,,,,,,,,,,,,,,,,,,,,,,,,,,,,,,,,,,,,,,,,,,,,,,,,,,,,,,,,,,,,,,,,3,식품의약품안전처,10g,100g,20170255571138,세계식품주식회사,해당없음,해당없음,N,,해당없음,2,수집,2025-09-05,2026-07-28 00:00:00
P102-103010300-1054,메이플 바닐라,P,가공식품,1,가공식품,02,빙과류,02103,아이스밀크,0200001,아이스크림류(축산물가공품),020000103,아이스밀크,00,해당없음,100g,164,,13.03,2.69,,22.00,16.61,,,,,,57,,,,,,,,,44.31,1.55,0.00,,,,,,,,,,,,,,,,,,,,,,,,,,,,,,,,,,,,,,,,,,,,,,,,,,,,,,,,,,,,,,,,,,,,,,,,,,,,,,,,,,,,,,,,,,,,,,,,,,,,,,,,,,,,,,,3,식품의약품안전처,100ml,4000g,202508220154,멜티코,해당없음,해당없음,N,,해당없음,2,수집,2025-09-01,2026-07-28 00:00:00
P116-705070200-2711,메밀가루(조은B),P,가공식품,1,가공식품,16,농산가공식품류,16705,기타 농산가공품,1600007,기타 농산가공품류,160000702,곡류가공품,00,해당없음,100g,353,,12.00,2.70,,72.00,0.00,,,,,,8,,,,,,,,,0.00,0.60,0.00,,,,,,,,,,,,,,,,,,,,,,,,,,,,,,,,,,,,,,,,,,,,,,,,,,,,,,,,,,,,,,,,,,,,,,,,,,,,,,,,,,,,,,,,,,,,,,,,,,,,,,,,,,,,,,,3,식품의약품안전처,,20000g,2001040401511,조은제분산업사,해당없음,해당없음,N,,해당없음,2,수집,2026-04-13,2026-07-28 00:00:00
P111-000010200-0015,메디웰 RTH 당뇨식,P,가공식품,1,가공식품,11,특수의료용도식품,11000,환자용 식품,1100001,표준형 영양조제식품,110000102,당뇨환자용 영양조제식품,00,해당없음,100ml,100,,5.00,4.50,,11.10,1.00,2.4,80,1.20,70,160,95,100,,,0.180,0.200,1.000,15.00,1.00,0.00,0.50,0.00,,,,,,,,,,,,,,,,,,,,,,,,,,,,,,,,,,,,,,,,,,,,,,,,,,,,,,,,,,,,,,,,,,,,,,,,,,,,,,,,,,,,,,,,,,,,,,,,,,,,,,,,,,,,,,,3,식품의약품안전처,,300ml,20060396013180,주식회사 대웅생명과학,해당없음,해당없음,N,,해당없음,2,수집,2022-12-29,2026-07-28 00:00:00
P101-426000400-0065,멀티그레인소금빵,P,가공식품,1,가공식품,01,과자류·빵류 또는 떡류,01426,소금빵,0100000,해당없음,010000004,빵류,00,해당없음,100g,405,,6.66,19.08,,51.62,3.02,,,,,,677,,,,,,,,,56.73,9.12,0.92,,,,,,,,,,,,,,,,,,,,,,,,,,,,,,,,,,,,,,,,,,,,,,,,,,,,,,,,,,,,,,,,,,,,,,,,,,,,,,,,,,,,,,,,,,,,,,,,,,,,,,,,,,,,,,,3,식품의약품안전처,70g,50g,20000294072129,부천혜림직업재활시설,해당없음,해당없음,N,,해당없음,2,수집,2024-07-10,2026-07-28 00:00:00
P114-400020100-0343,먹기편한 간장게장,P,가공식품,1,가공식품,14,절임류 또는 조림류,14400,절임식품,1400002,절임류,140000201,절임식품,00,해당없음,100g,50,,8.76,0.38,,2.93,1.50,,,,,,1018,,,,,,,,,50.85,0.15,0.00,,,,,,,,,,,,,,,,,,,,,,,,,,,,,,,,,,,,,,,,,,,,,,,,,,,,,,,,,,,,,,,,,,,,,,,,,,,,,,,,,,,,,,,,,,,,,,,,,,,,,,,,,,,,,,,3,식품의약품안전처,25g,600g,2009047502571,어업회사법인에코푸드코리아(주),해당없음,해당없음,N,,해당없음,2,수집,2024-04-03,2026-07-28 00:00:00
P113-204020100-0023,맵탱 큰컵 흑후추소고기라면 분말스프,P,가공식품,1,가공식품,13,조미식품,13204,분말스프,1300002,소스류,130000201,복합조미식품,00,해당없음,100g,423,,7.27,13.64,,68.18,1.82,,,,,,1609,,,,,,,,,0.00,6.36,0.00,,,,,,,,,,,,,,,,,,,,,,,,,,,,,,,,,,,,,,,,,,,,,,,,,,,,,,,,,,,,,,,,,,,,,,,,,,,,,,,,,,,,,,,,,,,,,,,,,,,,,,,,,,,,,,,3,식품의약품안전처,,110g,198803831272493,삼양식품(주)원주공장,해당없음,해당없음,N,,해당없음,2,수집,2023-12-22,2026-07-28 00:00:00
P117-501050100-2951,맥시칸 갈릭양념 봉,P,가공식품,1,가공식품,17,식육가공품 및 포장육,17501,양념육,1700005,양념육류(축산물가공품),170000501,양념육,00,해당없음,100g,275,,17.00,15.00,,18.00,6.00,,,,,,910,,,,,,,,,60.00,5.00,0.00,,,,,,,,,,,,,,,,,,,,,,,,,,,,,,,,,,,,,,,,,,,,,,,,,,,,,,,,,,,,,,,,,,,,,,,,,,,,,,,,,,,,,,,,,,,,,,,,,,,,,,,,,,,,,,,3,식품의약품안전처,100g,300g,20200480040172,(주)하림산업함열식품1공장,해당없음,해당없음,N,,해당없음,2,수집,2025-04-10,2026-07-28 00:00:00
P111-000030300-0114,매콤코다리조림 세트,P,가공식품,1,가공식품,11,특수의료용도식품,11000,환자용 식품,1100003,식단형 식사관리식품,110000303,암환자용 식단형 식품,00,해당없음,100g,123,,6.63,1.99,,19.61,1.65,,,,,,167,,,,,,,,,17.62,0.25,0.00,,,,,,,,,,,,,,,,,,,,,,,,,,,,,,,,,,,,,,,,,,,,,,,,,,,,,,,,,,,,,,,,,,,,,,,,,,,,,,,,,,,,,,,,,,,,,,,,,,,,,,,,,,,,,,,3,식품의약품안전처,,407g,201902803274869,(주)현대그린푸드 스마트푸드센터,해당없음,해당없음,N,,해당없음,2,수집,2026-04-29,2026-07-28 00:00:00
P120-301030200-0128,매콤빠삭먹태,P,가공식품,1,가공식품,20,수산가공식품류,20301,조미건어포,2000003,건포류,200000302,건어포,00,해당없음,100g,334,,58.57,2.86,,17.14,0.00,,,,,,470,,,,,,,,,342.86,0.57,0.00,,,,,,,,,,,,,,,,,,,,,,,,,,,,,,,,,,,,,,,,,,,,,,,,,,,,,,,,,,,,,,,,,,,,,,,,,,,,,,,,,,,,,,,,,,,,,,,,,,,,,,,,,,,,,,,3,식품의약품안전처,15g,70g,2019056230191,주식회사 에이치지,해당없음,해당없음,N,,해당없음,2,수집,2026-05-18,2026-07-28 00:00:00
P101-405000400-2986,매콤고구마피자빵,P,가공식품,1,가공식품,01,과자류·빵류 또는 떡류,01405,기타 빵,0100000,해당없음,010000004,빵류,00,해당없음,100g,273,,7.60,7.30,,44.10,6.40,,,,,,344,,,,,,,,,11.20,4.30,0.00,,,,,,,,,,,,,,,,,,,,,,,,,,,,,,,,,,,,,,,,,,,,,,,,,,,,,,,,,,,,,,,,,,,,,,,,,,,,,,,,,,,,,,,,,,,,,,,,,,,,,,,,,,,,,,,3,식품의약품안전처,70g,130g,19980320030505,(주)디엔비,해당없음,해당없음,N,,해당없음,2,수집,2023-12-22,2026-07-28 00:00:00
P112-004000700-0213,매일맛있고순한진간장,P,가공식품,1,가공식품,12,장류,12004,간장,1200000,해당없음,120000007,혼합간장,00,해당없음,100ml,50,,8.90,0.00,,3.60,2.10,,,,,,4930,,,,,,,,,0.00,0.00,0.00,,,,,,,,,,,,,,,,,,,,,,,,,,,,,,,,,,,,,,,,,,,,,,,,,,,,,,,,,,,,,,,,,,,,,,,,,,,,,,,,,,,,,,,,,,,,,,,,,,,,,,,,,,,,,,,3,식품의약품안전처,5ml,15000ml,1955050900116,매일식품주식회사,해당없음,해당없음,N,,해당없음,2,수집,2024-12-31,2026-07-28 00:00:00
P120-104010400-1468,매운꼬치어묵,P,가공식품,1,가공식품,20,수산가공식품류,20104,어묵,2000001,어육가공품류,200000104,어묵,00,해당없음,100g,223,,13.00,7.00,,27.00,5.00,,,,,,940,,,,,,,,,50.00,1.40,0.00,,,,,,,,,,,,,,,,,,,,,,,,,,,,,,,,,,,,,,,,,,,,,,,,,,,,,,,,,,,,,,,,,,,,,,,,,,,,,,,,,,,,,,,,,,,,,,,,,,,,,,,,,,,,,,,3,식품의약품안전처,30g,518g,19930606076538,(주)남부식품,해당없음,해당없음,N,,해당없음,2,수집,2025-07-31,2026-07-28 00:00:00
P109-102010200-2122,매머드 유자베이스,P,가공식품,1,가공식품,09,음료류,09102,액상차,0900001,다류,090000102,액상차,00,해당없음,100g,280,,0.00,0.00,,70.00,55.00,,,,,,25,,,,,,,,,0.00,0.00,0.00,,,,,,,,,,,,,,,,,,,,,,,,,,,,,,,,,,,,,,,,,,,,,,,,,,,,,,,,,,,,,,,,,,,,,,,,,,,,,,,,,,,,,,,,,,,,,,,,,,,,,,,,,,,,,,,3,식품의약품안전처,200ml,2000g,20090368047250,주식회사파낙스코리아,해당없음,해당없음,N,,해당없음,2,수집,2024-09-26,2026-07-28 00:00:00
P102-103010300-0732,망고요거트 콘,P,가공식품,1,가공식품,02,빙과류,02103,아이스밀크,0200001,아이스크림류(축산물가공품),020000103,아이스밀크,00,해당없음,100ml,157,,2.00,5.33,,25.34,14.67,,,,,,37,,,,,,,,,2.27,3.33,0.00,,,,,,,,,,,,,,,,,,,,,,,,,,,,,,,,,,,,,,,,,,,,,,,,,,,,,,,,,,,,,,,,,,,,,,,,,,,,,,,,,,,,,,,,,,,,,,,,,,,,,,,,,,,,,,,3,식품의약품안전처,100ml,150ml,19960502004194,서주푸드(주),해당없음,해당없음,N,,해당없음,2,수집,2024-11-28,2026-07-28 00:00:00
P109-802080200-2609,망고 스무디,P,가공식품,1,가공식품,09,음료류,09802,농축음료/베이스,0900008,기타음료,090000802,음료베이스,00,해당없음,100ml,178,,0.41,0.00,,44.00,36.00,,,,,,7,,,,,,,,,0.00,0.00,0.00,,,,,,,,,,,,,,,,,,,,,,,,,,,,,,,,,,,,,,,,,,,,,,,,,,,,,,,,,,,,,,,,,,,,,,,,,,,,,,,,,,,,,,,,,,,,,,,,,,,,,,,,,,,,,,,3,식품의약품안전처,150ml,1000ml,25VN0MS00D1,PHU THINH FOOD PROCESSING EXPORT JOINT STOCK COMPANY,지에스씨인터내셔날(주),해당없음,Y,704,베트남,2,수집,2025-04-14,2026-07-28 00:00:00
P123-213020200-0589,맛장우도시락고추장불백,P,가공식품,1,가공식품,23,즉석식품류,23213,도시락,2300002,즉석섭취·편의식품류,230000202,즉석섭취식품,00,해당없음,100g,197,,6.19,9.18,,22.36,4.59,,,,,,333,,,,,,,,,39.92,2.00,0.10,,,,,,,,,,,,,,,,,,,,,,,,,,,,,,,,,,,,,,,,,,,,,,,,,,,,,,,,,,,,,,,,,,,,,,,,,,,,,,,,,,,,,,,,,,,,,,,,,,,,,,,,,,,,,,,3,식품의약품안전처,1식,501g,200206143692766,롯데후레쉬델리카제3호 주식회사,해당없음,해당없음,N,,해당없음,2,수집,2024-04-09,2026-07-28 00:00:00
P101-407000400-0089,맛있는모닝토스트식빵,P,가공식품,1,가공식품,01,과자류·빵류 또는 떡류,01407,식빵,0100000,해당없음,010000004,빵류,00,해당없음,100g,275,,8.00,5.00,,50.00,5.00,,,,,,560,,,,,,,,,3.00,2.20,0.00,,,,,,,,,,,,,,,,,,,,,,,,,,,,,,,,,,,,,,,,,,,,,,,,,,,,,,,,,,,,,,,,,,,,,,,,,,,,,,,,,,,,,,,,,,,,,,,,,,,,,,,,,,,,,,,3,식품의약품안전처,70g,270g,2010046607013,(주)아워홈,해당없음,해당없음,N,,해당없음,2,수집,2021-06-30,2026-07-28 00:00:00
P123-201020300-1367,맛있는 불닭철판 볶음밥_용기,P,가공식품,1,가공식품,23,즉석식품류,23201,밥류,2300002,즉석섭취·편의식품류,230000203,즉석조리식품,00,해당없음,100g,187,,5.65,4.35,,31.30,0.33,,,,,,352,,,,,,,,,30.43,0.65,0.00,,,,,,,,,,,,,,,,,,,,,,,,,,,,,,,,,,,,,,,,,,,,,,,,,,,,,,,,,,,,,,,,,,,,,,,,,,,,,,,,,,,,,,,,,,,,,,,,,,,,,,,,,,,,,,,3,식품의약품안전처,210g,230g,20040355580141,오뚜기냉동식품주식회사,해당없음,주식회사 오뚜기,N,,해당없음,2,수집,2022-12-29,2026-07-28 00:00:00
P123-216020200-0101,맛없없크림치킨&어니언,P,가공식품,1,가공식품,23,즉석식품류,23216,치킨,2300002,즉석섭취·편의식품류,230000202,즉석섭취식품,00,해당없음,100g,378,,11.57,26.49,,23.45,8.87,,,,,,557,,,,,,,,,31.33,4.74,0.19,,,,,,,,,,,,,,,,,,,,,,,,,,,,,,,,,,,,,,,,,,,,,,,,,,,,,,,,,,,,,,,,,,,,,,,,,,,,,,,,,,,,,,,,,,,,,,,,,,,,,,,,,,,,,,,3,식품의약품안전처,,343g,200804940611250,(주)비지에프푸드전북,해당없음,해당없음,N,,해당없음,2,수집,2025-04-09,2026-07-28 00:00:00
P113-201020100-0187,맛난 콩나물해장국스프,P,가공식품,1,가공식품,13,조미식품,13201,복합조미식품,1300002,소스류,130000201,복합조미식품,00,해당없음,100g,237,,23.00,5.00,,25.00,6.00,,,,,,1488,,,,,,,,,17.00,2.00,0.00,,,,,,,,,,,,,,,,,,,,,,,,,,,,,,,,,,,,,,,,,,,,,,,,,,,,,,,,,,,,,,,,,,,,,,,,,,,,,,,,,,,,,,,,,,,,,,,,,,,,,,,,,,,,,,,3,식품의약품안전처,,300g,2011016886471,복만네,해당없음,해당없음,N,,해당없음,2,수집,2024-12-20,2026-07-28 00:00:00
P117-501050100-1257,맘에든 순살 양념육(브라질산),P,가공식품,1,가공식품,17,식육가공품 및 포장육,17501,양념육,1700005,양념육류(축산물가공품),170000501,양념육,00,해당없음,100g,170,,20.00,6.00,,4.00,2.00,,,,,,130,,,,,,,,,70.00,0.00,0.00,,,,,,,,,,,,,,,,,,,,,,,,,,,,,,,,,,,,,,,,,,,,,,,,,,,,,,,,,,,,,,,,,,,,,,,,,,,,,,,,,,,,,,,,,,,,,,,,,,,,,,,,,,,,,,,3,식품의약품안전처,100g,1000g,202306750072,유한회사 맘에든,해당없음,해당없음,N,,해당없음,2,수집,2024-04-16,2026-07-28 00:00:00
P107-110011000-0072,맑은 해바라기유,P,가공식품,1,가공식품,07,식용유지류,07110,해바라기씨유,0700001,식물성유지류,070000110,해바라기유,00,해당없음,100g,5,,0.00,0.61,,0.00,0.00,,,,,,0,,,,,,,,,0.00,0.04,0.00,,,,,,,,,,,,,,,,,,,,,,,,,,,,,,,,,,,,,,,,,,,,,,,,,,,,,,,,,,,,,,,,,,,,,,,,,,,,,,,,,,,,,,,,,,,,,,,,,,,,,,,,,,,,,,,3,식품의약품안전처,5g(ml),16500g,2024046630517,주)푸드드라이,해당없음,해당없음,N,,해당없음,2,수집,2025-05-20,2026-07-28 00:00:00
P101-404000400-0174,말차베이글,P,가공식품,1,가공식품,01,과자류·빵류 또는 떡류,01404,베이글,0100000,해당없음,010000004,빵류,00,해당없음,100g,305,,10.00,3.70,,58.00,13.00,,,,,,463,,,,,,,,,48.00,2.20,0.00,,,,,,,,,,,,,,,,,,,,,,,,,,,,,,,,,,,,,,,,,,,,,,,,,,,,,,,,,,,,,,,,,,,,,,,,,,,,,,,,,,,,,,,,,,,,,,,,,,,,,,,,,,,,,,,3,식품의약품안전처,70g,600g,20120275156208,(주)비씨2000,해당없음,해당없음,N,,해당없음,2,수집,2023-12-22,2026-07-28 00:00:00
P106-004000400-0191,말이 곤약,P,가공식품,1,가공식품,06,두부류 또는 묵류,06004,묵,0600000,해당없음,060000004,묵류,00,해당없음,100g,20,,0.00,0.00,,4.90,0.00,,,,,,0,,,,,,,,,0.00,0.00,0.00,,,,,,,,,,,,,,,,,,,,,,,,,,,,,,,,,,,,,,,,,,,,,,,,,,,,,,,,,,,,,,,,,,,,,,,,,,,,,,,,,,,,,,,,,,,,,,,,,,,,,,,,,,,,,,,3,식품의약품안전처,80g,1200g,23CN4IS00D6,"SHANDONG MIN’AN FOOD CO.,LTD",혜성식품,해당없음,Y,156,중국,2,수집,2023-06-08,2026-07-28 00:00:00
P107-113011300-1864,만토바 엑스트라버진 올리브 오일 스프레이 200ml,P,가공식품,1,가공식품,07,식용유지류,07113,올리브유,0700001,식물성유지류,070000113,올리브유,00,해당없음,100ml,824,,0.00,91.50,,0.00,0.00,,,,,,0,,,,,,,,,0.00,13.00,0.00,,,,,,,,,,,,,,,,,,,,,,,,,,,,,,,,,,,,,,,,,,,,,,,,,,,,,,,,,,,,,,,,,,,,,,,,,,,,,,,,,,,,,,,,,,,,,,,,,,,,,,,,,,,,,,,3,식품의약품안전처,5g(ml),200ml,19IT10300D0,COMPAGNIA ALIMENTARE ITALIANA S.P.A.,마루티앤씨(주),해당없음,Y,380,이탈리아,2,수집,2026-03-05,2026-07-28 00:00:00
P113-206020400-7424,만능소스,P,가공식품,1,가공식품,13,조미식품,13206,기타 소스류,1300002,소스류,130000204,소스,00,해당없음,100g,212,,5.90,2.20,,42.20,24.60,,,,,,1642,,,,,,,,,1.20,0.80,0.00,,,,,,,,,,,,,,,,,,,,,,,,,,,,,,,,,,,,,,,,,,,,,,,,,,,,,,,,,,,,,,,,,,,,,,,,,,,,,,,,,,,,,,,,,,,,,,,,,,,,,,,,,,,,,,,3,식품의약품안전처,"드레싱 15g, 덮밥소스 165g",100g,2016039227899,속초명태촌,해당없음,해당없음,N,,해당없음,2,수집,2026-01-14,2026-07-28 00:00:00
P108-008000100-0004,마포생메밀맛국수,P,가공식품,1,가공식품,08,면류,08008,메밀국수/냉면국수,0800000,해당없음,080000001,생면,00,해당없음,100g,287,,8.40,1.80,,59.30,1.00,,,,,,292,,,,,,,,,0.00,0.00,0.00,,,,,,,,,,,,,,,,,,,,,,,,,,,,,,,,,,,,,,,,,,,,,,,,,,,,,,,,,,,,,,,,,,,,,,,,,,,,,,,,,,,,,,,,,,,,,,,,,,,,,,,,,,,,,,,3,식품의약품안전처,"생·숙면 200g, 건면 100g, 당면 30g, 유탕면(봉지)120g, 유탕면(용기)80g",450g,201706352593,㈜마포식품,해당없음,해당없음,N,,해당없음,2,수집,2022-12-29,2026-07-28 00:00:00
P101-205000200-0280,마카롱모양젤리망고,P,가공식품,1,가공식품,01,과자류·빵류 또는 떡류,01205,젤리,0100000,해당없음,010000002,캔디류,00,해당없음,100g,339,,3.21,0.00,,78.57,67.86,,,,,,0,,,,,,,,,0.00,0.00,0.00,,,,,,,,,,,,,,,,,,,,,,,,,,,,,,,,,,,,,,,,,,,,,,,,,,,,,,,,,,,,,,,,,,,,,,,,,,,,,,,,,,,,,,,,,,,,,,,,,,,,,,,,,,,,,,,3,식품의약품안전처,10g,28g,2010021109665,다이식품,해당없음,해당없음,N,,해당없음,2,수집,2021-06-30,2026-07-28 00:00:00
P101-106000100-0626,마차프린스쌀과자(두유맛),P,가공식품,1,가공식품,01,과자류·빵류 또는 떡류,01106,일반과자,0100000,해당없음,010000001,과자,00,해당없음,100g,588,,6.60,40.10,,50.10,10.00,,,,,,163,,,,,,,,,0.00,18.30,0.00,,,,,,,,,,,,,,,,,,,,,,,,,,,,,,,,,,,,,,,,,,,,,,,,,,,,,,,,,,,,,,,,,,,,,,,,,,,,,,,,,,,,,,,,,,,,,,,,,,,,,,,,,,,,,,,3,식품의약품안전처,30g,140g,2020_DNSP_01439,해당없음,"SAN SHU GONG FOOD CO., LTD.",해당없음,Y,158,대만,2,수집,2020-06-30,2026-07-28 00:00:00
P101-203000200-0282,마이츄밀크캔디수박향,P,가공식품,1,가공식품,01,과자류·빵류 또는 떡류,01203,사탕,0100000,해당없음,010000002,캔디류,00,해당없음,100g,420,,2.00,8.80,,83.20,35.00,,,,,,139,,,,,,,,,2.75,6.20,0.00,,,,,,,,,,,,,,,,,,,,,,,,,,,,,,,,,,,,,,,,,,,,,,,,,,,,,,,,,,,,,,,,,,,,,,,,,,,,,,,,,,,,,,,,,,,,,,,,,,,,,,,,,,,,,,,3,식품의약품안전처,10g,360g,2020_DNSP_01419,해당없음,"GUANGDONG HAOLIYUAN FOOD CO.,LTD.",해당없음,Y,156,중국,2,수집,2020-06-30,2026-07-28 00:00:00
P109-802080200-0352,마이그랑 딸기스무디,P,가공식품,1,가공식품,09,음료류,09802,농축음료/베이스,0900008,기타음료,090000802,음료베이스,00,해당없음,100g,223,,1.10,0.00,,54.00,53.00,,,,,,114,,,,,,,,,0.00,0.00,0.00,,,,,,,,,,,,,,,,,,,,,,,,,,,,,,,,,,,,,,,,,,,,,,,,,,,,,,,,,,,,,,,,,,,,,,,,,,,,,,,,,,,,,,,,,,,,,,,,,,,,,,,,,,,,,,,3,식품의약품안전처,150ml,100g,20090368428362,(주)스위트코리아,해당없음,해당없음,N,,해당없음,2,수집,2023-12-22,2026-07-28 00:00:00
P101-202000200-0142,마시멜로우 롤리팝 액션가면,P,가공식품,1,가공식품,01,과자류·빵류 또는 떡류,01202,마시멜로,0100000,해당없음,010000002,캔디류,00,해당없음,100g,357,,4.76,0.95,,83.33,73.81,,,,,,36,,,,,,,,,0.00,0.00,0.00,,,,,,,,,,,,,,,,,,,,,,,,,,,,,,,,,,,,,,,,,,,,,,,,,,,,,,,,,,,,,,,,,,,,,,,,,,,,,,,,,,,,,,,,,,,,,,,,,,,,,,,,,,,,,,,3,식품의약품안전처,10g,,22CN1S000D4,"HUBEI SWEET ELEMENT FOOD TECHNOLOGY CO., LTD",주식회사 에이트투인터네셔널,해당없음,Y,156,중국,2,수집,2023-12-31,2026-07-28 00:00:00
P101-205000200-0256,마스코바도생강젤리,P,가공식품,1,가공식품,01,과자류·빵류 또는 떡류,01205,젤리,0100000,해당없음,010000002,캔디류,00,해당없음,100g,417,,0.00,7.50,,83.33,16.67,,,,,,8,,,,,,,,,0.00,3.33,0.00,,,,,,,,,,,,,,,,,,,,,,,,,,,,,,,,,,,,,,,,,,,,,,,,,,,,,,,,,,,,,,,,,,,,,,,,,,,,,,,,,,,,,,,,,,,,,,,,,,,,,,,,,,,,,,,3,식품의약품안전처,10g,380g,2014035624116,달곰씨앤에프,해당없음,해당없음,N,,해당없음,2,수집,2021-06-30,2026-07-28 00:00:00
P117-800060000-1078,마마쿡 한우곰탕,P,가공식품,1,가공식품,17,식육가공품 및 포장육,17800,기타 식육가공품,1700006,식육추출가공품(축산물가공품),170000600,해당없음,00,해당없음,100g,22,,1.50,1.70,,0.00,0.00,,,,,,11,,,,,,,,,2.50,0.70,0.00,,,,,,,,,,,,,,,,,,,,,,,,,,,,,,,,,,,,,,,,,,,,,,,,,,,,,,,,,,,,,,,,,,,,,,,,,,,,,,,,,,,,,,,,,,,,,,,,,,,,,,,,,,,,,,,3,식품의약품안전처,,500g,20090448009327,(주)신성티엔에프,해당없음,해당없음,N,,해당없음,2,수집,2025-12-31,2026-07-28 00:00:00
P104-201070000-0373,마리브리자드 사탕수수 시럽,P,가공식품,1,가공식품,04,당류,04201,시럽,0400007,당류가공품,040000700,해당없음,00,해당없음,100ml,325,,0.50,0.50,,81.00,81.00,,,,,,50,,,,,,,,,0.00,0.10,0.00,,,,,,,,,,,,,,,,,,,,,,,,,,,,,,,,,,,,,,,,,,,,,,,,,,,,,,,,,,,,,,,,,,,,,,,,,,,,,,,,,,,,,,,,,,,,,,,,,,,,,,,,,,,,,,,3,식품의약품안전처,10g,700ml,23ESFP800D5,MARIE BRIZARD WINE & SPIRITS ESPANA S.A.,(주)아베,해당없음,Y,724,스페인,2,수집,2026-03-05,2026-07-28 00:00:00
P116-302030200-1287,마롱글라세 단밤,P,가공식품,1,가공식품,16,농산가공식품류,16302,견과류,1600003,땅콩 또는 견과류가공품류,160000302,땅콩 또는 견과류가공품,00,해당없음,100g,161,,2.00,1.00,,36.00,21.00,,,,,,10,,,,,,,,,0.00,0.00,,,,,,,,,,,,,,,,,,,,,,,,,,,,,,,,,,,,,,,,,,,,,,,,,,,,,,,,,,,,,,,,,,,,,,,,,,,,,,,,,,,,,,,,,,,,,,,,,,,,,,,,,,,,,,,,3,식품의약품안전처,10g,60g,25CN3X000D0,"TANGSHAN HUARIMEI FOODS CO,.LTD",(주)훼밀리인터내셔날,해당없음,Y,156,중국,2,수집,2025-07-30,2026-07-28 00:00:00
P123-204020300-0582,마라볶음면,P,가공식품,1,가공식품,23,즉석식품류,23204,즉석 면요리,2300002,즉석섭취·편의식품류,230000203,즉석조리식품,00,해당없음,100g,156,,2.65,5.30,,24.50,2.65,,,,,,391,,,,,,,,,0.00,0.99,0.00,,,,,,,,,,,,,,,,,,,,,,,,,,,,,,,,,,,,,,,,,,,,,,,,,,,,,,,,,,,,,,,,,,,,,,,,,,,,,,,,,,,,,,,,,,,,,,,,,,,,,,,,,,,,,,,3,식품의약품안전처,,302g,20060471148624,(주)우양,해당없음,해당없음,N,,해당없음,2,수집,2024-03-27,2026-07-28 00:00:00
P109-801080100-5989,마담주 단호박식혜,P,가공식품,1,가공식품,09,음료류,09801,액상음료,0900008,기타음료,090000801,혼합음료,00,해당없음,100ml,58,,0.31,0.06,,14.14,4.01,,,,,,0,,,,,,,,,0.00,0.02,0.00,,,,,,,,,,,,,,,,,,,,,,,,,,,,,,,,,,,,,,,,,,,,,,,,,,,,,,,,,,,,,,,,,,,,,,,,,,,,,,,,,,,,,,,,,,,,,,,,,,,,,,,,,,,,,,,3,식품의약품안전처,200ml,1000ml,2017049700232,농업회사법인 하오마을 유한회사,해당없음,해당없음,N,,해당없음,2,수집,2026-03-16,2026-07-28 00:00:00
P123-213020200-0112,마늘떡갈비세트,P,가공식품,1,가공식품,23,즉석식품류,23213,도시락,2300002,즉석섭취·편의식품류,230000202,즉석섭취식품,00,해당없음,100g,131,,5.63,4.41,,17.19,5.94,,,,,,141,,,,,,,,,5.63,0.38,0.00,,,,,,,,,,,,,,,,,,,,,,,,,,,,,,,,,,,,,,,,,,,,,,,,,,,,,,,,,,,,,,,,,,,,,,,,,,,,,,,,,,,,,,,,,,,,,,,,,,,,,,,,,,,,,,,3,식품의약품안전처,1식,320g,19880442004888,풀무원건강생활(주),해당없음,해당없음,N,,해당없음,2,수집,2020-06-30,2026-07-28 00:00:00
P112-010001000-0335,마 메이드 고추장,P,가공식품,1,가공식품,12,장류,12010,고추장,1200000,해당없음,120000010,고추장,00,해당없음,100g,215,,4.12,2.22,,44.67,22.19,,,,,,2503,,,,,,,,,0.00,0.26,0.00,,,,,,,,,,,,,,,,,,,,,,,,,,,,,,,,,,,,,,,,,,,,,,,,,,,,,,,,,,,,,,,,,,,,,,,,,,,,,,,,,,,,,,,,,,,,,,,,,,,,,,,,,,,,,,,3,식품의약품안전처,10g,100g,20070484339230,옹고집영농조합법인,해당없음,해당없음,N,,해당없음,2,수집,2024-12-16,2026-07-28 00:00:00
P109-202020000-0578,린저 골드클래식 커피믹스,P,가공식품,1,가공식품,09,음료류,09202,인스턴트커피,0900002,커피,090000200,해당없음,00,해당없음,100g,415,,2.83,6.99,,85.29,64.65,,,,,,18,,,,,,,,,0.00,6.93,0.00,,,,,,,,,,,,,,,,,,,,,,,,,,,,,,,,,,,,,,,,,,,,,,,,,,,,,,,,,,,,,,,,,,,,,,,,,,,,,,,,,,,,,,,,,,,,,,,,,,,,,,,,,,,,,,,3,식품의약품안전처,,1100g,199803643261217,(주)가배온,해당없음,해당없음,N,,해당없음,2,수집,2026-06-02,2026-07-28 00:00:00
P103-101020400-0058,리터요거트큐브,P,가공식품,1,가공식품,03,코코아가공품류 또는 초콜릿류,03101,초콜릿,0300002,초콜릿류,030000204,준초콜릿,00,해당없음,100g,590,,7.00,41.00,,48.00,48.00,,,,,,90,,,,,,,,,15.00,24.00,0.00,,,,,,,,,,,,,,,,,,,,,,,,,,,,,,,,,,,,,,,,,,,,,,,,,,,,,,,,,,,,,,,,,,,,,,,,,,,,,,,,,,,,,,,,,,,,,,,,,,,,,,,,,,,,,,,3,식품의약품안전처,15g,7440g,2021_DNSP_00818,해당없음,ALFRED RITTER GMBH & CO KG,해당없음,Y,276,독일,2,수집,2021-06-30,2026-07-28 00:00:00
P101-409000400-5484,리코타 에 페레 케이크,P,가공식품,1,가공식품,01,과자류·빵류 또는 떡류,01409,케이크,0100000,해당없음,010000004,빵류,00,해당없음,100g,333,,4.00,13.00,,50.00,32.00,,,,,,60,,,,,,,,,110.00,6.00,0.00,,,,,,,,,,,,,,,,,,,,,,,,,,,,,,,,,,,,,,,,,,,,,,,,,,,,,,,,,,,,,,,,,,,,,,,,,,,,,,,,,,,,,,,,,,,,,,,,,,,,,,,,,,,,,,,3,식품의약품안전처,70g,1300g,23IT0Y500D4,SAL DE RISO COSTA D’AMALFI SRL,(주)이탈코,해당없음,Y,380,이탈리아,2,수집,2023-12-01,2026-07-28 00:00:00
P123-203020200-2322,리챔데리참치김밥,P,가공식품,1,가공식품,23,즉석식품류,23203,주먹밥/김밥/초밥,2300002,즉석섭취·편의식품류,230000202,즉석섭취식품,00,해당없음,100g,164,,5.22,6.09,,22.18,1.74,,,,,,417,,,,,,,,,10.00,1.70,0.00,,,,,,,,,,,,,,,,,,,,,,,,,,,,,,,,,,,,,,,,,,,,,,,,,,,,,,,,,,,,,,,,,,,,,,,,,,,,,,,,,,,,,,,,,,,,,,,,,,,,,,,,,,,,,,,3,식품의약품안전처,210g,230g,200303641181719,(주)영진데리카후레쉬,해당없음,해당없음,N,,해당없음,2,수집,2025-04-18,2026-07-28 00:00:00
P103-102020500-0105,리얼크래커초코,P,가공식품,1,가공식품,03,코코아가공품류 또는 초콜릿류,03102,초콜릿과자,0300002,초콜릿류,030000205,초콜릿가공품,00,해당없음,100g,498,,8.33,22.92,,64.58,25.00,,,,,,396,,,,,,,,,0.63,10.00,0.00,,,,,,,,,,,,,,,,,,,,,,,,,,,,,,,,,,,,,,,,,,,,,,,,,,,,,,,,,,,,,,,,,,,,,,,,,,,,,,,,,,,,,,,,,,,,,,,,,,,,,,,,,,,,,,,3,식품의약품안전처,30g,96g,19830487051130,(주)오리온,해당없음,해당없음,N,,해당없음,2,수집,2021-06-30,2026-07-28 00:00:00
P101-405000400-0557,리얼레몬다쿠아즈,P,가공식품,1,가공식품,01,과자류·빵류 또는 떡류,01405,기타 빵,0100000,해당없음,010000004,빵류,00,해당없음,100g,363,,5.43,10.29,,62.29,51.14,,,,,,74,,,,,,,,,11.43,2.86,0.00,,,,,,,,,,,,,,,,,,,,,,,,,,,,,,,,,,,,,,,,,,,,,,,,,,,,,,,,,,,,,,,,,,,,,,,,,,,,,,,,,,,,,,,,,,,,,,,,,,,,,,,,,,,,,,,3,식품의약품안전처,70g,350g,2016027536845,플레이버랩(주),해당없음,해당없음,N,,해당없음,2,수집,2021-06-30,2026-07-28 00:00:00
P104-701070000-0836,리얼 밀크티라떼베이스,P,가공식품,1,가공식품,04,당류,04701,당류가공품,0400007,당류가공품,040000700,해당없음,00,해당없음,100g,244,,0.40,0.20,,60.20,44.00,,,,,,50,,,,,,,,,0.00,0.00,0.00,,,,,,,,,,,,,,,,,,,,,,,,,,,,,,,,,,,,,,,,,,,,,,,,,,,,,,,,,,,,,,,,,,,,,,,,,,,,,,,,,,,,,,,,,,,,,,,,,,,,,,,,,,,,,,,3,식품의약품안전처,,1000g,201003082571135,(주)아름터,해당없음,해당없음,N,,해당없음,2,수집,2025-03-06,2026-07-28 00:00:00
P108-001000300-0350,리만팜 수연소면,P,가공식품,1,가공식품,08,면류,08001,국수,0800000,해당없음,080000003,건면,00,해당없음,100g,350,,12.00,1.40,,73.00,3.00,,,,,,1070,,,,,,,,,0.00,0.00,0.00,,,,,,,,,,,,,,,,,,,,,,,,,,,,,,,,,,,,,,,,,,,,,,,,,,,,,,,,,,,,,,,,,,,,,,,,,,,,,,,,,,,,,,,,,,,,,,,,,,,,,,,,,,,,,,,3,식품의약품안전처,"생·숙면 200g, 건면 100g, 당면 30g, 유탕면(봉지)120g, 유탕면(용기)80g",400g,2008044515360,(주)강식품,해당없음,해당없음,N,,해당없음,2,수집,2025-04-18,2026-07-28 00:00:00
P101-106000100-3490,르뱅 쑥,P,가공식품,1,가공식품,01,과자류·빵류 또는 떡류,01106,일반과자,0100000,해당없음,010000001,과자,00,해당없음,100g,449,,8.66,23.53,,51.99,25.45,,,,,,140,,,,,,,,,54.37,11.90,0.61,,,,,,,,,,,,,,,,,,,,,,,,,,,,,,,,,,,,,,,,,,,,,,,,,,,,,,,,,,,,,,,,,,,,,,,,,,,,,,,,,,,,,,,,,,,,,,,,,,,,,,,,,,,,,,,3,식품의약품안전처,30g,95g,202403901187,흠칫모먼트,해당없음,해당없음,N,,해당없음,2,수집,2024-10-04,2026-07-28 00:00:00
P101-415000400-1087,루키피자 치즈퐁당 우리쌀 씬피자 고르곤졸라,P,가공식품,1,가공식품,01,과자류·빵류 또는 떡류,01415,피자,0100000,해당없음,010000004,빵류,00,해당없음,100g,271,,17.51,10.02,,27.77,3.34,,,,,,497,,,,,,,,,33.74,4.17,0.10,,,,,,,,,,,,,,,,,,,,,,,,,,,,,,,,,,,,,,,,,,,,,,,,,,,,,,,,,,,,,,,,,,,,,,,,,,,,,,,,,,,,,,,,,,,,,,,,,,,,,,,,,,,,,,,3,식품의약품안전처,150g,60g,2025028372542,주식회사 지지에프,해당없음,해당없음,N,,해당없음,2,수집,2025-11-04,2026-07-28 00:00:00
P105-001000100-1853,루루 골드키위 잼,P,가공식품,1,가공식품,05,잼류,05001,잼,0500000,해당없음,050000001,잼,00,해당없음,100g,246,,1.30,0.50,,59.00,50.20,,,,,,2,,,,,,,,,0.00,0.00,0.00,,,,,,,,,,,,,,,,,,,,,,,,,,,,,,,,,,,,,,,,,,,,,,,,,,,,,,,,,,,,,,,,,,,,,,,,,,,,,,,,,,,,,,,,,,,,,,,,,,,,,,,,,,,,,,,3,식품의약품안전처,20g,100g,202507832914,루루,해당없음,해당없음,N,,해당없음,2,수집,2025-11-27,2026-07-28 00:00:00
P117-300030000-0009,롯데햄 스모크하우스베이컨,P,가공식품,1,가공식품,17,식육가공품 및 포장육,17300,베이컨,1700003,베이컨류(축산물가공품),170000300,해당없음,00,해당없음,100g,330,,13.00,30.00,,0.00,0.00,,,,,,810,,,,,,,,,80.00,11.00,0.50,,,,,,,,,,,,,,,,,,,,,,,,,,,,,,,,,,,,,,,,,,,,,,,,,,,,,,,,,,,,,,,,,,,,,,,,,,,,,,,,,,,,,,,,,,,,,,,,,,,,,,,,,,,,,,,3,식품의약품안전처,30g,120g,19940532001289,롯데웰푸드(주),해당없음,해당없음,N,,해당없음,2,수집,2024-06-26,2026-07-28 00:00:00
P120-401040000-1299,롤김,P,가공식품,1,가공식품,20,수산가공식품류,20401,김,2000004,가공김(조미김 또는 구운김),200000400,해당없음,00,해당없음,100g,360,,41.00,3.00,,43.00,1.00,,,,,,900,,,,,,,,,0.00,1.00,0.00,,,,,,,,,,,,,,,,,,,,,,,,,,,,,,,,,,,,,,,,,,,,,,,,,,,,,,,,,,,,,,,,,,,,,,,,,,,,,,,,,,,,,,,,,,,,,,,,,,,,,,,,,,,,,,,3,식품의약품안전처,4g,100g,2022071240948,(주)해농해양캠퍼스,해당없음,해당없음,N,,해당없음,2,수집,2025-10-20,2026-07-28 00:00:00
P101-205000200-2352,로젠 크레이지비젤리,P,가공식품,1,가공식품,01,과자류·빵류 또는 떡류,01205,젤리,0100000,해당없음,010000002,캔디류,00,해당없음,100g,321,,0.00,0.20,,79.70,75.90,,,,,,46,,,,,,,,,0.00,0.20,0.00,,,,,,,,,,,,,,,,,,,,,,,,,,,,,,,,,,,,,,,,,,,,,,,,,,,,,,,,,,,,,,,,,,,,,,,,,,,,,,,,,,,,,,,,,,,,,,,,,,,,,,,,,,,,,,,3,식품의약품안전처,10g,,22UA00A00D0,S.C.CONFECTIONERY CORPORATION ROSHEN,(주)에코에프엔비,해당없음,Y,804,우크라이나,2,수집,2023-12-31,2026-07-28 00:00:00
P120-104010400-2342,로얄크랩 디핑,P,가공식품,1,가공식품,20,수산가공식품류,20104,어묵,2000001,어육가공품류,200000104,어묵,00,해당없음,100g,104,,11.25,1.83,,10.57,3.32,,,,,,695,,,,,,,,,16.83,0.22,0.00,,,,,,,,,,,,,,,,,,,,,,,,,,,,,,,,,,,,,,,,,,,,,,,,,,,,,,,,,,,,,,,,,,,,,,,,,,,,,,,,,,,,,,,,,,,,,,,,,,,,,,,,,,,,,,,3,식품의약품안전처,30g,92g,19880311002526,(주)사조대림,해당없음,해당없음,N,,해당없음,2,수집,2026-03-10,2026-07-28 00:00:00
P123-201020200-0947,로스팜마요계란볶음밥삼각,P,가공식품,1,가공식품,23,즉석식품류,23201,밥류,2300002,즉석섭취·편의식품류,230000202,즉석섭취식품,00,해당없음,100g,207,,6.12,7.48,,28.57,2.04,,,,,,565,,,,,,,,,57.83,1.23,0.34,,,,,,,,,,,,,,,,,,,,,,,,,,,,,,,,,,,,,,,,,,,,,,,,,,,,,,,,,,,,,,,,,,,,,,,,,,,,,,,,,,,,,,,,,,,,,,,,,,,,,,,,,,,,,,,3,식품의약품안전처,210g,147g,200202215922358,롯데광주CK주식회사,해당없음,해당없음,N,,해당없음,2,수집,2025-09-24,2026-07-28 00:00:00
P101-106000100-0566,로맨틱믹스,P,가공식품,1,가공식품,01,과자류·빵류 또는 떡류,01106,일반과자,0100000,해당없음,010000001,과자,00,해당없음,100g,529,,5.71,27.86,,63.57,35.00,,,,,,400,,,,,,,,,9.29,17.86,0.21,,,,,,,,,,,,,,,,,,,,,,,,,,,,,,,,,,,,,,,,,,,,,,,,,,,,,,,,,,,,,,,,,,,,,,,,,,,,,,,,,,,,,,,,,,,,,,,,,,,,,,,,,,,,,,,3,식품의약품안전처,30g,140g,20100461303396,(주)제이앤이,해당없음,해당없음,N,,해당없음,2,수집,2021-06-30,2026-07-28 00:00:00
P117-501050100-0765,렌지쿠캣 직화고추장 제육볶음,P,가공식품,1,가공식품,17,식육가공품 및 포장육,17501,양념육,1700005,양념육류(축산물가공품),170000501,양념육,00,해당없음,100g,278,,13.89,19.44,,11.67,3.89,,,,,,467,,,,,,,,,63.89,6.11,0.00,,,,,,,,,,,,,,,,,,,,,,,,,,,,,,,,,,,,,,,,,,,,,,,,,,,,,,,,,,,,,,,,,,,,,,,,,,,,,,,,,,,,,,,,,,,,,,,,,,,,,,,,,,,,,,,3,식품의약품안전처,100g,180g,20140157039244,(주)달구지푸드,해당없음,해당없음,N,,해당없음,2,수집,2024-02-06,2026-07-28 00:00:00
P101-501000500-2236,레인보우 빙수떡,P,가공식품,1,가공식품,01,과자류·빵류 또는 떡류,01501,떡,0100000,해당없음,010000005,떡류,00,해당없음,100g,365,,2.00,1.90,,85.00,42.00,,,,,,209,,,,,,,,,0.00,0.30,0.00,,,,,,,,,,,,,,,,,,,,,,,,,,,,,,,,,,,,,,,,,,,,,,,,,,,,,,,,,,,,,,,,,,,,,,,,,,,,,,,,,,,,,,,,,,,,,,,,,,,,,,,,,,,,,,,3,식품의약품안전처,100g,300g,20000484353905,(주)화과방,해당없음,해당없음,N,,해당없음,2,수집,2025-01-06,2026-07-28 00:00:00
P103-101020200-0782,레버 오스터하제,P,가공식품,1,가공식품,03,코코아가공품류 또는 초콜릿류,03101,초콜릿,0300002,초콜릿류,030000202,밀크초콜릿,00,해당없음,100g,562,,6.50,36.00,,54.00,52.00,1.9,,,,,60,,,,,,,,,0.00,21.00,0.00,,,,,,,,,,,,,,,,,,,,,,,,,,,,,,,,,,,,,,,,,,,,,,,,,,,,,,,,,,,,,,,,,,,,,,,,,,,,,,,,,,,,,,,,,,,,,,,,,,,,,,,,,,,,,,,3,식품의약품안전처,15g,1750g,25DE04O00D3,PAUL REBER GMBH & CO.KG,유한회사 베를리너,해당없음,Y,276,독일,2,수집,2025-04-09,2026-07-28 00:00:00
P109-801080100-4363,레몬에이드,P,가공식품,1,가공식품,09,음료류,09801,액상음료,0900008,기타음료,090000801,혼합음료,00,해당없음,100ml,48,,0.20,0.00,,11.80,11.80,,,,,,0,,,,,,,,,0.00,0.00,0.00,,,,,,,,,,,,,,,,,,,,,,,,,,,,,,,,,,,,,,,,,,,,,,,,,,,,,,,,,,,,,,,,,,,,,,,,,,,,,,,,,,,,,,,,,,,,,,,,,,,,,,,,,,,,,,,3,식품의약품안전처,200ml,,20GR02G00D6,CHIOS GARDENS JUICE INDUSTRY S.A.,(주)이랜드킴스클럽,해당없음,Y,300,그리스,2,수집,2024-12-31,2026-07-28 00:00:00
P109-102010200-3120,레몬나라 레몬청,P,가공식품,1,가공식품,09,음료류,09102,액상차,0900001,다류,090000102,액상차,00,해당없음,100g,253,,0.38,0.41,,62.06,57.04,,,,,,33,,,,,,,,,0.00,0.01,0.00,,,,,,,,,,,,,,,,,,,,,,,,,,,,,,,,,,,,,,,,,,,,,,,,,,,,,,,,,,,,,,,,,,,,,,,,,,,,,,,,,,,,,,,,,,,,,,,,,,,,,,,,,,,,,,,3,식품의약품안전처,200ml,500g,20160494081276,완주로컬가공먹거리생산자협동조합,해당없음,해당없음,N,,해당없음,2,수집,2025-07-04,2026-07-28 00:00:00
P109-302030200-3379,레모나 유기농 레몬생강즙,P,가공식품,1,가공식품,09,음료류,09302,과·채주스,0900003,과일·채소류음료,090000302,과·채주스,00,해당없음,100g,21,,0.35,0.39,,4.13,1.29,,,,,,3,,,,,,,,,0.00,0.01,0.00,,,,,,,,,,,,,,,,,,,,,,,,,,,,,,,,,,,,,,,,,,,,,,,,,,,,,,,,,,,,,,,,,,,,,,,,,,,,,,,,,,,,,,,,,,,,,,,,,,,,,,,,,,,,,,,3,식품의약품안전처,200ml,280g,20180491044373,주식회사연두,해당없음,해당없음,N,,해당없음,2,수집,2024-10-28,2026-07-28 00:00:00
P101-409000400-4456,레드벨벳 케이크 S,P,가공식품,1,가공식품,01,과자류·빵류 또는 떡류,01409,케이크,0100000,해당없음,010000004,빵류,00,해당없음,100g,350,,6.00,25.00,,25.00,17.00,,,,,,200,,,,,,,,,25.00,11.00,0.42,,,,,,,,,,,,,,,,,,,,,,,,,,,,,,,,,,,,,,,,,,,,,,,,,,,,,,,,,,,,,,,,,,,,,,,,,,,,,,,,,,,,,,,,,,,,,,,,,,,,,,,,,,,,,,,3,식품의약품안전처,70g,590g,20070355220106,케익플러스아띠애,해당없음,해당없음,N,,해당없음,2,수집,2025-03-26,2026-07-28 00:00:00
P101-207000200-1520,럭키 자일리톨 큐브,P,가공식품,1,가공식품,01,과자류·빵류 또는 떡류,01207,기타 사탕,0100000,해당없음,010000002,캔디류,00,해당없음,100g,240,,0.00,0.00,,100.00,0.00,,,,,,0,,,,,,,,,0.00,0.00,0.00,,,,,,,,,,,,,,,,,,,,,,,,,100.000,,,,,,,,,,,,,,,,,,,,,,,,,,,,,,,,,,,,,,,,,,,,,,,,,,,,,,,,,,,,,,,,,,,,,,,,,,,,,,,,,,,,,,3,식품의약품안전처,10g,100g,20180532056132,올바름,해당없음,해당없음,N,,해당없음,2,수집,2025-11-21,2026-07-28 00:00:00
P116-705070100-0138,랩토 오트밀 프로틴 스무디,P,가공식품,1,가공식품,16,농산가공식품류,16705,기타 농산가공품,1600007,기타 농산가공품류,160000701,과·채가공품,00,해당없음,100ml,99,,8.92,1.70,,12.05,4.24,2.6,384,7.60,,,136,,,,,0.900,13.670,31.86,,3.18,0.73,0.02,,,,,,,,,,,,,,,,,,,,,,,,,,,,,,,,,,,,,,,,,,,,,,,,,,,,,,,,,,,,,,,,,,,,,,,,,,,,,,,,,,,,,,,,,,,,,,,,,,,,,,,,,,,,,,,3,식품의약품안전처,,200ml,202309064087,이제아바이오,해당없음,해당없음,N,,해당없음,2,수집,2024-10-16,2026-07-28 00:00:00
P116-703070300-0625,랑카소이 치킨향,P,가공식품,1,가공식품,16,농산가공식품류,16703,두류가공품,1600007,기타 농산가공품류,160000703,두류가공품,00,해당없음,100g,340,,50.00,0.00,,35.00,9.00,,,,,,0,,,,,,,,,0.00,0.00,0.00,,,,,,,,,,,,,,,,,,,,,,,,,,,,,,,,,,,,,,,,,,,,,,,,,,,,,,,,,,,,,,,,,,,,,,,,,,,,,,,,,,,,,,,,,,,,,,,,,,,,,,,,,,,,,,,3,식품의약품안전처,,90g,24LK04K00D1,CONVENIENCE FOODS LANKA PLC,(주)오하나에프앤씨,해당없음,Y,144,스리랑카,2,수집,2024-04-30,2026-07-28 00:00:00
P108-006000300-0054,라필당면,P,가공식품,1,가공식품,08,면류,08006,당면,0800000,해당없음,080000003,건면,00,해당없음,100g,347,,0.00,0.00,,87.00,0.00,,,,,,24,,,,,,,,,0.00,0.00,0.00,,,,,,,,,,,,,,,,,,,,,,,,,,,,,,,,,,,,,,,,,,,,,,,,,,,,,,,,,,,,,,,,,,,,,,,,,,,,,,,,,,,,,,,,,,,,,,,,,,,,,,,,,,,,,,,3,식품의약품안전처,30g,180g,2020_DNSP_01076,해당없음,HARBIN LIANGXING STARCH PRODUCT FACTORY,해당없음,Y,156,중국,2,수집,2020-06-30,2026-07-28 00:00:00
P101-102000100-0070,라즈베리마카롱,P,가공식품,1,가공식품,01,과자류·빵류 또는 떡류,01102,마카롱/다쿠아즈,0100000,해당없음,010000001,과자,00,해당없음,100g,433,,6.78,17.39,,62.78,40.28,,,,,,58,,,,,,,,,38.50,7.72,0.32,,,,,,,,,,,,,,,,,,,,,,,,,,,,,,,,,,,,,,,,,,,,,,,,,,,,,,,,,,,,,,,,,,,,,,,,,,,,,,,,,,,,,,,,,,,,,,,,,,,,,,,,,,,,,,,3,식품의약품안전처,30g,18g,201402451548,감프롱,해당없음,해당없음,N,,해당없음,2,수집,2021-06-30,2026-07-28 00:00:00
P102-103010300-0643,라이틀리 프로틴초코,P,가공식품,1,가공식품,02,빙과류,02103,아이스밀크,0200001,아이스크림류(축산물가공품),020000103,아이스밀크,00,해당없음,100ml,80,,5.91,2.95,,11.82,7.17,3.4,,,,,63,,,,,,,,,13.72,1.90,0.13,,,,,,,,,,,,,,,,,,,,,,,,,,,,,,,,,,,,,,,,,,,,,,,,,,,,,,,,,,,,,,,,,,,,,,,,,,,,,,,,,,,,,,,,,,,,,,,,,,,,,,,,,,,,,,,3,식품의약품안전처,100ml,474ml,19960502004185,서주푸드(주),해당없음,해당없음,N,,해당없음,2,수집,2024-04-20,2026-07-28 00:00:00
P108-010000300-0210,라이스 플레이크,P,가공식품,1,가공식품,08,면류,08010,쌀국수,0800000,해당없음,080000003,건면,00,해당없음,100g,360,,8.00,1.00,,80.00,0.00,,,,,,0,,,,,,,,,0.00,0.60,0.00,,,,,,,,,,,,,,,,,,,,,,,,,,,,,,,,,,,,,,,,,,,,,,,,,,,,,,,,,,,,,,,,,,,,,,,,,,,,,,,,,,,,,,,,,,,,,,,,,,,,,,,,,,,,,,,3,식품의약품안전처,"생·숙면 200g, 건면 100g, 당면 30g, 유탕면(봉지)120g, 유탕면(용기)80g",227g,23THQ0I00D8,"THAI ASIA RICE PRODUCT CO.,LTD.",주식회사 거복푸드,해당없음,Y,764,태국,2,수집,2023-06-25,2026-07-28 00:00:00
P123-302030100-2768,라비올리 카프레제,P,가공식품,1,가공식품,23,즉석식품류,23302,만두,2300003,만두류,230000301,만두,00,해당없음,100g,220,,8.00,7.00,,29.00,1.00,,,,,,280,,,,,,,,,25.00,3.70,0.50,,,,,,,,,,,,,,,,,,,,,,,,,,,,,,,,,,,,,,,,,,,,,,,,,,,,,,,,,,,,,,,,,,,,,,,,,,,,,,,,,,,,,,,,,,,,,,,,,,,,,,,,,,,,,,,3,식품의약품안전처,150g,500g,24IT1L300D9,GRANDI PASTAI ITALIANI S.P.A,르구르망 주식회사,해당없음,Y,380,이탈리아,2,수집,2024-08-13,2026-07-28 00:00:00
P114-202020100-0414,라리 오이피클,P,가공식품,1,가공식품,14,절임류 또는 조림류,14202,단무지/피클,1400002,절임류,140000201,절임식품,00,해당없음,100g,36,,0.00,0.00,,9.00,6.00,,,,,,0,,,,,,,,,0.00,0.00,0.00,,,,,,,,,,,,,,,,,,,,,,,,,,,,,,,,,,,,,,,,,,,,,,,,,,,,,,,,,,,,,,,,,,,,,,,,,,,,,,,,,,,,,,,,,,,,,,,,,,,,,,,,,,,,,,,3,식품의약품안전처,25g,175g,19VN0HH00D1,SEN COMPANY LIMITED BRANCH,(주)푸드올마켓,해당없음,Y,704,베트남,2,수집,2025-10-10,2026-07-28 00:00:00
P101-105000100-0282,라고 헤이즐넛 웨하스,P,가공식품,1,가공식품,01,과자류·빵류 또는 떡류,01105,웨이퍼,0100000,해당없음,010000001,과자,00,해당없음,100g,512,,6.00,26.40,,62.48,38.40,,,,,,144,,,,,,,,,2.08,24.00,0.00,,,,,,,,,,,,,,,,,,,,,,,,,,,,,,,,,,,,,,,,,,,,,,,,,,,,,,,,,,,,,,,,,,,,,,,,,,,,,,,,,,,,,,,,,,,,,,,,,,,,,,,,,,,,,,,3,식품의약품안전처,30g,,23IT34300D3,LAGO GROUP S.P.A,(주)파리크라상,해당없음,Y,380,이탈리아,2,수집,2024-12-31,2026-07-28 00:00:00
P113-206020400-1619,뚝딱! 부대찌개베이스,P,가공식품,1,가공식품,13,조미식품,13206,기타 소스류,1300002,소스류,130000204,소스,00,해당없음,100g,60,,3.50,0.30,,11.00,4.00,,,,,,1610,,,,,,,,,1.90,0.20,0.00,,,,,,,,,,,,,,,,,,,,,,,,,,,,,,,,,,,,,,,,,,,,,,,,,,,,,,,,,,,,,,,,,,,,,,,,,,,,,,,,,,,,,,,,,,,,,,,,,,,,,,,,,,,,,,,3,식품의약품안전처,"드레싱 15g, 덮밥소스 165g",2000g,200304432175611,프레시플러스 주식회사,해당없음,해당없음,N,,해당없음,2,수집,2024-05-21,2026-07-28 00:00:00
P101-501000500-0513,떡집소년 흑임자꿀설기,P,가공식품,1,가공식품,01,과자류·빵류 또는 떡류,01501,떡,0100000,해당없음,010000005,떡류,00,해당없음,100g,338,,8.75,2.25,,71.25,6.25,,,,,,389,,,,,,,,,0.00,0.25,0.00,,,,,,,,,,,,,,,,,,,,,,,,,,,,,,,,,,,,,,,,,,,,,,,,,,,,,,,,,,,,,,,,,,,,,,,,,,,,,,,,,,,,,,,,,,,,,,,,,,,,,,,,,,,,,,,3,식품의약품안전처,100g,360g,20030193633298,민속떡마을,해당없음,해당없음,N,,해당없음,2,수집,2023-12-22,2026-07-28 00:00:00
P101-205000200-1565,떡감큐브 샤인머스켓젤리,P,가공식품,1,가공식품,01,과자류·빵류 또는 떡류,01205,젤리,0100000,해당없음,010000002,캔디류,00,해당없음,100g,310,,0.00,0.40,,76.00,40.00,,,,,,100,,,,,,,,,0.00,0.10,0.00,,,,,,,,,,,,,,,,,,,,,,,,,,,,,,,,,,,,,,,,,,,,,,,,,,,,,,,,,,,,,,,,,,,,,,,,,,,,,,,,,,,,,,,,,,,,,,,,,,,,,,,,,,,,,,,3,식품의약품안전처,10g,250g,202405632063,(주)큐브인피닛,해당없음,해당없음,N,,해당없음,2,수집,2024-07-10,2026-07-28 00:00:00
P120-104010400-1894,땡초파전 어묵(냉동),P,가공식품,1,가공식품,20,수산가공식품류,20104,어묵,2000001,어육가공품류,200000104,어묵,00,해당없음,100g,125,,10.70,1.20,,17.80,4.90,,,,,,556,,,,,,,,,14.40,0.20,0.00,,,,,,,,,,,,,,,,,,,,,,,,,,,,,,,,,,,,,,,,,,,,,,,,,,,,,,,,,,,,,,,,,,,,,,,,,,,,,,,,,,,,,,,,,,,,,,,,,,,,,,,,,,,,,,,3,식품의약품안전처,30g,1000g,20110144370145,삼진식품(주),해당없음,해당없음,N,,해당없음,2,수집,2025-11-07,2026-07-28 00:00:00
P101-103000400-0331,땅콩블랙쿠키,P,가공식품,1,가공식품,01,과자류·빵류 또는 떡류,01103,비스킷/쿠키/크래커,0100000,해당없음,010000004,빵류,00,해당없음,100g,503,,10.00,25.00,,61.00,11.00,,,,,,286,,,,,,,,,2.20,13.00,1.10,,,,,,,,,,,,,,,,,,,,,,,,,,,,,,,,,,,,,,,,,,,,,,,,,,,,,,,,,,,,,,,,,,,,,,,,,,,,,,,,,,,,,,,,,,,,,,,,,,,,,,,,,,,,,,,3,식품의약품안전처,30g,2000g,2019042410926,우성식품,해당없음,해당없음,N,,해당없음,2,수집,2021-06-30,2026-07-28 00:00:00
P104-201070000-0161,딸기향 시럽,P,가공식품,1,가공식품,04,당류,04201,시럽,0400007,당류가공품,040000700,해당없음,00,해당없음,100ml,325,,0.50,0.50,,79.00,79.00,,,,,,10,,,,,,,,,0.00,0.00,0.00,,,,,,,,,,,,,,,,,,,,,,,,,,,,,,,,,,,,,,,,,,,,,,,,,,,,,,,,,,,,,,,,,,,,,,,,,,,,,,,,,,,,,,,,,,,,,,,,,,,,,,,,,,,,,,,3,식품의약품안전처,10g,1000ml,23FR4MJ00D2,ROUTIN S.A.S,(주)애니원에프앤씨,해당없음,Y,250,프랑스,2,수집,2024-06-26,2026-07-28 00:00:00
P101-427000400-0144,딸기쨈소보루빵,P,가공식품,1,가공식품,01,과자류·빵류 또는 떡류,01427,소보로빵,0100000,해당없음,010000004,빵류,00,해당없음,100g,406,,6.67,14.44,,60.00,20.00,,,,,,333,,,,,,,,,0.00,6.67,0.00,,,,,,,,,,,,,,,,,,,,,,,,,,,,,,,,,,,,,,,,,,,,,,,,,,,,,,,,,,,,,,,,,,,,,,,,,,,,,,,,,,,,,,,,,,,,,,,,,,,,,,,,,,,,,,,3,식품의약품안전처,70g,90g,20160501015310,농업회사법인유한회사피오레,해당없음,해당없음,N,,해당없음,2,수집,2025-05-16,2026-07-28 00:00:00
P101-408000400-0250,딸기수플레카스테라,P,가공식품,1,가공식품,01,과자류·빵류 또는 떡류,01408,카스텔라,0100000,해당없음,010000004,빵류,00,해당없음,100g,197,,2.30,11.60,,20.40,10.40,,,,,,66,,,,,,,,,26.90,0.50,1.70,,,,,,,,,,,,,,,,,,,,,,,,,,,,,,,,,,,,,,,,,,,,,,,,,,,,,,,,,,,,,,,,,,,,,,,,,,,,,,,,,,,,,,,,,,,,,,,,,,,,,,,,,,,,,,,3,식품의약품안전처,70g,6459g,2023027221229,주식회사 유통몬스터,해당없음,해당없음,N,,해당없음,2,수집,2024-01-12,2026-07-28 00:00:00
P101-409000400-6675,딸기롤,P,가공식품,1,가공식품,01,과자류·빵류 또는 떡류,01409,케이크,0100000,해당없음,010000004,빵류,00,해당없음,100g,346,,6.00,14.00,,49.00,36.00,,,,,,294,,,,,,,,,127.00,6.00,0.00,,,,,,,,,,,,,,,,,,,,,,,,,,,,,,,,,,,,,,,,,,,,,,,,,,,,,,,,,,,,,,,,,,,,,,,,,,,,,,,,,,,,,,,,,,,,,,,,,,,,,,,,,,,,,,,3,식품의약품안전처,70g,60g,2024023334854,참브레드,해당없음,해당없음,N,,해당없음,2,수집,2026-01-21,2026-07-28 00:00:00
P101-409000400-2694,딸기 생크림 케이크,P,가공식품,1,가공식품,01,과자류·빵류 또는 떡류,01409,케이크,0100000,해당없음,010000004,빵류,00,해당없음,100g,292,,4.00,9.00,,47.00,30.00,,,,,,103,,,,,,,,,87.00,4.00,0.00,,,,,,,,,,,,,,,,,,,,,,,,,,,,,,,,,,,,,,,,,,,,,,,,,,,,,,,,,,,,,,,,,,,,,,,,,,,,,,,,,,,,,,,,,,,,,,,,,,,,,,,,,,,,,,,3,식품의약품안전처,70g,160g,2023027219733,(주)하이테이블,해당없음,해당없음,N,,해당없음,2,수집,2024-04-22,2026-07-28 00:00:00
P123-204020300-0963,따끈치즈불고기파스타,P,가공식품,1,가공식품,23,즉석식품류,23204,즉석 면요리,2300002,즉석섭취·편의식품류,230000203,즉석조리식품,00,해당없음,100g,178,,8.06,5.31,,24.59,4.98,,,,,,497,,,,,,,,,32.94,0.51,0.01,,,,,,,,,,,,,,,,,,,,,,,,,,,,,,,,,,,,,,,,,,,,,,,,,,,,,,,,,,,,,,,,,,,,,,,,,,,,,,,,,,,,,,,,,,,,,,,,,,,,,,,,,,,,,,,3,식품의약품안전처,,294g,201503831781206,(주)푸드플래닛,해당없음,해당없음,N,,해당없음,2,수집,2025-01-14,2026-07-28 00:00:00
P102-101010100-0787,디핀다트 민트쵸코 구슬아이스크림,P,가공식품,1,가공식품,02,빙과류,02101,아이스크림,0200001,아이스크림류(축산물가공품),020000101,아이스크림,00,해당없음,100g,200,,3.00,10.00,,25.00,22.00,,,,,,65,,,,,,,,,25.00,7.00,0.00,,,,,,,,,,,,,,,,,,,,,,,,,,,,,,,,,,,,,,,,,,,,,,,,,,,,,,,,,,,,,,,,,,,,,,,,,,,,,,,,,,,,,,,,,,,,,,,,,,,,,,,,,,,,,,,3,식품의약품안전처,100ml,2500g,2002026204240,(주)디핀다트코리아,해당없음,해당없음,N,,해당없음,2,수집,2025-09-11,2026-07-28 00:00:00
P119-900090100-0610,디오 킹 피자치즈,P,가공식품,1,가공식품,19,유가공품류,19900,치즈,1900009,치즈류(축산물가공품),190000901,치즈,00,해당없음,100g,291,,24.00,21.00,,1.00,0.00,,,,,,300,,,,,,,,,100.00,15.00,0.40,,,,,,,,,,,,,,,,,,,,,,,,,,,,,,,,,,,,,,,,,,,,,,,,,,,,,,,,,,,,,,,,,,,,,,,,,,,,,,,,,,,,,,,,,,,,,,,,,,,,,,,,,,,,,,,3,식품의약품안전처,20g,2500g,20090405009459,(주)킹스코,해당없음,해당없음,N,,해당없음,2,수집,2023-12-05,2026-07-28 00:00:00
P109-103010300-0653,디 오리지널 콤부차 프로바이오틱스 피치베리,P,가공식품,1,가공식품,09,음료류,09103,고형차,0900001,다류,090000103,고형차,00,해당없음,100g,400,,0.00,0.00,,88.00,0.00,,,,,,4000,,,,,,,,,0.00,0.00,0.00,,,,,,,,,,,,,,,,,,,,,,,,,,,,,,,,,,,,,,,,,,,,,,,,,,,,,,,,,,,,,,,,,,,,,,,,,,,,,,,,,,,,,,,,,,,,,,,,,,,,,,,,,,,,,,,3,식품의약품안전처,200ml,100g,20080614259808,(주)희창유업 제2공장,해당없음,해당없음,N,,해당없음,2,수집,2026-04-10,2026-07-28 00:00:00
P123-230020300-0041,들깨순두부육수,P,가공식품,1,가공식품,23,즉석식품류,23230,육수,2300002,즉석섭취·편의식품류,230000203,즉석조리식품,00,해당없음,100g,12,,0.74,0.38,,1.43,0.24,,,,,,439,,,,,,,,,0.00,0.05,0.00,,,,,,,,,,,,,,,,,,,,,,,,,,,,,,,,,,,,,,,,,,,,,,,,,,,,,,,,,,,,,,,,,,,,,,,,,,,,,,,,,,,,,,,,,,,,,,,,,,,,,,,,,,,,,,,3,식품의약품안전처,,2000g,20220122007102,플레이팅키친(교대점),해당없음,해당없음,N,,해당없음,2,수집,2024-06-18,2026-07-28 00:00:00
P123-212020300-0113,든든한장어구이,P,가공식품,1,가공식품,23,즉석식품류,23212,반찬,2300002,즉석섭취·편의식품류,230000203,즉석조리식품,00,해당없음,100g,253,,13.18,17.57,,10.47,5.07,,,,,,585,,,,,,,,,157.09,4.39,0.34,,,,,,,,,,,,,,,,,,,,,,,,,,,,,,,,,,,,,,,,,,,,,,,,,,,,,,,,,,,,,,,,,,,,,,,,,,,,,,,,,,,,,,,,,,,,,,,,,,,,,,,,,,,,,,,3,식품의약품안전처,,296g,20180280152185,주식회사마이셰프,해당없음,해당없음,N,,해당없음,2,수집,2021-06-30,2026-07-28 00:00:00
P123-204020400-0062,드렁킨타이새우팟타이,P,가공식품,1,가공식품,23,즉석식품류,23204,즉석 면요리,2300002,즉석섭취·편의식품류,230000204,간편조리세트,00,해당없음,100g,165,,4.01,2.60,,31.47,9.49,,,,,,475,,,,,,,,,16.45,0.52,0.07,,,,,,,,,,,,,,,,,,,,,,,,,,,,,,,,,,,,,,,,,,,,,,,,,,,,,,,,,,,,,,,,,,,,,,,,,,,,,,,,,,,,,,,,,,,,,,,,,,,,,,,,,,,,,,,3,식품의약품안전처,,360g,200802024221075,주식회사락컴퍼니,해당없음,해당없음,N,,해당없음,2,수집,2026-04-28,2026-07-28 00:00:00
P101-501000500-0502,두텁떡-모듬(냉동),P,가공식품,1,가공식품,01,과자류·빵류 또는 떡류,01501,떡,0100000,해당없음,010000005,떡류,00,해당없음,100g,320,,6.00,3.40,,66.00,26.00,,,,,,138,,,,,,,,,0.00,0.00,0.00,,,,,,,,,,,,,,,,,,,,,,,,,,,,,,,,,,,,,,,,,,,,,,,,,,,,,,,,,,,,,,,,,,,,,,,,,,,,,,,,,,,,,,,,,,,,,,,,,,,,,,,,,,,,,,,3,식품의약품안전처,100g,200g,20040182486655,(주)떡파는 사람들,해당없음,해당없음,N,,해당없음,2,수집,2023-12-22,2026-07-28 00:00:00
P114-300030000-0107,두부양념조림,P,가공식품,1,가공식품,14,절임류 또는 조림류,14300,기타 조림,1400003,조림류,140000300,해당없음,00,해당없음,100g,145,,10.33,9.62,,4.24,3.51,,,,,,157,,,,,,,,,3.22,1.40,0.02,,,,,,,,,,,,,,,,,,,,,,,,,,,,,,,,,,,,,,,,,,,,,,,,,,,,,,,,,,,,,,,,,,,,,,,,,,,,,,,,,,,,,,,,,,,,,,,,,,,,,,,,,,,,,,,3,식품의약품안전처,,450g,20210222240531,라임에프앤비(주),해당없음,해당없음,N,,해당없음,2,수집,2023-12-22,2026-07-28 00:00:00
P120-401040000-0881,두번 구워 더욱 바삭한 프리미엄 김밥용김,P,가공식품,1,가공식품,20,수산가공식품류,20401,김,2000004,가공김(조미김 또는 구운김),200000400,해당없음,00,해당없음,100g,375,,42.20,4.30,,42.10,0.00,,,,,,904,,,,,,,,,35.60,0.50,0.00,,,,,,,,,,,,,,,,,,,,,,,,,,,,,,,,,,,,,,,,,,,,,,,,,,,,,,,,,,,,,,,,,,,,,,,,,,,,,,,,,,,,,,,,,,,,,,,,,,,,,,,,,,,,,,,3,식품의약품안전처,4g,100g,20200507652152,만전식품(주),해당없음,해당없음,N,,해당없음,2,수집,2025-02-05,2026-07-28 00:00:00
P103-101020500-1461,두바이 땅콩초콜릿,P,가공식품,1,가공식품,03,코코아가공품류 또는 초콜릿류,03101,초콜릿,0300002,초콜릿류,030000205,초콜릿가공품,00,해당없음,100g,110,,1.00,6.40,,12.00,6.00,,,,,,4,,,,,,,,,0.00,3.70,0.00,,,,,,,,,,,,,,,,,,,,,,,,,,,,,,,,,,,,,,,,,,,,,,,,,,,,,,,,,,,,,,,,,,,,,,,,,,,,,,,,,,,,,,,,,,,,,,,,,,,,,,,,,,,,,,,3,식품의약품안전처,15g,20g,2024050509117,립사이팅,해당없음,해당없음,N,,해당없음,2,수집,2025-10-30,2026-07-28 00:00:00
P123-208020300-1245,된장찌개,P,가공식품,1,가공식품,23,즉석식품류,23208,찌개/전골류,2300002,즉석섭취·편의식품류,230000203,즉석조리식품,00,해당없음,100g,23,,1.84,0.58,,2.73,0.71,,,,,,249,,,,,,,,,4.29,0.09,0.01,,,,,,,,,,,,,,,,,,,,,,,,,,,,,,,,,,,,,,,,,,,,,,,,,,,,,,,,,,,,,,,,,,,,,,,,,,,,,,,,,,,,,,,,,,,,,,,,,,,,,,,,,,,,,,,3,식품의약품안전처,200ml(g),250g,2008028585882,창조식품,해당없음,해당없음,N,,해당없음,2,수집,2025-10-29,2026-07-28 00:00:00
P123-201020300-4971,돼지국밥,P,가공식품,1,가공식품,23,즉석식품류,23201,밥류,2300002,즉석섭취·편의식품류,230000203,즉석조리식품,00,해당없음,100g,21,,2.50,1.10,,0.20,0.00,,,,,,34,,,,,,,,,2.70,0.20,0.00,,,,,,,,,,,,,,,,,,,,,,,,,,,,,,,,,,,,,,,,,,,,,,,,,,,,,,,,,,,,,,,,,,,,,,,,,,,,,,,,,,,,,,,,,,,,,,,,,,,,,,,,,,,,,,,3,식품의약품안전처,210g,500g,2022018127422,(주)설국,해당없음,해당없음,N,,해당없음,2,수집,2025-01-02,2026-07-28 00:00:00
P123-207020300-1282,동태탕,P,가공식품,1,가공식품,23,즉석식품류,23207,국/탕류,2300002,즉석섭취·편의식품류,230000203,즉석조리식품,00,해당없음,100ml,38,,6.96,0.41,,1.52,0.87,,,,,,370,,,,,,,,,20.65,0.00,0.00,,,,,,,,,,,,,,,,,,,,,,,,,,,,,,,,,,,,,,,,,,,,,,,,,,,,,,,,,,,,,,,,,,,,,,,,,,,,,,,,,,,,,,,,,,,,,,,,,,,,,,,,,,,,,,,3,식품의약품안전처,250ml(g),1000ml,2021051056327,알토랑반찬,해당없음,해당없음,N,,해당없음,2,수집,2023-12-22,2026-07-28 00:00:00
P119-900090200-0049,동원 콜라겐치즈,P,가공식품,1,가공식품,19,유가공품류,19900,치즈,1900009,치즈류(축산물가공품),190000902,가공치즈,00,해당없음,100g,267,,8.67,18.00,,14.67,14.00,,127,,,,233,,,,,,,,,66.67,12.67,0.67,,,,,,,,,,,,,,,,,,,,,,,,,,,,,,,,,,,,,,,,,,,,,,,,,,,,,,,,,,,,,,,,,,,,,,,,,,,,,,,,,,,,,,,,,,,,,,,,,,,,,,,,,,,,,,,3,식품의약품안전처,20g,105g,202004230337,㈜성보 대소공장,해당없음,㈜동원F&B 정읍공장,N,,해당없음,2,수집,2022-12-29,2026-07-28 00:00:00
P117-800060000-1196,동물복지 유기농 한우 소한마리 갈비탕,P,가공식품,1,가공식품,17,식육가공품 및 포장육,17800,기타 식육가공품,1700006,식육추출가공품(축산물가공품),170000600,해당없음,00,해당없음,100g,93,,9.00,6.00,,0.83,0.00,,,,,,190,,,,,,,,,25.01,2.50,0.00,,,,,,,,,,,,,,,,,,,,,,,,,,,,,,,,,,,,,,,,,,,,,,,,,,,,,,,,,,,,,,,,,,,,,,,,,,,,,,,,,,,,,,,,,,,,,,,,,,,,,,,,,,,,,,,3,식품의약품안전처,,600g,20190423015259,(주)청정,해당없음,해당없음,N,,해당없음,2,수집,2026-01-29,2026-07-28 00:00:00
P101-203000200-2939,동결건조 우주인 아이스크림 모양 캔디,P,가공식품,1,가공식품,01,과자류·빵류 또는 떡류,01203,사탕,0100000,해당없음,010000002,캔디류,00,해당없음,100g,121,,2.00,5.00,,17.00,9.00,,,,,,100,,,,,,,,,0.00,0.00,0.00,,,,,,,,,,,,,,,,,,,,,,,,,,,,,,,,,,,,,,,,,,,,,,,,,,,,,,,,,,,,,,,,,,,,,,,,,,,,,,,,,,,,,,,,,,,,,,,,,,,,,,,,,,,,,,,3,식품의약품안전처,10g,25g,24CN4A700D4,"NANTONG LITAI JIANLONG FOOD CO.,LTD.",주식회사 나무인터내셔널,해당없음,Y,156,중국,2,수집,2024-08-29,2026-07-28 00:00:00
P116-705070200-0063,돌솥누룽지맛 발아누룽지,P,가공식품,1,가공식품,16,농산가공식품류,16705,기타 농산가공품,1600007,기타 농산가공품류,160000702,곡류가공품,00,해당없음,100g,390,,10.00,4.00,,80.00,0.00,,,,,,10,,,,,,,,,0.00,1.20,0.00,,,,,,,,,,,,,,,,,,,,,,,,,,,,,,,,,,,,,,,,,,,,,,,,,,,,,,,,,,,,,,,,,,,,,,,,,,,,,,,,,,,,,,,,,,,,,,,,,,,,,,,,,,,,,,,3,식품의약품안전처,,300g,201505600596,웰빙고㈜,해당없음,해당없음,N,,해당없음,2,수집,2022-12-29,2026-07-28 00:00:00
P123-212020300-2172,돈안심숙주불고기,P,가공식품,1,가공식품,23,즉석식품류,23212,반찬,2300002,즉석섭취·편의식품류,230000203,즉석조리식품,00,해당없음,100g,50,,6.15,1.85,,2.31,1.54,,,,,,123,,,,,,,,,26.92,0.54,0.00,,,,,,,,,,,,,,,,,,,,,,,,,,,,,,,,,,,,,,,,,,,,,,,,,,,,,,,,,,,,,,,,,,,,,,,,,,,,,,,,,,,,,,,,,,,,,,,,,,,,,,,,,,,,,,,3,식품의약품안전처,,130g,20180491181779,순수본 주식회사,해당없음,해당없음,N,,해당없음,2,수집,2026-04-02,2026-07-28 00:00:00
P104-701070000-1539,독일산 맥주효모 비오틴 10000 Black Label,P,가공식품,1,가공식품,04,당류,04701,당류가공품,0400007,당류가공품,040000700,해당없음,00,해당없음,100g,360,,22.02,0.82,,66.16,53.11,,,,,,53,,,,,,,,,0.00,0.44,0.00,,,596706.7,,,,,,,,,,,,,,,,,,,,,,,,,,,,,,,,,,,,,,,,,,,,,,,,,,,,,,,,,,,,,,,,,,,,,,,,,,,,,,,,,,,,,,,,,,,,,,,,,,,,,,,,,,,,3,식품의약품안전처,,30g,19860372032187,디에이치팜(주),해당없음,해당없음,N,,해당없음,2,수집,2025-09-24,2026-07-28 00:00:00
P109-302030200-5241,도이캄 착즙 딸기 주스,P,가공식품,1,가공식품,09,음료류,09302,과·채주스,0900003,과일·채소류음료,090000302,과·채주스,00,해당없음,100ml,110,,0.00,0.00,,28.00,12.00,,222,,,,15,,,,,,,57.00,,0.00,0.00,0.00,,,,,,,,,,,,,,,,,,,,,,,,,,,,,,,,,,,,,,,,,,,,,,,,,,,,,,,,,,,,,,,,,,,,,,,,,,,,,,,,,,,,,,,,,,,,,,,,,,,,,,,,,,,,,,,3,식품의약품안전처,200ml,200ml,24TH13400D1,"DOI KHAM FOOD PRODUCTS CO., LTD.",주식회사 머천트리,해당없음,Y,764,태국,2,수집,2024-11-29,2026-07-28 00:00:00
P109-302030200-2905,도라지배즙,P,가공식품,1,가공식품,09,음료류,09302,과·채주스,0900003,과일·채소류음료,090000302,과·채주스,00,해당없음,100ml,48,,0.00,0.00,,12.22,10.00,,,,,,0,,,,,,,,,0.00,0.00,0.00,,,,,,,,,,,,,,,,,,,,,,,,,,,,,,,,,,,,,,,,,,,,,,,,,,,,,,,,,,,,,,,,,,,,,,,,,,,,,,,,,,,,,,,,,,,,,,,,,,,,,,,,,,,,,,,3,식품의약품안전처,200ml,90ml,2013051213286,농업회사법인녹색식품(주),해당없음,해당없음,N,,해당없음,2,수집,2024-04-23,2026-07-28 00:00:00
P120-200020200-0927,도경 백명란,P,가공식품,1,가공식품,20,수산가공식품류,20200,젓갈/액젓,2000002,젓갈류,200000202,양념젓갈,00,해당없음,100g,116,,20.00,0.40,,9.00,1.00,,,,,,1210,,,,,,,,,220.00,0.00,0.00,,,,,,,,,,,,,,,,,,,,,,,,,,,,,,,,,,,,,,,,,,,,,,,,,,,,,,,,,,,,,,,,,,,,,,,,,,,,,,,,,,,,,,,,,,,,,,,,,,,,,,,,,,,,,,,3,식품의약품안전처,,100g,19900144142140,(주)동하씨푸드,해당없음,해당없음,N,,해당없음,2,수집,2026-04-16,2026-07-28 00:00:00
P120-600060000-1699,델리츠 통새우 멘보샤(삼각),P,가공식품,1,가공식품,20,수산가공식품류,20600,기타 수산가공품,2000006,기타 수산물가공품,200000600,해당없음,00,해당없음,100g,146,,10.00,2.00,,22.00,1.00,,,,,,598,,,,,,,,,18.00,0.00,0.00,,,,,,,,,,,,,,,,,,,,,,,,,,,,,,,,,,,,,,,,,,,,,,,,,,,,,,,,,,,,,,,,,,,,,,,,,,,,,,,,,,,,,,,,,,,,,,,,,,,,,,,,,,,,,,,3,식품의약품안전처,,600g,24CN6MR00D5,"YANTAI FUBAO FOODSTUFFS CO., LTD.",(주)크로톤,해당없음,Y,156,중국,2,수집,2025-07-01,2026-07-28 00:00:00
P119-204020400-0121,덴마크 산양우유,P,가공식품,1,가공식품,19,유가공품류,19204,가공우유,1900002,가공유류(축산물가공품),190000204,가공유,00,해당없음,100ml,68,,3.00,4.00,,5.00,4.50,,,,,,53,,,,,,,,,15.00,2.50,0.18,,,,,,,,,,,,,,,,,,,,,,,,,,,,,,,,,,,,,,,,,,,,,,,,,,,,,,,,,,,,,,,,,,,,,,,,,,,,,,,,,,,,,,,,,,,,,,,,,,,,,,,,,,,,,,,3,식품의약품안전처,200ml,750ml,2006040503962	,(주)이담,해당없음,㈜동원F&B,N,,해당없음,2,수집,2022-12-29,2026-07-28 00:00:00
P109-302030200-0518,데일리주스오렌지,P,가공식품,1,가공식품,09,음료류,09302,과·채주스,0900003,과일·채소류음료,090000302,과·채주스,00,해당없음,100ml,65,,0.50,0.00,,16.00,13.50,,,,,,15,,,,,,,,,0.00,0.00,0.00,,,,,,,,,,,,,,,,,,,,,,,,,,,,,,,,,,,,,,,,,,,,,,,,,,,,,,,,,,,,,,,,,,,,,,,,,,,,,,,,,,,,,,,,,,,,,,,,,,,,,,,,,,,,,,,3,식품의약품안전처,200ml,200ml,19840415001353,정식품(주),해당없음,해당없음,N,,해당없음,2,수집,2020-06-30,2026-07-28 00:00:00
P124-200020000-2594,데이데이랙스(Daydaylax),P,가공식품,1,가공식품,24,기타식품류,24200,기타가공품,2400002,기타가공품,240000200,해당없음,00,해당없음,100g,377,,1.41,0.67,,91.24,0.87,,,,,,37,,,,,,,,,0.00,0.05,0.00,,,,,,,,,,,,,,,,,,,,,,,,,,,,,,,,,,,,,,,,,,,,,,,,,,,,,,,,,,,,,,,,,,,,,,,,,,,,,,,,,,,,,,,,,,,,,,,,,,,,,,,,,,,,,,,3,식품의약품안전처,,180g,200703582241248,코스맥스엔비티(주),해당없음,해당없음,N,,해당없음,2,수집,2026-06-15,2026-07-28 00:00:00
P107-113011300-0725,데 카를로 오리키 트륄로 엑스트라 버진 오일 250ml (176529),P,가공식품,1,가공식품,07,식용유지류,07113,올리브유,0700001,식물성유지류,070000113,올리브유,00,해당없음,100ml,828,,0.00,92.00,,0.00,0.00,,,,,,0,,,,,,,,,0.00,14.00,0.00,,,,,,,,,,,,,,,,,,,,,,,,,,,,,,,,,,,,,,,,,,,,,,,,,,,,,,,,,,,,,,,,,,,,,,,,,,,,,,,,,,,,,,,,,,,,,,,,,,,,,,,,,,,,,,,3,식품의약품안전처,5g(ml),250ml,19IT25W00D7,AZIENDA AGRICOLA DE CARLO SOC.AGRICOLA SEMPLICE,영흥식품(주),해당없음,Y,380,이탈리아,2,수집,2023-11-22,2026-07-28 00:00:00
P123-203020200-0146,더큰스팸김치볶음밥삼각김밥,P,가공식품,1,가공식품,23,즉석식품류,23203,주먹밥/김밥/초밥,2300002,즉석섭취·편의식품류,230000202,즉석섭취식품,00,해당없음,100g,181,,5.16,5.81,,27.10,1.29,,,,,,397,,,,,,,,,8.39,1.55,0.19,,,,,,,,,,,,,,,,,,,,,,,,,,,,,,,,,,,,,,,,,,,,,,,,,,,,,,,,,,,,,,,,,,,,,,,,,,,,,,,,,,,,,,,,,,,,,,,,,,,,,,,,,,,,,,,3,식품의약품안전처,210g,155g,2017062414429,지에프에스,해당없음,해당없음,N,,해당없음,2,수집,2020-06-30,2026-07-28 00:00:00
P109-102010200-5052,더진한 대추홍삼청,P,가공식품,1,가공식품,09,음료류,09102,액상차,0900001,다류,090000102,액상차,00,해당없음,100ml,280,,0.50,0.00,,70.00,62.00,,,,,,7,,,,,,,,,0.00,0.00,0.00,,,,,,,,,,,,,,,,,,,,,,,,,,,,,,,,,,,,,,,,,,,,,,,,,,,,,,,,,,,,,,,,,,,,,,,,,,,,,,,,,,,,,,,,,,,,,,,,,,,,,,,,,,,,,,,3,식품의약품안전처,200ml,250ml,202508627982,주식회사 해담,해당없음,해당없음,N,,해당없음,2,수집,2026-05-12,2026-07-28 00:00:00
P113-206020400-0060,더비비고 열무된장덮밥소스,P,가공식품,1,가공식품,13,조미식품,13206,기타 소스류,1300002,소스류,130000204,소스,00,해당없음,100g,78,,5.50,3.50,,7.50,2.50,2.5,,,,,310,,,,,,,,,5.00,0.70,0.00,,,,,,,,,,,,,,,,,,,,,,,,,,,,,,,,,,,,,,,,,,,,,,,,,,,,,,,,,,,,,,,,,,,,,,,,,,,,,,,,,,,,,,,,,,,,,,,,,,,,,,,,,,,,,,,3,식품의약품안전처,"드레싱 15g, 덮밥소스 165g",200g,201304431681088,(주)성보,해당없음,씨제이제일제당㈜,N,,해당없음,2,수집,2022-12-29,2026-07-28 00:00:00
P101-102000100-0674,더블스윗 바닐라 마카롱,P,가공식품,1,가공식품,01,과자류·빵류 또는 떡류,01102,마카롱/다쿠아즈,0100000,해당없음,010000001,과자,00,해당없음,100g,483,,7.22,31.67,,41.67,36.67,,,,,,37,,,,,,,,,158.34,10.00,0.00,,,,,,,,,,,,,,,,,,,,,,,,,,,,,,,,,,,,,,,,,,,,,,,,,,,,,,,,,,,,,,,,,,,,,,,,,,,,,,,,,,,,,,,,,,,,,,,,,,,,,,,,,,,,,,,3,식품의약품안전처,30g,18g,20170137288138,주식회사더블스윗,해당없음,해당없음,N,,해당없음,2,수집,2024-07-16,2026-07-28 00:00:00
P124-200020000-0040,더바삭 부침가루,P,가공식품,1,가공식품,24,기타식품류,24200,기타가공품,2400002,기타가공품,240000200,해당없음,00,해당없음,100g,355,,8.00,0.70,,79.00,2.00,,,,,,660,,,,,,,,,0.00,0.20,0.00,,,,,,,,,,,,,,,,,,,,,,,,,,,,,,,,,,,,,,,,,,,,,,,,,,,,,,,,,,,,,,,,,,,,,,,,,,,,,,,,,,,,,,,,,,,,,,,,,,,,,,,,,,,,,,,3,식품의약품안전처,,1000g,19860309018380,오뚜기라면주식회사,해당없음,주식회사 오뚜기,N,,해당없음,2,수집,2022-12-29,2026-07-28 00:00:00
P109-201020000-1167,더단백드링크 커피,P,가공식품,1,가공식품,09,음료류,09201,액상커피,0900002,커피,090000200,해당없음,00,해당없음,100ml,44,,8.00,0.40,,2.80,0.36,,,,,,24,,,,,,,,,6.00,0.16,0.00,,,,,,,,,,,,,,,,,,,,,,,,,,,0.680,,,,,,,,,,,,,,,,,,,,,,,,,,,,,,,,,,,,,,,,,,,,,,,,,,,,,,,,,,,,,,,,600.000,820.000,180.000,440.000,,,240.000,,,340.000,,320.000,80.000,,360.000,,,,,,3,식품의약품안전처,240ml,250ml,2022068312921,(주)함소아제약 익산공장,해당없음,해당없음,N,,해당없음,2,수집,2026-02-13,2026-07-28 00:00:00
P101-103000100-0954,더 스토어 쿠키 세트,P,가공식품,1,가공식품,01,과자류·빵류 또는 떡류,01103,비스킷/쿠키/크래커,0100000,해당없음,010000001,과자,00,해당없음,100g,502,,6.58,27.85,,56.30,25.32,,,,,,499,,,,,,,,,91.19,19.12,0.18,,,,,,,,,,,,,,,,,,,,,,,,,,,,,,,,,,,,,,,,,,,,,,,,,,,,,,,,,,,,,,,,,,,,,,,,,,,,,,,,,,,,,,,,,,,,,,,,,,,,,,,,,,,,,,,3,식품의약품안전처,30g,100g,20120080901640,주식회사제이브라운,해당없음,해당없음,N,,해당없음,2,수집,2024-04-26,2026-07-28 00:00:00
P107-101010100-0102,대한제분 쿡스 콩 식용유 BULK,P,가공식품,1,가공식품,07,식용유지류,07101,콩기름(대두유),0700001,식물성유지류,070000101,콩기름(대두유),00,해당없음,100g,900,,0.00,100.00,,0.00,0.00,,,,,,0,,,,,,,,,0.00,16.00,0.00,,,,,,,,,,,,,,,,,,,,,,,,,,,,,,,,,,,,,,,,,,,,,,,,,,,,,,,,,,,,,,,,,,,,,,,,,,,,,,,,,,,,,,,,,,,,,,,,,,,,,,,,,,,,,,,3,식품의약품안전처,5g(ml),100g,20170347060249,(주)비앤비코리아,해당없음,해당없음,N,,해당없음,2,수집,2024-02-05,2026-07-28 00:00:00
P101-106000100-4750,대치웅 찹쌀과자(스파이시),P,가공식품,1,가공식품,01,과자류·빵류 또는 떡류,01106,일반과자,0100000,해당없음,010000001,과자,00,해당없음,100g,493,,6.77,21.00,,69.39,0.00,,,,,,376,,,,,,,,,0.00,3.85,0.00,,,,,,,,,,,,,,,,,,,,,,,,,,,,,,,,,,,,,,,,,,,,,,,,,,,,,,,,,,,,,,,,,,,,,,,,,,,,,,,,,,,,,,,,,,,,,,,,,,,,,,,,,,,,,,,3,식품의약품안전처,30g,,23CN54N00D0,"ANHUI LIANGYUE FOODS CO.,LTD",길상무역,해당없음,Y,156,중국,2,수집,2024-12-31,2026-07-28 00:00:00
P101-405000400-0383,대왕모카빵,P,가공식품,1,가공식품,01,과자류·빵류 또는 떡류,01405,기타 빵,0100000,해당없음,010000004,빵류,00,해당없음,100g,271,,5.86,8.97,,41.72,18.28,,,,,,190,,,,,,,,,31.03,5.52,0.24,,,,,,,,,,,,,,,,,,,,,,,,,,,,,,,,,,,,,,,,,,,,,,,,,,,,,,,,,,,,,,,,,,,,,,,,,,,,,,,,,,,,,,,,,,,,,,,,,,,,,,,,,,,,,,,3,식품의약품안전처,70g,290g,200402750571015,(주)푸드코아,해당없음,해당없음,N,,해당없음,2,수집,2019-06-30,2026-07-28 00:00:00
P123-302030100-2012,대림선 포자찐만두,P,가공식품,1,가공식품,23,즉석식품류,23302,만두,2300003,만두류,230000301,만두,00,해당없음,100g,210,,8.00,11.00,,23.00,2.00,,,,,,440,,,,,,,,,0.00,4.00,0.00,,,,,,,,,,,,,,,,,,,,,,,,,,,,,,,,,,,,,,,,,,,,,,,,,,,,,,,,,,,,,,,,,,,,,,,,,,,,,,,,,,,,,,,,,,,,,,,,,,,,,,,,,,,,,,,3,식품의약품안전처,150g,3000g,2000049802780,(주)사조오양임실공장,해당없음,해당없음,N,,해당없음,2,수집,2025-01-22,2026-07-28 00:00:00
P110-400040000-3072,대구살늙은호박무른밥,P,가공식품,1,가공식품,10,특수영양식품,10400,영·유아용 이유식,1000004,영·유아용 이유식,100000400,해당없음,00,해당없음,100g,77,,2.92,0.21,,15.84,0.42,,,,,,8,,,,,,,,,0.00,0.04,0.00,,,,,,,,,,,,,,,,,,,,,,,,,,,,,,,,,,,,,,,,,,,,,,,,,,,,,,,,,,,,,,,,,,,,,,,,,,,,,,,,,,,,,,,,,,,,,,,,,,,,,,,,,,,,,,,3,식품의약품안전처,,240g,20250483015414,주식회사 플라잉닥터 제2공장,해당없음,해당없음,N,,해당없음,2,수집,2025-11-13,2026-07-28 00:00:00
P120-104010400-1455,당면쏙쏙어묵말이,P,가공식품,1,가공식품,20,수산가공식품류,20104,어묵,2000001,어육가공품류,200000104,어묵,00,해당없음,100g,165,,6.15,3.08,,28.08,3.08,,,,,,673,,,,,,,,,9.62,0.73,0.00,,,,,,,,,,,,,,,,,,,,,,,,,,,,,,,,,,,,,,,,,,,,,,,,,,,,,,,,,,,,,,,,,,,,,,,,,,,,,,,,,,,,,,,,,,,,,,,,,,,,,,,,,,,,,,,3,식품의약품안전처,30g,260g,20060347161250,(주)아워홈,해당없음,해당없음,N,,해당없음,2,수집,2025-07-14,2026-07-28 00:00:00
P123-224020200-1215,당근라페 리코타 2단 샌드위치,P,가공식품,1,가공식품,23,즉석식품류,23224,샌드위치,2300002,즉석섭취·편의식품류,230000202,즉석섭취식품,00,해당없음,100g,226,,6.61,9.54,,28.47,7.58,,,,,,335,,,,,,,,,14.37,3.64,0.07,,,,,,,,,,,,,,,,,,,,,,,,,,,,,,,,,,,,,,,,,,,,,,,,,,,,,,,,,,,,,,,,,,,,,,,,,,,,,,,,,,,,,,,,,,,,,,,,,,,,,,,,,,,,,,,3,식품의약품안전처,150g,115g,200402750571406,(주)푸드코아,해당없음,해당없음,N,,해당없음,2,수집,2024-09-02,2026-07-28 00:00:00
P101-431000400-0249,담백한 불고기 부리또,P,가공식품,1,가공식품,01,과자류·빵류 또는 떡류,01431,토스트/샌드위치,0100000,해당없음,010000004,빵류,00,해당없음,100g,290,,11.82,10.91,,37.27,8.18,,,,,,715,,,,,,,,,40.00,4.27,0.73,,,,,,,,,,,,,,,,,,,,,,,,,,,,,,,,,,,,,,,,,,,,,,,,,,,,,,,,,,,,,,,,,,,,,,,,,,,,,,,,,,,,,,,,,,,,,,,,,,,,,,,,,,,,,,,3,식품의약품안전처,70g,110g,201503472991230,(주)유로베이크,해당없음,해당없음,N,,해당없음,2,수집,2026-06-15,2026-07-28 00:00:00
P117-501050100-6253,닭안심 커틀렛,P,가공식품,1,가공식품,17,식육가공품 및 포장육,17501,양념육,1700005,양념육류(축산물가공품),170000501,양념육,00,해당없음,100g,160,,15.60,1.96,,19.84,1.60,,,,,,280,,,,,,,,,26.52,0.68,0.00,,,,,,,,,,,,,,,,,,,,,,,,,,,,,,,,,,,,,,,,,,,,,,,,,,,,,,,,,,,,,,,,,,,,,,,,,,,,,,,,,,,,,,,,,,,,,,,,,,,,,,,,,,,,,,,3,식품의약품안전처,100g,250g,20070262030388,(주)견우푸드,해당없음,해당없음,N,,해당없음,2,수집,2026-03-20,2026-07-28 00:00:00
P117-501050100-2426,닭근위(마일드염지),P,가공식품,1,가공식품,17,식육가공품 및 포장육,17501,양념육,1700005,양념육류(축산물가공품),170000501,양념육,00,해당없음,100g,94,,17.66,2.06,,0.00,0.00,,,,,,69,,,,,,,,,240.00,0.00,0.00,,,,,,,,,,,,,,,,,,,,,,,,,,,,,,,,,,,,,,,,,,,,,,,,,,,,,,,,,,,,,,,,,,,,,,,,,,,,,,,,,,,,,,,,,,,,,,,,,,,,,,,,,,,,,,,3,식품의약품안전처,100g,100g,202303580096,태산푸드,해당없음,해당없음,N,,해당없음,2,수집,2024-12-16,2026-07-28 00:00:00
P123-205020300-0239,닭고기모듬버섯죽밀키트(쌀제외),P,가공식품,1,가공식품,23,즉석식품류,23205,죽,2300002,즉석섭취·편의식품류,230000203,즉석조리식품,00,해당없음,100g,33,,5.00,0.29,,2.50,0.42,,,,,,15,,,,,,,,,10.42,0.00,0.00,,,,,,,,,,,,,,,,,,,,,,,,,,,,,,,,,,,,,,,,,,,,,,,,,,,,,,,,,,,,,,,,,,,,,,,,,,,,,,,,,,,,,,,,,,,,,,,,,,,,,,,,,,,,,,,3,식품의약품안전처,250ml(g),240g,20200230887433,쿡베이스,해당없음,해당없음,N,,해당없음,2,수집,2021-06-30,2026-07-28 00:00:00
P117-201020100-0720,닭가슴살프랑크 옥수수콘,P,가공식품,1,가공식품,17,식육가공품 및 포장육,17201,소시지,1700002,소시지류(축산물가공품),170000201,소시지,00,해당없음,100g,134,,15.35,6.06,,4.44,2.08,,,,,,360,,,,,,,,,40.45,1.55,0.03,,,,,,,,,,,,,,,,,,,,,,,,,,,,,,,,,,,,,,,,,,,,,,,,,,,,,,,,,,,,,,,,,,,,,,,,,,,,,,,,,,,,,,,,,,,,,,,,,,,,,,,,,,,,,,,3,식품의약품안전처,30g,950g,19980448004329,(주)진주햄,해당없음,해당없음,N,,해당없음,2,수집,2023-12-22,2026-07-28 00:00:00
P123-203020200-2276,닭가슴살곡물김밥,P,가공식품,1,가공식품,23,즉석식품류,23203,주먹밥/김밥/초밥,2300002,즉석섭취·편의식품류,230000202,즉석섭취식품,00,해당없음,100g,154,,6.99,3.70,,23.09,0.38,,,,,,304,,,,,,,,,29.09,0.69,0.03,,,,,,,,,,,,,,,,,,,,,,,,,,,,,,,,,,,,,,,,,,,,,,,,,,,,,,,,,,,,,,,,,,,,,,,,,,,,,,,,,,,,,,,,,,,,,,,,,,,,,,,,,,,,,,,3,식품의약품안전처,210g,244g,20170607069346,(주)원푸드림주촌지점,해당없음,해당없음,N,,해당없음,2,수집,2025-05-22,2026-07-28 00:00:00
P117-800080000-0762,닭가슴살 동그랑땡,P,가공식품,1,가공식품,17,식육가공품 및 포장육,17800,기타 식육가공품,1700008,식육함유가공품,170000800,해당없음,00,해당없음,100g,150,,18.00,2.80,,13.00,0.50,,,,,,310,,,,,,,,,35.00,0.60,0.00,,,,,,,,,,,,,,,,,,,,,,,,,,,,,,,,,,,,,,,,,,,,,,,,,,,,,,,,,,,,,,,,,,,,,,,,,,,,,,,,,,,,,,,,,,,,,,,,,,,,,,,,,,,,,,,3,식품의약품안전처,,2000g,20150380724171,주)씨엔에스테크,해당없음,해당없음,N,,해당없음,2,수집,2026-04-15,2026-07-28 00:00:00
P101-102000100-0043,달콤폭발마카롱,P,가공식품,1,가공식품,01,과자류·빵류 또는 떡류,01102,마카롱/다쿠아즈,0100000,해당없음,010000001,과자,00,해당없음,100g,474,,5.71,28.57,,48.57,20.00,,,,,,43,,,,,,,,,28.57,11.43,0.57,,,,,,,,,,,,,,,,,,,,,,,,,,,,,,,,,,,,,,,,,,,,,,,,,,,,,,,,,,,,,,,,,,,,,,,,,,,,,,,,,,,,,,,,,,,,,,,,,,,,,,,,,,,,,,,3,식품의약품안전처,30g,70g,197102750034929,(주)샤니,해당없음,해당없음,N,,해당없음,2,수집,2020-06-30,2026-07-28 00:00:00
P101-501000500-0866,달인 흑미찹쌀떡,P,가공식품,1,가공식품,01,과자류·빵류 또는 떡류,01501,떡,0100000,해당없음,010000005,떡류,00,해당없음,100g,287,,5.00,3.00,,60.00,20.00,,,,,,258,,,,,,,,,0.00,0.80,0.00,,,,,,,,,,,,,,,,,,,,,,,,,,,,,,,,,,,,,,,,,,,,,,,,,,,,,,,,,,,,,,,,,,,,,,,,,,,,,,,,,,,,,,,,,,,,,,,,,,,,,,,,,,,,,,,3,식품의약품안전처,100g,100g,2021038423017,최강달인푸드(주),해당없음,해당없음,N,,해당없음,2,수집,2024-01-23,2026-07-28 00:00:00
P101-401000400-1072,달광도넛초코(냉동),P,가공식품,1,가공식품,01,과자류·빵류 또는 떡류,01401,도넛,0100000,해당없음,010000004,빵류,00,해당없음,100g,444,,6.67,22.22,,55.56,22.22,,,,,,311,,,,,,,,,66.67,11.11,0.00,,,,,,,,,,,,,,,,,,,,,,,,,,,,,,,,,,,,,,,,,,,,,,,,,,,,,,,,,,,,,,,,,,,,,,,,,,,,,,,,,,,,,,,,,,,,,,,,,,,,,,,,,,,,,,,3,식품의약품안전처,70g,45g,2024051324260,리바이프로덕트(주),해당없음,해당없음,N,,해당없음,2,수집,2025-06-23,2026-07-28 00:00:00
P101-103000400-0250,단호박을품은우리밀씨앗쿠키,P,가공식품,1,가공식품,01,과자류·빵류 또는 떡류,01103,비스킷/쿠키/크래커,0100000,해당없음,010000004,빵류,00,해당없음,100g,463,,7.00,17.00,,71.00,28.00,,,,,,256,,,,,,,,,40.00,10.00,0.00,,,,,,,,,,,,,,,,,,,,,,,,,,,,,,,,,,,,,,,,,,,,,,,,,,,,,,,,,,,,,,,,,,,,,,,,,,,,,,,,,,,,,,,,,,,,,,,,,,,,,,,,,,,,,,,3,식품의약품안전처,30g,150g,2001015424345,뉴베이커리,해당없음,해당없음,N,,해당없음,2,수집,2021-06-30,2026-07-28 00:00:00
P123-226020200-1474,단호박&고구마 샐러드,P,가공식품,1,가공식품,23,즉석식품류,23226,샐러드,2300002,즉석섭취·편의식품류,230000202,즉석섭취식품,00,해당없음,100g,205,,1.00,13.50,,20.00,9.00,,,,,,170,,,,,,,,,10.00,2.10,0.00,,,,,,,,,,,,,,,,,,,,,,,,,,,,,,,,,,,,,,,,,,,,,,,,,,,,,,,,,,,,,,,,,,,,,,,,,,,,,,,,,,,,,,,,,,,,,,,,,,,,,,,,,,,,,,,3,식품의약품안전처,,200g,20150355222532,(주)엠디에스코리아3공장,해당없음,해당없음,N,,해당없음,2,수집,2025-05-01,2026-07-28 00:00:00
P101-501000500-5183,단팥 모찌,P,가공식품,1,가공식품,01,과자류·빵류 또는 떡류,01501,떡,0100000,해당없음,010000005,떡류,00,해당없음,100g,425,,5.00,20.00,,40.00,28.00,,,,,,165,,,,,,,,,80.00,14.00,0.50,,,,,,,,,,,,,,,,,,,,,,,,,,,,,,,,,,,,,,,,,,,,,,,,,,,,,,,,,,,,,,,,,,,,,,,,,,,,,,,,,,,,,,,,,,,,,,,,,,,,,,,,,,,,,,,3,식품의약품안전처,100g,40g,2019014152642,주식회사 에스나인바이오사이언스,해당없음,해당없음,N,,해당없음,2,수집,2026-04-09,2026-07-28 00:00:00
P101-405000400-5462,단밤 보름달,P,가공식품,1,가공식품,01,과자류·빵류 또는 떡류,01405,기타 빵,0100000,해당없음,010000004,빵류,00,해당없음,100g,392,,4.71,20.00,,48.24,34.12,,,,,,176,,,,,,,,,200.01,7.06,0.00,,,,,,,,,,,,,,,,,,,,,,,,,,,,,,,,,,,,,,,,,,,,,,,,,,,,,,,,,,,,,,,,,,,,,,,,,,,,,,,,,,,,,,,,,,,,,,,,,,,,,,,,,,,,,,,3,식품의약품안전처,70g,85g,199301880912647,주식회사샤니,해당없음,해당없음,N,,해당없음,2,수집,2024-08-14,2026-07-28 00:00:00
P101-106000100-0380,닥터바나나현미쌀과자,P,가공식품,1,가공식품,01,과자류·빵류 또는 떡류,01106,일반과자,0100000,해당없음,010000001,과자,00,해당없음,100g,407,,7.40,4.40,,84.50,0.70,,,,,,46,,,,,,,,,0.00,1.80,0.00,,,,,,,,,,,,,,,,,,,,,,,,,,,,,,,,,,,,,,,,,,,,,,,,,,,,,,,,,,,,,,,,,,,,,,,,,,,,,,,,,,,,,,,,,,,,,,,,,,,,,,,,,,,,,,,3,식품의약품안전처,30g,30g,201203044139,강희만쌀과자,해당없음,해당없음,N,,해당없음,2,수집,2021-06-30,2026-07-28 00:00:00
P103-101020100-0113,다크초콜릿커버춰미아메르,P,가공식품,1,가공식품,03,코코아가공품류 또는 초콜릿류,03101,초콜릿,0300002,초콜릿류,030000201,초콜릿,00,해당없음,100g,548,,5.00,40.00,,42.00,40.00,,,,,,5,,,,,,,,,0.00,24.00,0.00,,,,,,,,,,,,,,,,,,,,,,,,,,,,,,,,,,,,,,,,,,,,,,,,,,,,,,,,,,,,,,,,,,,,,,,,,,,,,,,,,,,,,,,,,,,,,,,,,,,,,,,,,,,,,,,3,식품의약품안전처,15g,1000g,2020_DNSP_00661,해당없음,BARRY CALLEBAUT FRANCE SAS,해당없음,Y,250,프랑스,2,수집,2020-06-30,2026-07-28 00:00:00
P103-101020100-1600,다크63 초콜릿,P,가공식품,1,가공식품,03,코코아가공품류 또는 초콜릿류,03101,초콜릿,0300002,초콜릿류,030000201,초콜릿,00,해당없음,100g,540,,6.67,33.33,,50.00,36.67,,,,,,7,,,,,,,,,0.00,21.00,0.00,,,,,,,,,,,,,,,,,,,,,,,,,,,,,,,,,,,,,,,,,,,,,,,,,,,,,,,,,,,,,,,,,,,,,,,,,,,,,,,,,,,,,,,,,,,,,,,,,,,,,,,,,,,,,,,3,식품의약품안전처,15g,30g,2024055588424,메이커스초콜릿,해당없음,해당없음,N,,해당없음,2,수집,2026-03-10,2026-07-28 00:00:00
P109-102010200-2065,다자바음료,P,가공식품,1,가공식품,09,음료류,09102,액상차,0900001,다류,090000102,액상차,00,해당없음,100g,250,,8.00,15.00,,30.00,10.00,,,,,,300,,,,,,,,,30.00,5.00,0.00,,,,,,,,,,,,,,,,,,,,,,,,,,,,,,,,,,,,,,,,,,,,,,,,,,,,,,,,,,,,,,,,,,,,,,,,,,,,,,,,,,,,,,,,,,,,,,,,,,,,,,,,,,,,,,,3,식품의약품안전처,200ml,100g,202406350823,다파라케이바이오(주),해당없음,해당없음,N,,해당없음,2,수집,2024-08-27,2026-07-28 00:00:00
P117-100010100-2257,다온햄 소스 닭가슴살 매콤데리야끼맛,P,가공식품,1,가공식품,17,식육가공품 및 포장육,17100,햄,1700001,햄류(축산물가공품),170000101,햄,00,해당없음,100g,120,,19.00,1.60,,8.00,7.00,,,,,,480,,,,,,,,,55.00,0.50,0.00,,,,,,,,,,,,,,,,,,,,,,,,,,,,,,,,,,,,,,,,,,,,,,,,,,,,,,,,,,,,,,,,,,,,,,,,,,,,,,,,,,,,,,,,,,,,,,,,,,,,,,,,,,,,,,,3,식품의약품안전처,30g,100g,20240371098194,농업회사법인 주식회사 다온,해당없음,해당없음,N,,해당없음,2,수집,2026-06-20,2026-07-28 00:00:00
P116-701070100-1919,다베리 딸기청,P,가공식품,1,가공식품,16,농산가공식품류,16701,과일가공품,1600007,기타 농산가공품류,160000701,과·채가공품,00,해당없음,100g,99,,0.59,0.00,,23.93,20.50,,,,,,0,,,,,,,,,0.00,0.00,0.00,,,,,,,,,,,,,,,,,,,,,,,,,,,,,,,,,,,,,,,,,,,,,,,,,,,,,,,,,,,,,,,,,,,,,,,,,,,,,,,,,,,,,,,,,,,,,,,,,,,,,,,,,,,,,,,3,식품의약품안전처,30g,1000g,202607150101,다베리,해당없음,해당없음,N,,해당없음,2,수집,2026-02-23,2026-07-28 00:00:00
P109-700070000-0543,다나 발효홍삼,P,가공식품,1,가공식품,09,음료류,09700,인삼/홍삼음료,0900007,인삼·홍삼음료,090000700,해당없음,00,해당없음,100g,57,,0.90,0.10,,13.10,5.00,,,,,,11,,,,,,,,,0.00,0.00,0.00,,,,,,,,,,,,,,,,,,,,,,,,,,,,,,,,,,,,,,,,,,,,,,,,,,,,,,,,,,,,,,,,,,,,,,,,,,,,,,,,,,,,,,,,,,,,,,,,,,,,,,,,,,,,,,,3,식품의약품안전처,100ml,200g,20190424104173,엔에이치씨바이오텍(주),해당없음,해당없음,N,,해당없음,2,수집,2024-11-12,2026-07-28 00:00:00
P116-705070200-2940,늘보리전병,P,가공식품,1,가공식품,16,농산가공식품류,16705,기타 농산가공품,1600007,기타 농산가공품류,160000702,곡류가공품,00,해당없음,100g,112,,3.00,1.50,,24.50,7.10,,,,,,266,,,,,,,,,0.00,0.00,0.00,,,,,,,,,,,,,,,,,,,,,,,,,,,,,,,,,,,,,,,,,,,,,,,,,,,,,,,,,,,,,,,,,,,,,,,,,,,,,,,,,,,,,,,,,,,,,,,,,,,,,,,,,,,,,,,3,식품의약품안전처,,170g,2024066108513,내아버지는 농부라,해당없음,해당없음,N,,해당없음,2,수집,2026-06-25,2026-07-28 00:00:00
P123-219020200-0055,뉴케어데이밀슈퍼블랙,P,가공식품,1,가공식품,23,즉석식품류,23219,미숫가루/선식,2300002,즉석섭취·편의식품류,230000202,즉석섭취식품,00,해당없음,100g,429,,14.29,12.86,,62.86,10.00,,,,,,514,,,,,,,,,0.00,4.86,0.00,,,,,,,,,,,,,,,,,,,,,,,,,,,,,,,,,,,,,,,,,,,,,,,,,,,,,,,,,,,,,,,,,,,,,,,,,,,,,,,,,,,,,,,,,,,,,,,,,,,,,,,,,,,,,,,3,식품의약품안전처,,980g,20030449009288,(주)선제,해당없음,해당없음,N,,해당없음,2,수집,2021-06-30,2026-07-28 00:00:00
P101-409000400-3251,뉴욕 치즈 케이크,P,가공식품,1,가공식품,01,과자류·빵류 또는 떡류,01409,케이크,0100000,해당없음,010000004,빵류,00,해당없음,100g,334,,5.70,20.80,,31.10,14.30,,,,,,149,,,,,,,,,135.90,13.30,0.40,,,,,,,,,,,,,,,,,,,,,,,,,,,,,,,,,,,,,,,,,,,,,,,,,,,,,,,,,,,,,,,,,,,,,,,,,,,,,,,,,,,,,,,,,,,,,,,,,,,,,,,,,,,,,,,3,식품의약품안전처,70g,720g,2024011894620,(유)트리뷰트컬렉션,해당없음,해당없음,N,,해당없음,2,수집,2026-03-30,2026-07-28 00:00:00
P117-501050100-3902,뉴 더큰매콤순살꼬치,P,가공식품,1,가공식품,17,식육가공품 및 포장육,17501,양념육,1700005,양념육류(축산물가공품),170000501,양념육,00,해당없음,100g,289,,13.00,17.00,,21.00,2.00,,,,,,740,,,,,,,,,20.00,3.20,0.00,,,,,,,,,,,,,,,,,,,,,,,,,,,,,,,,,,,,,,,,,,,,,,,,,,,,,,,,,,,,,,,,,,,,,,,,,,,,,,,,,,,,,,,,,,,,,,,,,,,,,,,,,,,,,,,3,식품의약품안전처,100g,1100g,23CN00700H0,"THE SECOND PLANT OF SHANDONG FENGXIANG FOOD DEVELOPMENT CO.,LTD",(주)와이디에스,해당없음,Y,156,중국,2,수집,2023-05-11,2026-07-28 00:00:00
P104-701070000-1841,누멘(nūmen) 알부민 골드,P,가공식품,1,가공식품,04,당류,04701,당류가공품,0400007,당류가공품,040000700,해당없음,00,해당없음,100g,362,,29.20,0.85,,59.28,31.09,,,,,,619,,,,,,,,,5.70,0.80,0.00,,,,,,,,,,,,,,,,,,,,,,,,,,,,,,,,,,,,,,,,,,,,,,,,,,,,,,,,,,,,,,,,,,,,,,,,,,,,,,,,,,,,,,,,,,,,,,,,,,,,,,,,,,,,,,,3,식품의약품안전처,,180g,198803550331592,(주)한미양행,해당없음,해당없음,N,,해당없음,2,수집,2026-01-19,2026-07-28 00:00:00
P101-406000400-0104,누네띠네스콘,P,가공식품,1,가공식품,01,과자류·빵류 또는 떡류,01406,스콘,0100000,해당없음,010000004,빵류,00,해당없음,100g,397,,6.25,18.75,,53.13,12.50,,,,,,131,,,,,,,,,12.50,3.13,0.00,,,,,,,,,,,,,,,,,,,,,,,,,,,,,,,,,,,,,,,,,,,,,,,,,,,,,,,,,,,,,,,,,,,,,,,,,,,,,,,,,,,,,,,,,,,,,,,,,,,,,,,,,,,,,,,3,식품의약품안전처,70g,32g,20200383474188,바름바이오랩,해당없음,해당없음,N,,해당없음,2,수집,2023-12-22,2026-07-28 00:00:00
P109-303030300-1465,농장(愛)애 사과,P,가공식품,1,가공식품,09,음료류,09303,과·채음료,0900003,과일·채소류음료,090000303,과·채음료,00,해당없음,100ml,44,,0.00,0.00,,11.01,10.81,,,,,,13,,,,,,,,,0.00,0.00,0.00,,,,,,,,,,,,,,,,,,,,,,,,,,,,,,,,,,,,,,,,,,,,,,,,,,,,,,,,,,,,,,,,,,,,,,,,,,,,,,,,,,,,,,,,,,,,,,,,,,,,,,,,,,,,,,,3,식품의약품안전처,200ml,1500ml,20020623009916,퓨어플러스(주),해당없음,해당없음,N,,해당없음,2,수집,2024-07-05,2026-07-28 00:00:00
P109-201020000-1856,논도 포도봉봉,P,가공식품,1,가공식품,09,음료류,09201,액상커피,0900002,커피,090000200,해당없음,00,해당없음,100g,25,,1.00,0.00,,5.00,0.00,,,,,,0,,,,,,,,,0.00,0.00,0.00,,,,,,,,,,,,,,,,,,,,,,,,,,,,,,,,,,,,,,,,,,,,,,,,,,,,,,,,,,,,,,,,,,,,,,,,,,,,,,,,,,,,,,,,,,,,,,,,,,,,,,,,,,,,,,,3,식품의약품안전처,240ml,350g,20080332594138,(주)스위트컵,해당없음,해당없음,N,,해당없음,2,수집,2025-05-20,2026-07-28 00:00:00
P101-405000400-6407,녹차 에끌레어,P,가공식품,1,가공식품,01,과자류·빵류 또는 떡류,01405,기타 빵,0100000,해당없음,010000004,빵류,00,해당없음,100g,391,,5.52,20.84,,45.36,21.56,,,,,,101,,,,,,,,,74.96,14.50,0.32,,,,,,,,,,,,,,,,,,,,,,,,,,,,,,,,,,,,,,,,,,,,,,,,,,,,,,,,,,,,,,,,,,,,,,,,,,,,,,,,,,,,,,,,,,,,,,,,,,,,,,,,,,,,,,,3,식품의약품안전처,70g,50g,20220188346126,꾸움제과,해당없음,해당없음,N,,해당없음,2,수집,2025-03-07,2026-07-28 00:00:00
P102-101010100-1269,노티드 아이스 우유크림 도넛,P,가공식품,1,가공식품,02,빙과류,02101,아이스크림,0200001,아이스크림류(축산물가공품),020000101,아이스크림,00,해당없음,100ml,113,,1.88,3.75,,17.50,12.50,,,,,,81,,,,,,,,,37.50,1.63,0.00,,,,,,,,,,,,,,,,,,,,,,,,,,,,,,,,,,,,,,,,,,,,,,,,,,,,,,,,,,,,,,,,,,,,,,,,,,,,,,,,,,,,,,,,,,,,,,,,,,,,,,,,,,,,,,,3,식품의약품안전처,100ml,160ml,19980476019361,주식회사서주,해당없음,해당없음,N,,해당없음,2,수집,2025-05-28,2026-07-28 00:00:00
P109-303030300-3094,노보 바리스타 코코넛밀크 드링크,P,가공식품,1,가공식품,09,음료류,09303,과·채음료,0900003,과일·채소류음료,090000303,과·채음료,00,해당없음,100ml,100,,1.00,8.60,,5.00,3.50,,,,,,70,,,,,,,,,0.00,7.30,0.00,,,,,,,,,,,,,,,,,,,,,,,,,,,,,,,,,,,,,,,,,,,,,,,,,,,,,,,,,,,,,,,,,,,,,,,,,,,,,,,,,,,,,,,,,,,,,,,,,,,,,,,,,,,,,,,3,식품의약품안전처,200ml,1000ml,26ID03R00D1,PT PULAU SAMBU,(주)삼경에프에스,해당없음,Y,360,인도네시아,2,수집,2026-04-15,2026-07-28 00:00:00
P109-302030200-2403,노나망고주스,P,가공식품,1,가공식품,09,음료류,09302,과·채주스,0900003,과일·채소류음료,090000302,과·채주스,00,해당없음,100ml,65,,0.00,0.00,,15.00,11.00,,,,,,10,,,,,,,,,0.00,0.00,0.00,,,,,,,,,,,,,,,,,,,,,,,,,,,,,,,,,,,,,,,,,,,,,,,,,,,,,,,,,,,,,,,,,,,,,,,,,,,,,,,,,,,,,,,,,,,,,,,,,,,,,,,,,,,,,,,3,식품의약품안전처,200ml,100ml,2019018937058,주식회사 디앤씨바이오,해당없음,해당없음,N,,해당없음,2,수집,2023-12-22,2026-07-28 00:00:00
P107-307030700-0002,네슬레커피메이트,P,가공식품,1,가공식품,07,식용유지류,07307,식물성크림,0700003,식용유지가공품,070000307,식물성크림,00,해당없음,100g,551,,1.00,35.00,,58.00,8.00,,,,,,220,,,,,,,,,0.00,32.00,0.00,,,,,,,,,,,,,,,,,,,,,,,,,,,,,,,,,,,,,,,,,,,,,,,,,,,,,,,,,,,,,,,,,,,,,,,,,,,,,,,,,,,,,,,,,,,,,,,,,,,,,,,,,,,,,,,3,식품의약품안전처,5g,1000g,2020_DNSP_00494,해당없음,"NESTLE(THAI)CO.,LTD",해당없음,Y,764,태국,2,수집,2020-06-30,2026-07-28 00:00:00
P120-600060000-3402,네기토로,P,가공식품,1,가공식품,20,수산가공식품류,20600,기타 수산가공품,2000006,기타 수산물가공품,200000600,해당없음,00,해당없음,100g,193,,16.50,13.40,,1.50,0.00,,,,,,462,,,,,,,,,29.00,3.50,0.00,,,,,,,,,,,,,,,,,,,,,,,,,,,,,,,,,,,,,,,,,,,,,,,,,,,,,,,,,,,,,,,,,,,,,,,,,,,,,,,,,,,,,,,,,,,,,,,,,,,,,,,,,,,,,,,3,식품의약품안전처,,500g,26JP0NA00D5,MARUHA NICHIRO CORPORATION,(주)엘에프 푸드,해당없음,Y,392,일본,2,수집,2026-04-06,2026-07-28 00:00:00
P101-419000400-0098,널담 뉴트리션 통밀식빵 비트,P,가공식품,1,가공식품,01,과자류·빵류 또는 떡류,01419,곡물빵,0100000,해당없음,010000004,빵류,00,해당없음,100g,278,,13.00,7.20,,44.00,4.10,7.0,,,,,416,,,,,,,,,11.00,0.90,0.00,,,,,,,,,,,,,,,,,,,,,,,,,,,,,,,,,,,,,,,,,,,,,,,,,,,,,,,,,,,,,,,,,,,,,,,,,,,,,,,,,,,,,,,,,,,,,,,,,,,,,,,,,,,,,,,3,식품의약품안전처,70g,100g,20210327103182,(주)조인앤조인,해당없음,해당없음,N,,해당없음,2,수집,2024-11-15,2026-07-28 00:00:00
P101-101000100-0947,냠냠클레 스노우 딸바스틱,P,가공식품,1,가공식품,01,과자류·빵류 또는 떡류,01101,강냉이/팝콘,0100000,해당없음,010000001,과자,00,해당없음,100g,447,,7.21,13.33,,74.43,21.63,,,,,,233,,,,,,,,,7.51,7.58,0.03,,,,,,,,,,,,,,,,,,,,,,,,,,,,,,,,,,,,,,,,,,,,,,,,,,,,,,,,,,,,,,,,,,,,,,,,,,,,,,,,,,,,,,,,,,,,,,,,,,,,,,,,,,,,,,,3,식품의약품안전처,20g,25g,20060378122410,농업회사법인 리뉴얼라이프(주),해당없음,해당없음,N,,해당없음,2,수집,2025-12-03,2026-07-28 00:00:00
P120-600060000-1299,냉동흰다리새우살(생칵테일새우)(새우99.29),P,가공식품,1,가공식품,20,수산가공식품류,20600,기타 수산가공품,2000006,기타 수산물가공품,200000600,해당없음,00,해당없음,100g,53,,11.00,1.00,,0.00,0.00,,,,,,980,,,,,,,,,45.00,0.00,0.00,,,,,,,,,,,,,,,,,,,,,,,,,,,,,,,,,,,,,,,,,,,,,,,,,,,,,,,,,,,,,,,,,,,,,,,,,,,,,,,,,,,,,,,,,,,,,,,,,,,,,,,,,,,,,,,3,식품의약품안전처,,,23VN98G00D2,GIANG CHAU SEAFOOD COMPANY LIMITED,주식회사 오션스글로벌 부산,해당없음,Y,704,베트남,2,수집,2024-12-31,2026-07-28 00:00:00
P116-702070100-0961,냉동콜리플라워,P,가공식품,1,가공식품,16,농산가공식품류,16702,채소가공품,1600007,기타 농산가공품류,160000701,과·채가공품,00,해당없음,100g,30,,2.90,0.90,,2.10,1.80,,,,,,4,,,,,,,,,0.00,0.20,0.00,,,,,,,,,,,,,,,,,,,,,,,,,,,,,,,,,,,,,,,,,,,,,,,,,,,,,,,,,,,,,,,,,,,,,,,,,,,,,,,,,,,,,,,,,,,,,,,,,,,,,,,,,,,,,,,3,식품의약품안전처,30g,,20BE0Y000D2,DUJARDIN FOODS NV DIVISION KOOLSKAMP,(주)더오엠글로벌,해당없음,Y,056,벨기에,2,수집,2024-12-31,2026-07-28 00:00:00
P116-702070100-1100,냉동야채튀김,P,가공식품,1,가공식품,16,농산가공식품류,16702,채소가공품,1600007,기타 농산가공품류,160000701,과·채가공품,00,해당없음,100g,200,,2.00,8.00,,30.00,11.00,,,,,,200,,,,,,,,,0.00,3.00,0.00,,,,,,,,,,,,,,,,,,,,,,,,,,,,,,,,,,,,,,,,,,,,,,,,,,,,,,,,,,,,,,,,,,,,,,,,,,,,,,,,,,,,,,,,,,,,,,,,,,,,,,,,,,,,,,,3,식품의약품안전처,30g,1000g,25VN1E000D3,"DAEHA VINA CO.,LTD",대하상사,해당없음,Y,704,베트남,2,수집,2026-03-09,2026-07-28 00:00:00
P120-600060000-3756,냉동북아메리카장어구이,P,가공식품,1,가공식품,20,수산가공식품류,20600,기타 수산가공품,2000006,기타 수산물가공품,200000600,해당없음,00,해당없음,100g,272,,18.60,22.00,,0.00,0.00,,,,,,36,,,,,,,,,160.00,4.80,0.00,,,,,,,,,,,,,,,,,,,,,,,,,,,,,,,,,,,,,,,,,,,,,,,,,,,,,,,,,,,,,,,,,,,,,,,,,,,,,,,,,,,,,,,,,,,,,,,,,,,,,,,,,,,,,,,3,식품의약품안전처,,,26CN2XO00D4,"FUJIAN HUANONG FOOD CO.,LTD",(주)갓텐코리아,해당없음,Y,156,중국,2,수집,2026-05-22,2026-07-28 00:00:00
P118-200010300-0004,냉동난백액,P,가공식품,1,가공식품,18,알가공품류,18200,알함유가공품,1800001,알가공품(축산물가공품),180000103,난백액,00,해당없음,100g,50,,10.00,0.00,,1.00,1.00,,,,,,426,,,,,,,,,0.00,0.00,0.00,,,,,,,,,,,,,,,,,,,,,,,,,,,,,,,,,,,,,,,,,,,,,,,,,,,,,,,,,,,,,,,,,,,,,,,,,,,,,,,,,,,,,,,,,,,,,,,,,,,,,,,,,,,,,,,3,식품의약품안전처,50g,9000g,17DK00700H8,DANAEG PRODUCTS A/S,(주)선인,해당없음,Y,208,덴마크,2,수집,2026-01-09,2026-07-28 00:00:00
P116-702070100-2230,냉동 혼합야채,P,가공식품,1,가공식품,16,농산가공식품류,16702,채소가공품,1600007,기타 농산가공품류,160000701,과·채가공품,00,해당없음,100g,70,,2.90,0.60,,13.20,4.20,,,,,,17,,,,,,,,,0.00,0.10,0.00,,,,,,,,,,,,,,,,,,,,,,,,,,,,,,,,,,,,,,,,,,,,,,,,,,,,,,,,,,,,,,,,,,,,,,,,,,,,,,,,,,,,,,,,,,,,,,,,,,,,,,,,,,,,,,,3,식품의약품안전처,30g,1000g,25CN5BW00D1,"QINGDAO BAIYIJIA FOOD CO.,LTD",주식회사 하이무역,해당없음,Y,156,중국,2,수집,2026-02-19,2026-07-28 00:00:00
P101-405000400-7230,냉동 차이니즈 브래드 스틱,P,가공식품,1,가공식품,01,과자류·빵류 또는 떡류,01405,기타 빵,0100000,해당없음,010000004,빵류,00,해당없음,100g,278,,7.00,8.22,,43.89,6.67,,,,,,600,,,,,,,,,0.00,1.22,0.00,,,,,,,,,,,,,,,,,,,,,,,,,,,,,,,,,,,,,,,,,,,,,,,,,,,,,,,,,,,,,,,,,,,,,,,,,,,,,,,,,,,,,,,,,,,,,,,,,,,,,,,,,,,,,,,3,식품의약품안전처,70g,5400g,17CN0UF00D4,"HANDAN ZHAOHUI BIOTECHNOLOGY CO., LTD.",(주)바른유통,해당없음,Y,156,중국,2,수집,2026-01-13,2026-07-28 00:00:00
P120-302060000-1154,냉동 아메리카 대왕오징어(동체 링(탈피) (오징어99.9761%함유),P,가공식품,1,가공식품,20,수산가공식품류,20302,원재료성 수산가공품,2000006,기타 수산물가공품,200000600,해당없음,00,해당없음,100g,41,,8.00,1.00,,0.00,0.00,,,,,,908,,,,,,,,,0.00,0.00,0.00,,,,,,,,,,,,,,,,,,,,,,,,,,,,,,,,,,,,,,,,,,,,,,,,,,,,,,,,,,,,,,,,,,,,,,,,,,,,,,,,,,,,,,,,,,,,,,,,,,,,,,,,,,,,,,,3,식품의약품안전처,,,26CN2WR00D9,"SHANDONG XINRUN AQUATIC FOOD CO.,LTD",주식회사 도아트레이딩,해당없음,Y,156,중국,2,수집,2026-05-21,2026-07-28 00:00:00
P116-701070100-1999,냉동 블루베리,P,가공식품,1,가공식품,16,농산가공식품류,16701,과일가공품,1600007,기타 농산가공품류,160000701,과·채가공품,00,해당없음,100g,67,,0.50,0.20,,15.80,11.37,,,,,,0,,,,,,,,,0.00,0.06,0.00,,,,,,,,,,,,,,,,,,,,,,,,,,,,,,,,,,,,,,,,,,,,,,,,,,,,,,,,,,,,,,,,,,,,,,,,,,,,,,,,,,,,,,,,,,,,,,,,,,,,,,,,,,,,,,,3,식품의약품안전처,30g,13600g,20CAITW00D7,BERRYHILL FOODS INC.,(주)재호식품,해당없음,Y,124,캐나다,2,수집,2026-02-04,2026-07-28 00:00:00
P108-007000200-0003,냉동 라이스 페이퍼,P,가공식품,1,가공식품,08,면류,08007,라이스페이퍼,0800000,해당없음,080000002,숙면,00,해당없음,100g,325,,6.25,1.36,,71.58,1.05,,,,,,16,,,,,,,,,0.00,0.00,0.00,,,,,,,,,,,,,,,,,,,,,,,,,,,,,,,,,,,,,,,,,,,,,,,,,,,,,,,,,,,,,,,,,,,,,,,,,,,,,,,,,,,,,,,,,,,,,,,,,,,,,,,,,,,,,,,3,식품의약품안전처,,22000g,26VN0I100D1,HAI QUANG PRODUCTION TRADING SERVICE COMPANY LIMITED,비케이푸드(VK-FOOD)베트남쌀국수,해당없음,Y,704,베트남,2,수집,2026-03-26,2026-07-28 00:00:00
P119-101010100-0432,내추럴플랜 클래식 저지방 우유,P,가공식품,1,가공식품,19,유가공품류,19101,우유,1900001,우유류(축산물가공품),190000101,우유,00,해당없음,100ml,50,89.4,3.00,1.80,0.71,5.00,5.00,0.0,114,0.00,87,116,55,0,0,0,0.033,0.137,,1.31,0.00,10.00,1.20,0.00,0,0,5.37,0,0,2,,0,0,0,0,0,0,0,0,0,0,0,0,0,0,0,,0,,0,,,5.05,0,,0,0.41,0,0,0,0,0,0,0,0,58.21,,0.04,18.73,168.66,0,,41.88,210.01,,0,0,0,0,0,0,0,0,0.04,330.9,31.76,39.2,20,,0,0,0,,20.12,509.15,,,0,,0,8,0,0,,0,0.36,,12.68,0,3150,1535,1614,651,59,325,291,79,169,177,5,90,220,88,140,0,139,55,111,142,304,106,0,0,0,3,식품의약품안전처,200ml,930ml,2024_RD_10133,(주)비락 대구공장,해당없음,(주)에치와이,N,,해당없음,1,분석,2024-12-31,2026-07-28 00:00:00
P114-101010200-0082,낭만 보쌈김치,P,가공식품,1,가공식품,14,절임류 또는 조림류,14101,배추김치,1400001,김치류,140000102,김치,00,해당없음,100g,48,,2.70,1.20,,7.00,0.10,,,,,,122,,,,,,,,,2.00,0.00,0.00,,,,,,,,,,,,,,,,,,,,,,,,,,,,,,,,,,,,,,,,,,,,,,,,,,,,,,,,,,,,,,,,,,,,,,,,,,,,,,,,,,,,,,,,,,,,,,,,,,,,,,,,,,,,,,,3,식품의약품안전처,40g,2000g,2022050532317,농업회사법인 송가(주),해당없음,해당없음,N,,해당없음,2,수집,2023-12-22,2026-07-28 00:00:00
P109-801080100-6448,남양 청포도야,P,가공식품,1,가공식품,09,음료류,09801,액상음료,0900008,기타음료,090000801,혼합음료,00,해당없음,100ml,1,,0.00,0.00,,0.22,0.00,,,,,,16,,,,,,,,,0.00,0.00,0.00,,,,,,,,,,,,,,,,,,,,,,,,,,,,,,,,,,,,,,,,,,,,,,,,,,,,,,,,,,,,,,,,,,,,,,,,,,,,,,,,,,,,,,,,,,,,,,,,,,,,,,,,,,,,,,,3,식품의약품안전처,200ml,190ml,19890449002214,남양유업 주식회사 천안공장,해당없음,해당없음,N,,해당없음,2,수집,2026-06-05,2026-07-28 00:00:00
P109-802080200-1659,난각막 엘라스틴가수분해물 콘드로이친,P,가공식품,1,가공식품,09,음료류,09802,농축음료/베이스,0900008,기타음료,090000802,음료베이스,00,해당없음,100g,200,,0.00,0.00,,60.00,0.00,,,,,,0,,,,,,,,,0.00,0.00,0.00,,,,,,,,,,,,,,,,,,,,,,,,,,,,,,,,,,,,,,,,,,,,,,,,,,,,,,,,,,,,,,,,,,,,,,,,,,,,,,,,,,,,,,,,,,,,,,,,,,,,,,,,,,,,,,,3,식품의약품안전처,150ml,45g,20180379618642,(주)세종바이오팜,해당없음,해당없음,N,,해당없음,2,수집,2025-03-04,2026-07-28 00:00:00
P119-900090100-0054,나투라 신체라 미니 모짜렐라(NATURA SINCERA MINI MOZZARELLE),P,가공식품,1,가공식품,19,유가공품류,19900,치즈,1900009,치즈류(축산물가공품),190000901,치즈,00,해당없음,100g,225,,17.00,17.00,,1.00,1.00,,,,,,200,,,,,,,,,46.00,12.00,0.51,,,,,,,,,,,,,,,,,,,,,,,,,,,,,,,,,,,,,,,,,,,,,,,,,,,,,,,,,,,,,,,,,,,,,,,,,,,,,,,,,,,,,,,,,,,,,,,,,,,,,,,,,,,,,,,3,식품의약품안전처,20g,120g,2022_DNSP_00129,TREVISANAKAT S.P.A,해당없음,해당없음,Y,380,이탈리아,2,수집,2022-12-29,2026-07-28 00:00:00
P114-300030000-2095,나비포볶음,P,가공식품,1,가공식품,14,절임류 또는 조림류,14300,기타 조림,1400003,조림류,140000300,해당없음,00,해당없음,100g,298,,16.00,5.60,,46.00,30.00,,,,,,1358,,,,,,,,,102.00,1.00,0.00,,,,,,,,,,,,,,,,,,,,,,,,,,,,,,,,,,,,,,,,,,,,,,,,,,,,,,,,,,,,,,,,,,,,,,,,,,,,,,,,,,,,,,,,,,,,,,,,,,,,,,,,,,,,,,,3,식품의약품안전처,,100g,20160130135497,주식회사 로열푸드 코리아,해당없음,해당없음,N,,해당없음,2,수집,2026-06-01,2026-07-28 00:00:00
P109-201020000-1848,나는 아메리카노스위트,P,가공식품,1,가공식품,09,음료류,09201,액상커피,0900002,커피,090000200,해당없음,00,해당없음,100ml,3,,0.22,0.00,,1.74,0.00,,,,,,11,,,,,,,,,0.00,0.00,0.00,,,,,,,,,,,,,,,,,,,,,,,,,,,,1.000,,,,,,,,,,,,,,,,,,,,,,,,,,,,,,,,,,,,,,,,,,,,,,,,,,,,,,,,,,,,,,,,,,,,,,,,,,,,,,,,,,,3,식품의약품안전처,240ml,230ml,198904450141028,태웅식품(주),해당없음,해당없음,N,,해당없음,2,수집,2025-04-28,2026-07-28 00:00:00
P117-700080000-0009,꿔바로우,P,가공식품,1,가공식품,17,식육가공품 및 포장육,17700,식육간편조리,1700008,식육함유가공품,170000800,해당없음,00,해당없음,100g,222,,9.14,10.40,,23.06,0.53,,,,,,172,,,,,,,,,24.03,2.00,0.08,,,,,,,,,,,,,,,,,,,,,,,,,,,,,,,,,,,,,,,,,,,,,,,,,,,,,,,,,,,,,,,,,,,,,,,,,,,,,,,,,,,,,,,,,,,,,,,,,,,,,,,,,,,,,,,3,식품의약품안전처,,1000g,20150445222768,(주)신세계푸드 음성공장,해당없음,해당없음,N,,해당없음,2,수집,2025-11-28,2026-07-28 00:00:00
P101-501000500-0845,꿀떡,P,가공식품,1,가공식품,01,과자류·빵류 또는 떡류,01501,떡,0100000,해당없음,010000005,떡류,00,해당없음,100g,228,,3.74,1.73,,49.48,0.29,,,,,,137,,,,,,,,,0.32,0.30,0.00,,,,,,,,,,,,,,,,,,,,,,,,,,,,,,,,,,,,,,,,,,,,,,,,,,,,,,,,,,,,,,,,,,,,,,,,,,,,,,,,,,,,,,,,,,,,,,,,,,,,,,,,,,,,,,,3,식품의약품안전처,100g,100g,2020047512120,한담떡,해당없음,해당없음,N,,해당없음,2,수집,2024-03-13,2026-07-28 00:00:00
P120-104010400-2136,꽈배기,P,가공식품,1,가공식품,20,수산가공식품류,20104,어묵,2000001,어육가공품류,200000104,어묵,00,해당없음,100g,166,,13.90,2.70,,21.60,5.00,,,,,,775,,,,,,,,,12.80,0.80,0.00,,,,,,,,,,,,,,,,,,,,,,,,,,,,,,,,,,,,,,,,,,,,,,,,,,,,,,,,,,,,,,,,,,,,,,,,,,,,,,,,,,,,,,,,,,,,,,,,,,,,,,,,,,,,,,,3,식품의약품안전처,30g,750g,19820144026239,(주)효성어묵,해당없음,해당없음,N,,해당없음,2,수집,2026-01-19,2026-07-28 00:00:00
P105-001000100-1164,꽁피튀르 파리지엥 유기농 살구 (100g),P,가공식품,1,가공식품,05,잼류,05001,잼,0500000,해당없음,050000001,잼,00,해당없음,100g,155,,1.00,0.50,,37.00,36.00,,,,,,15,,,,,,,,,0.00,0.10,0.00,,,,,,,,,,,,,,,,,,,,,,,,,,,,,,,,,,,,,,,,,,,,,,,,,,,,,,,,,,,,,,,,,,,,,,,,,,,,,,,,,,,,,,,,,,,,,,,,,,,,,,,,,,,,,,,3,식품의약품안전처,20g,,21FR3U600D1,CONFITURE PARISIENNE,대한제분(주),해당없음,Y,250,프랑스,2,수집,2023-12-31,2026-07-28 00:00:00
P120-200020200-0223,꼬막살장,P,가공식품,1,가공식품,20,수산가공식품류,20200,젓갈/액젓,2000002,젓갈류,200000202,양념젓갈,00,해당없음,100g,148,,7.61,7.33,,12.94,3.99,,,,,,761,,,,,,,,,34.73,0.90,0.00,,,,,,,,,,,,,,,,,,,,,,,,,,,,,,,,,,,,,,,,,,,,,,,,,,,,,,,,,,,,,,,,,,,,,,,,,,,,,,,,,,,,,,,,,,,,,,,,,,,,,,,,,,,,,,,3,식품의약품안전처,,100g,19730190013102,수협중앙회급식사업본부,해당없음,해당없음,N,,해당없음,2,수집,2025-01-24,2026-07-28 00:00:00
P112-010001400-0008,꼬기마니 땡초한우볶음고추장 MEGA,P,가공식품,1,가공식품,12,장류,12010,고추장,1200000,해당없음,120000014,기타장류,00,해당없음,100g,200,,7.77,4.04,,33.03,15.67,,,,,,581,,,,,,,,,5.22,1.17,0.02,,,,,,,,,,,,,,,,,,,,,,,,,,,,,,,,,,,,,,,,,,,,,,,,,,,,,,,,,,,,,,,,,,,,,,,,,,,,,,,,,,,,,,,,,,,,,,,,,,,,,,,,,,,,,,,3,식품의약품안전처,10g,500g,2022069600626,(주)동선식품,해당없음,해당없음,N,,해당없음,2,수집,2025-03-06,2026-07-28 00:00:00
P109-302030200-0265,깨끗한유기농주스애플디노,P,가공식품,1,가공식품,09,음료류,09302,과·채주스,0900003,과일·채소류음료,090000302,과·채주스,00,해당없음,100ml,60,,0.00,0.00,,15.00,14.00,,,,,,4,,,,,,,,,0.00,0.00,0.00,,,,,,,,,,,,,,,,,,,,,,,,,,,,,,,,,,,,,,,,,,,,,,,,,,,,,,,,,,,,,,,,,,,,,,,,,,,,,,,,,,,,,,,,,,,,,,,,,,,,,,,,,,,,,,,3,식품의약품안전처,200ml,100ml,2016036895123,(주)디저트앤,해당없음,해당없음,N,,해당없음,2,수집,2021-06-30,2026-07-28 00:00:00
P123-201020300-6137,깍두기양볶음밥,P,가공식품,1,가공식품,23,즉석식품류,23201,밥류,2300002,즉석섭취·편의식품류,230000203,즉석조리식품,00,해당없음,100g,165,,6.74,2.75,,28.20,2.00,,,,,,315,,,,,,,,,21.47,0.69,0.00,,,,,,,,,,,,,,,,,,,,,,,,,,,,,,,,,,,,,,,,,,,,,,,,,,,,,,,,,,,,,,,,,,,,,,,,,,,,,,,,,,,,,,,,,,,,,,,,,,,,,,,,,,,,,,,3,식품의약품안전처,210g,1000g,199301993491495,천일식품(주),해당없음,해당없음,N,,해당없음,2,수집,2026-01-14,2026-07-28 00:00:00
P123-217020300-0034,까르보불닭라볶이,P,가공식품,1,가공식품,23,즉석식품류,23217,떡볶이,2300002,즉석섭취·편의식품류,230000203,즉석조리식품,00,해당없음,100g,322,,6.63,7.23,,57.83,4.82,,,,,,663,,,,,,,,,1.99,3.61,0.00,,,,,,,,,,,,,,,,,,,,,,,,,,,,,,,,,,,,,,,,,,,,,,,,,,,,,,,,,,,,,,,,,,,,,,,,,,,,,,,,,,,,,,,,,,,,,,,,,,,,,,,,,,,,,,,3,식품의약품안전처,,332g,2016018102971,농업회사법인(주)영풍,해당없음,해당없음,N,,해당없음,2,수집,2020-06-30,2026-07-28 00:00:00
P108-003000400-0042,김치큰사발면,P,가공식품,1,가공식품,08,면류,08003,라면,0800000,해당없음,080000004,유탕면,00,해당없음,100g,446,,8.04,16.07,,66.96,5.36,,,,,,1420,,,,,,,,,2.68,8.04,0.00,,,,,,,,,,,,,,,,,,,,,,,,,,,,,,,,,,,,,,,,,,,,,,,,,,,,,,,,,,,,,,,,,,,,,,,,,,,,,,,,,,,,,,,,,,,,,,,,,,,,,,,,,,,,,,,3,식품의약품안전처,"생·숙면 200g, 건면 100g, 당면 30g, 유탕면(봉지)120g, 유탕면(용기)80g",112g,19760342001157/1972015400111,(주)농심,해당없음,해당없음,N,,해당없음,2,수집,2021-06-30,2026-07-28 00:00:00
P123-218020300-0596,김치순대,P,가공식품,1,가공식품,23,즉석식품류,23218,순대,2300002,즉석섭취·편의식품류,230000203,즉석조리식품,00,해당없음,100g,206,,6.63,10.94,,20.26,2.12,,,,,,684,,,,,,,,,19.26,2.38,0.02,,,,,,,,,,,,,,,,,,,,,,,,,,,,,,,,,,,,,,,,,,,,,,,,,,,,,,,,,,,,,,,,,,,,,,,,,,,,,,,,,,,,,,,,,,,,,,,,,,,,,,,,,,,,,,,3,식품의약품안전처,,2000g,20190182509102,(주)성빈식품,해당없음,해당없음,N,,해당없음,2,수집,2025-08-06,2026-07-28 00:00:00
P123-218020300-0198,김재성의 사천 형제순대(백순대),P,가공식품,1,가공식품,23,즉석식품류,23218,순대,2300002,즉석섭취·편의식품류,230000203,즉석조리식품,00,해당없음,100g,190,,9.10,9.90,,16.00,0.00,,,,,,401,,,,,,,,,34.50,2.30,0.10,,,,,,,,,,,,,,,,,,,,,,,,,,,,,,,,,,,,,,,,,,,,,,,,,,,,,,,,,,,,,,,,,,,,,,,,,,,,,,,,,,,,,,,,,,,,,,,,,,,,,,,,,,,,,,,3,식품의약품안전처,,1000g,20070617026221,유한책임회사 세진에프엔에스,해당없음,해당없음,N,,해당없음,2,수집,2023-12-22,2026-07-28 00:00:00
P117-100010300-0748,김밥햄 숯불구이맛,P,가공식품,1,가공식품,17,식육가공품 및 포장육,17100,햄,1700001,햄류(축산물가공품),170000103,프레스햄,00,해당없음,100g,275,,16.00,21.00,,5.00,4.00,,,,,,790,,,,,,,,,50.00,7.00,0.00,,,,,,,,,,,,,,,,,,,,,,,,,,,,,,,,,,,,,,,,,,,,,,,,,,,,,,,,,,,,,,,,,,,,,,,,,,,,,,,,,,,,,,,,,,,,,,,,,,,,,,,,,,,,,,,3,식품의약품안전처,30g,260g,19980448009388,주식회사 하이푸드텍,해당없음,해당없음,N,,해당없음,2,수집,2026-03-26,2026-07-28 00:00:00
P106-006000400-0114,김구원선생 국산 순두부로 만든 곤약 우동면,P,가공식품,1,가공식품,06,두부류 또는 묵류,06006,기타 묵 가공품,0600000,해당없음,060000004,묵류,00,해당없음,100g,21,,0.72,0.58,,4.41,0.00,2.5,,,,,5,,,,,,,,,0.00,0.10,0.00,,,,,,,,,,,,,,,,,,,,,,,,,,,,,,,,,,,,,,,,,,,,,,,,,,,,,,,,,,,,,,,,,,,,,,,,,,,,,,,,,,,,,,,,,,,,,,,,,,,,,,,,,,,,,,,3,식품의약품안전처,80g,180g,20210336678139,(주)다름,해당없음,해당없음,N,,해당없음,2,수집,2026-04-16,2026-07-28 00:00:00
P123-201020300-5511,기장 미역으로 만든 발효 곤약밥,P,가공식품,1,가공식품,23,즉석식품류,23201,밥류,2300002,즉석섭취·편의식품류,230000203,즉석조리식품,00,해당없음,100g,55,,1.30,0.90,,10.50,0.00,,,,,,9,,,,,,,,,0.00,0.10,0.00,,,,,,,,,,,,,,,,,,,,,,,,,,,,,,,,,,,,,,,,,,,,,,,,,,,,,,,,,,,,,,,,,,,,,,,,,,,,,,,,,,,,,,,,,,,,,,,,,,,,,,,,,,,,,,,3,식품의약품안전처,210g,110g,2019053713888,(주)봄날인터내셔널,해당없음,해당없음,N,,해당없음,2,수집,2025-07-23,2026-07-28 00:00:00
P103-102020500-0534,기뜬아망드쇼콜라,P,가공식품,1,가공식품,03,코코아가공품류 또는 초콜릿류,03102,초콜릿과자,0300002,초콜릿류,030000205,초콜릿가공품,00,해당없음,100g,525,,9.00,29.00,,56.00,40.00,,,,,,0,,,,,,,,,5.00,14.00,0.00,,,,,,,,,,,,,,,,,,,,,,,,,,,,,,,,,,,,,,,,,,,,,,,,,,,,,,,,,,,,,,,,,,,,,,,,,,,,,,,,,,,,,,,,,,,,,,,,,,,,,,,,,,,,,,,3,식품의약품안전처,30g,100g,2023019334528,주식회사 기뜬정,해당없음,해당없음,N,,해당없음,2,수집,2024-02-29,2026-07-28 00:00:00
P107-107010700-0179,금오산들기름국산,P,가공식품,1,가공식품,07,식용유지류,07107,들기름,0700001,식물성유지류,070000107,들기름,00,해당없음,100ml,830,,0.00,92.00,,1.00,0.00,,,,,,0,,,,,,,,,0.00,9.00,0.00,,,,,,,,,,,,,,,,,,,,,,,,,,,,,,,,,,,,,,,,,,,,,,,,,,,,,,,,,,,,,,,,,,,,,,,,,,,,,,,,,,,,,,,,,,,,,,,,,,,,,,,,,,,,,,,3,식품의약품안전처,5g(ml),180ml,2021055340019,하늘수경푸드채소잡곡,해당없음,해당없음,N,,해당없음,2,수집,2024-02-02,2026-07-28 00:00:00
P124-200020000-1982,글루샷액티브,P,가공식품,1,가공식품,24,기타식품류,24200,기타가공품,2400002,기타가공품,240000200,해당없음,00,해당없음,100g,145,,19.71,0.15,,16.17,13.35,,,,,,19,,,,,,,,,0.23,0.01,0.00,,,,,,,,,,,,,,,,,,,,,,,,,,,,,,,,,,,,,,,,,,,,,,,,,,,,,,,,,,,,,,,,,,,,,,,,,,,,,,,,,,,,,,,,,,,,,,,,,,,,,,,,,,,,,,,3,식품의약품안전처,,200g,20210519071102,엔피케이(주) 2공장,해당없음,해당없음,N,,해당없음,2,수집,2026-02-11,2026-07-28 00:00:00
P123-224020300-0579,그릴바게트 샌드위치 트리플치즈 치킨,P,가공식품,1,가공식품,23,즉석식품류,23224,샌드위치,2300002,즉석섭취·편의식품류,230000203,즉석조리식품,00,해당없음,100g,287,,14.84,13.49,,26.66,5.40,,,,,,442,,,,,,,,,36.20,5.78,0.25,,,,,,,,,,,,,,,,,,,,,,,,,,,,,,,,,,,,,,,,,,,,,,,,,,,,,,,,,,,,,,,,,,,,,,,,,,,,,,,,,,,,,,,,,,,,,,,,,,,,,,,,,,,,,,,3,식품의약품안전처,150g,190g,2024070223335,(주)프라임쉐프,해당없음,해당없음,N,,해당없음,2,수집,2026-04-30,2026-07-28 00:00:00
P109-302030200-2396,그린주스,P,가공식품,1,가공식품,09,음료류,09302,과·채주스,0900003,과일·채소류음료,090000302,과·채주스,00,해당없음,100ml,61,,0.69,0.00,,14.32,13.62,,,,,,8,,,,,,,,,0.00,0.00,0.00,,,,,,,,,,,,,,,,,,,,,,,,,,,,,,,,,,,,,,,,,,,,,,,,,,,,,,,,,,,,,,,,,,,,,,,,,,,,,,,,,,,,,,,,,,,,,,,,,,,,,,,,,,,,,,,3,식품의약품안전처,200ml,195ml,20150199948264,에쓰푸드(주),해당없음,해당없음,N,,해당없음,2,수집,2024-12-26,2026-07-28 00:00:00
P114-400020100-1754,그린 카스텔베트라노 올리브 (DCV035VVA),P,가공식품,1,가공식품,14,절임류 또는 조림류,14400,절임식품,1400002,절임류,140000201,절임식품,00,해당없음,100g,183,,0.70,19.60,,0.90,0.00,,,,,,800,,,,,,,,,0.00,3.50,0.00,,,,,,,,,,,,,,,,,,,,,,,,,,,,,,,,,,,,,,,,,,,,,,,,,,,,,,,,,,,,,,,,,,,,,,,,,,,,,,,,,,,,,,,,,,,,,,,,,,,,,,,,,,,,,,,3,식품의약품안전처,25g,545g,22IT3I900D9,MADAMA OLIVA S.P.A.,(주)보라티알,해당없음,Y,380,이탈리아,2,수집,2026-03-04,2026-07-28 00:00:00
P105-001000200-0298,그리카야 저당 블루베리 콩포트,P,가공식품,1,가공식품,05,잼류,05001,잼,0500000,해당없음,050000002,기타잼,00,해당없음,100g,136,,0.39,0.15,,33.35,4.90,,,,,,46,,,,,,,,,0.00,0.02,0.00,,,,,,,,,,,,,,,,,,,,,,,,,,,,,,,,,,,,,,,,,,,,,,,,,,,,,,,,,,,,,,,,,,,,,,,,,,,,,,,,,,,,,,,,,,,,,,,,,,,,,,,,,,,,,,,3,식품의약품안전처,20g,30g,201504430301441,(주)제이엔제이푸드,해당없음,해당없음,N,,해당없음,2,수집,2025-09-16,2026-07-28 00:00:00
P101-104000100-1241,그랜드 감자칩 와사비향,P,가공식품,1,가공식품,01,과자류·빵류 또는 떡류,01104,스낵과자,0100000,해당없음,010000001,과자,00,해당없음,100g,578,,4.44,41.11,,47.78,1.11,,,,,,1044,,,,,,,,,0.00,3.00,0.00,,,,,,,,,,,,,,,,,,,,,,,,,,,,,,,,,,,,,,,,,,,,,,,,,,,,,,,,,,,,,,,,,,,,,,,,,,,,,,,,,,,,,,,,,,,,,,,,,,,,,,,,,,,,,,,3,식품의약품안전처,30g,,21EE00D00D7,AS BALSNACK INTERNATIONAL HOLDING,주식회사 트릿지,해당없음,Y,233,에스토니아,2,수집,2024-12-31,2026-07-28 00:00:00
P108-014000300-0628,그라노로 그란디 쿠오치,P,가공식품,1,가공식품,08,면류,08014,파스타,0800000,해당없음,080000003,건면,00,해당없음,100g,355,,12.50,1.50,,71.00,3.00,,,,,,0,,,,,,,,,0.00,0.50,0.00,,,,,,,,,,,,,,,,,,,,,,,,,,,,,,,,,,,,,,,,,,,,,,,,,,,,,,,,,,,,,,,,,,,,,,,,,,,,,,,,,,,,,,,,,,,,,,,,,,,,,,,,,,,,,,,3,식품의약품안전처,"생·숙면 200g, 건면 100g, 당면 30g, 유탕면(봉지)120g, 유탕면(용기)80g",,21IT07A00D0,PASTIFICIO ATTILIO MASTROMAURO GRANORO SRL,(주)디앤비컴퍼니,해당없음,Y,380,이탈리아,2,수집,2023-12-31,2026-07-28 00:00:00
P120-301030100-0728,귀중가루,P,가공식품,1,가공식품,20,수산가공식품류,20301,조미건어포,2000003,건포류,200000301,조미건어포,00,해당없음,100g,315,,42.70,4.20,,26.60,15.10,,,,,,1057,,,,,,,,,678.80,0.80,0.00,,,,,,,,,,,,,,,,,,,,,,,,,,,,,,,,,,,,,,,,,,,,,,,,,,,,,,,,,,,,,,,,,,,,,,,,,,,,,,,,,,,,,,,,,,,,,,,,,,,,,,,,,,,,,,,3,식품의약품안전처,15g,100g,2000038639559,주문수산,해당없음,해당없음,N,,해당없음,2,수집,2026-02-23,2026-07-28 00:00:00
P108-013000100-0241,궁중연구소 진한들깨칼국수,P,가공식품,1,가공식품,08,면류,08013,칼국수,0800000,해당없음,080000001,생면,00,해당없음,100g,266,,8.39,2.54,,52.32,2.45,,,,,,1027,,,,,,,,,0.00,0.25,0.00,,,,,,,,,,,,,,,,,,,,,,,,,,,,,,,,,,,,,,,,,,,,,,,,,,,,,,,,,,,,,,,,,,,,,,,,,,,,,,,,,,,,,,,,,,,,,,,,,,,,,,,,,,,,,,,3,식품의약품안전처,"생·숙면 200g, 건면 100g, 당면 30g, 유탕면(봉지)120g, 유탕면(용기)80g",480g,20060320569123,주식회사 삼시푸드,해당없음,해당없음,N,,해당없음,2,수집,2026-01-13,2026-07-28 00:00:00
P119-204020400-0068,굿밀크바나나우유,P,가공식품,1,가공식품,19,유가공품류,19204,가공우유,1900002,가공유류(축산물가공품),190000204,가공유,00,해당없음,100ml,65,,3.00,3.00,,7.00,7.00,,,,,,40,,,,,,,,,10.00,1.60,0.04,,,,,,,,,,,,,,,,,,,,,,,,,,,,,,,,,,,,,,,,,,,,,,,,,,,,,,,,,,,,,,,,,,,,,,,,,,,,,,,,,,,,,,,,,,,,,,,,,,,,,,,,,,,,,,,3,식품의약품안전처,200ml,500ml,19970575001179,부산경남우유협동조합,해당없음,해당없음,N,,해당없음,2,수집,2019-06-30,2026-07-28 00:00:00
P101-501000500-2566,굳지않는 쑥개떡,P,가공식품,1,가공식품,01,과자류·빵류 또는 떡류,01501,떡,0100000,해당없음,010000005,떡류,00,해당없음,100g,181,,3.70,1.20,,39.50,3.90,,,,,,249,,,,,,,,,0.00,0.40,0.00,,,,,,,,,,,,,,,,,,,,,,,,,,,,,,,,,,,,,,,,,,,,,,,,,,,,,,,,,,,,,,,,,,,,,,,,,,,,,,,,,,,,,,,,,,,,,,,,,,,,,,,,,,,,,,,3,식품의약품안전처,100g,100g,2009039905677,(주)오대,해당없음,해당없음,N,,해당없음,2,수집,2025-04-21,2026-07-28 00:00:00
P123-205020300-0113,국선생육개장죽,P,가공식품,1,가공식품,23,즉석식품류,23205,죽,2300002,즉석섭취·편의식품류,230000203,즉석조리식품,00,해당없음,100g,62,,2.00,0.80,,12.00,1.00,,,,,,250,,,,,,,,,0.60,0.20,0.00,,,,,,,,,,,,,,,,,,,,,,,,,,,,,,,,,,,,,,,,,,,,,,,,,,,,,,,,,,,,,,,,,,,,,,,,,,,,,,,,,,,,,,,,,,,,,,,,,,,,,,,,,,,,,,,3,식품의약품안전처,250ml(g),500g,20070372333396,(주)로뎀푸드,해당없음,해당없음,N,,해당없음,2,수집,2020-06-30,2026-07-28 00:00:00
P116-302030200-2209,국산 볶음 땅콩,P,가공식품,1,가공식품,16,농산가공식품류,16302,견과류,1600003,땅콩 또는 견과류가공품류,160000302,땅콩 또는 견과류가공품,00,해당없음,100g,569,,25.80,49.20,,16.00,4.70,,,,,,18,,,,,,,,,0.00,4.30,0.00,,,,,,,,,,,,,,,,,,,,,,,,,,,,,,,,,,,,,,,,,,,,,,,,,,,,,,,,,,,,,,,,,,,,,,,,,,,,,,,,,,,,,,,,,,,,,,,,,,,,,,,,,,,,,,,3,식품의약품안전처,10g,100g,202600934951,연희견과,해당없음,해당없음,N,,해당없음,2,수집,2026-06-23,2026-07-28 00:00:00
P120-600060000-0367,국멸치,P,가공식품,1,가공식품,20,수산가공식품류,20600,기타 수산가공품,2000006,기타 수산물가공품,200000600,해당없음,00,해당없음,100g,131,,20.30,4.80,,0.00,0.00,,,,,,0,,,,,,,,,60.00,0.00,0.00,,,,,,,,,,,,,,,,,,,,,,,,,,,,,,,,,,,,,,,,,,,,,,,,,,,,,,,,,,,,,,,,,,,,,,,,,,,,,,,,,,,,,,,,,,,,,,,,,,,,,,,,,,,,,,,3,식품의약품안전처,,100g,2012034512318,해성홈푸드,해당없음,해당없음,N,,해당없음,2,수집,2024-04-01,2026-07-28 00:00:00
P101-106000100-8031,국내산 19곡으로 만든 크리스피롤 미니,P,가공식품,1,가공식품,01,과자류·빵류 또는 떡류,01106,일반과자,0100000,해당없음,010000001,과자,00,해당없음,100g,574,,4.32,37.48,,54.83,12.11,,,,,,159,,,,,,,,,17.17,16.05,0.01,,,,,,,,,,,,,,,,,,,,,,,,,,,,,,,,,,,,,,,,,,,,,,,,,,,,,,,,,,,,,,,,,,,,,,,,,,,,,,,,,,,,,,,,,,,,,,,,,,,,,,,,,,,,,,,3,식품의약품안전처,30g,150g,19720275004421,(주)개미식품,해당없음,해당없음,N,,해당없음,2,수집,2026-06-26,2026-07-28 00:00:00
P120-600040000-0027,구운조미감태,P,가공식품,1,가공식품,20,수산가공식품류,20600,기타 수산가공품,2000004,가공김(조미김 또는 구운김),200000400,해당없음,00,해당없음,100g,457,,10.00,24.00,,50.00,3.67,,,,,,1146,,,,,,,,,0.00,3.67,0.33,,,,,,,,,,,,,,,,,,,,,,,,,,,,,,,,,,,,,,,,,,,,,,,,,,,,,,,,,,,,,,,,,,,,,,,,,,,,,,,,,,,,,,,,,,,,,,,,,,,,,,,,,,,,,,,3,식품의약품안전처,,30g,202407051821,온테이블,해당없음,해당없음,N,,해당없음,2,수집,2024-08-01,2026-07-28 00:00:00
P116-705070200-2618,구운 카다이프,P,가공식품,1,가공식품,16,농산가공식품류,16705,기타 농산가공품,1600007,기타 농산가공품류,160000702,곡류가공품,00,해당없음,100g,390,,11.00,1.80,,85.00,3.00,,,,,,300,,,,,,,,,0.00,0.80,0.00,,,,,,,,,,,,,,,,,,,,,,,,,,,,,,,,,,,,,,,,,,,,,,,,,,,,,,,,,,,,,,,,,,,,,,,,,,,,,,,,,,,,,,,,,,,,,,,,,,,,,,,,,,,,,,,3,식품의약품안전처,,10000g,26TR09200D2,HATAY ASI KUNEFE VE GIDA SANAYI TICARET LTD. STI,(주)우남에프앤씨,해당없음,Y,792,튀르키예,2,수집,2026-03-12,2026-07-28 00:00:00
P109-401040100-1683,구스타프호프 홀룬데 세코,P,가공식품,1,가공식품,09,음료류,09401,탄산음료,0900004,탄산음료류,090000401,탄산음료,00,해당없음,100ml,190,,0.80,0.80,,45.00,45.00,,,,,,300,,,,,,,,,0.00,0.00,0.00,,,,,,,,,,,,,,,,,,,,,,,,,,,,,,,,,,,,,,,,,,,,,,,,,,,,,,,,,,,,,,,,,,,,,,,,,,,,,,,,,,,,,,,,,,,,,,,,,,,,,,,,,,,,,,,3,식품의약품안전처,200ml,750ml,20DE0S500D7,GUSTAVSHOF GMBH,주식회사구스타프코리아,해당없음,Y,276,독일,2,수집,2024-05-13,2026-07-28 00:00:00
P101-107000100-0318,구기자보리한과,P,가공식품,1,가공식품,01,과자류·빵류 또는 떡류,01107,전통과자,0100000,해당없음,010000001,과자,00,해당없음,100g,390,,3.00,6.00,,81.00,21.00,,,,,,0,,,,,,,,,0.00,1.20,0.00,,,,,,,,,,,,,,,,,,,,,,,,,,,,,,,,,,,,,,,,,,,,,,,,,,,,,,,,,,,,,,,,,,,,,,,,,,,,,,,,,,,,,,,,,,,,,,,,,,,,,,,,,,,,,,,3,식품의약품안전처,30g,150g,2001047200620,청양구기자영농조합법인,해당없음,해당없음,N,,해당없음,2,수집,2023-12-15,2026-07-28 00:00:00
P108-008000100-0133,광화문 미진 메밀국수,P,가공식품,1,가공식품,08,면류,08008,메밀국수/냉면국수,0800000,해당없음,080000001,생면,00,해당없음,100g,265,,9.00,0.00,,57.00,2.00,,,,,,1100,,,,,,,,,0.00,0.00,0.00,,,,,,,,,,,,,,,,,,,,,,,,,,,,,,,,,,,,,,,,,,,,,,,,,,,,,,,,,,,,,,,,,,,,,,,,,,,,,,,,,,,,,,,,,,,,,,,,,,,,,,,,,,,,,,,3,식품의약품안전처,"생·숙면 200g, 건면 100g, 당면 30g, 유탕면(봉지)120g, 유탕면(용기)80g",1500g,202505701207,선진푸드(주),해당없음,해당없음,N,,해당없음,2,수집,2025-12-15,2026-07-28 00:00:00
P101-207000200-1177,광동 구강유산균,P,가공식품,1,가공식품,01,과자류·빵류 또는 떡류,01207,기타 사탕,0100000,해당없음,010000002,캔디류,00,해당없음,100g,392,,1.44,0.83,,94.70,0.13,,,,,,43,,,,,,,,,0.00,0.74,0.00,,,,,,,,,,,,,,,,,,,,,,,,,,,,,,,,,,,,,,,,,,,,,,,,,,,,,,,,,,,,,,,,,,,,,,,,,,,,,,,,,,,,,,,,,,,,,,,,,,,,,,,,,,,,,,,3,식품의약품안전처,10g,27g,20180442157180,(주)메디오젠충주공장,해당없음,해당없음,N,,해당없음,2,수집,2025-08-06,2026-07-28 00:00:00
P109-302030200-0194,과수원살구,P,가공식품,1,가공식품,09,음료류,09302,과·채주스,0900003,과일·채소류음료,090000302,과·채주스,00,해당없음,100ml,108,,1.00,0.00,,26.00,16.00,,,,,,28,,,,,,,,,0.00,0.00,0.00,,,,,,,,,,,,,,,,,,,,,,,,,,,,,,,,,,,,,,,,,,,,,,,,,,,,,,,,,,,,,,,,,,,,,,,,,,,,,,,,,,,,,,,,,,,,,,,,,,,,,,,,,,,,,,,3,식품의약품안전처,200ml,,198005380185,남양유업(주),해당없음,해당없음,N,,해당없음,2,수집,2020-06-30,2026-07-28 00:00:00
P120-401040000-0534,곱창돌김 무조미 절단김,P,가공식품,1,가공식품,20,수산가공식품류,20401,김,2000004,조미김,200000400,해당없음,00,해당없음,100g,383,,43.33,6.67,,40.00,0.00,,,,,,620,,,,,,,,,10.00,0.00,0.00,,,,,,,,,,,,,,,,,,,,,,,,,,,,,,,,,,,,,,,,,,,,,,,,,,,,,,,,,,,,,,,,,,,,,,,,,,,,,,,,,,,,,,,,,,,,,,,,,,,,,,,,,,,,,,,3,식품의약품안전처,4g,30g,201905293306,담미소,해당없음,해당없음,N,,해당없음,2,수집,2024-05-23,2026-07-28 00:00:00
P117-201020100-0036,곰곰오리지널부어스트,P,가공식품,1,가공식품,17,식육가공품 및 포장육,17201,소시지,1700002,소시지류(축산물가공품),170000201,소시지,00,해당없음,100g,305,,14.00,24.00,,7.90,0.75,,,,,,830,,,,,,,,,5.00,6.00,0.50,,,,,,,,,,,,,,,,,,,,,,,,,,,,,,,,,,,,,,,,,,,,,,,,,,,,,,,,,,,,,,,,,,,,,,,,,,,,,,,,,,,,,,,,,,,,,,,,,,,,,,,,,,,,,,,3,식품의약품안전처,30g,1000g,19830262001539,(주)사조오양 평택공장,해당없음,씨피엘비(주),N,,해당없음,2,수집,2022-12-29,2026-07-28 00:00:00
P123-201020300-0484,곰곰 곤드레볶음밥,P,가공식품,1,가공식품,23,즉석식품류,23201,밥류,2300002,즉석섭취·편의식품류,230000203,즉석조리식품,00,해당없음,100g,162,,2.80,1.96,,33.04,0.00,,,,,,150,,,,,,,,,0.00,1.96,0.00,,,,,,,,,,,,,,,,,,,,,,,,,,,,,,,,,,,,,,,,,,,,,,,,,,,,,,,,,,,,,,,,,,,,,,,,,,,,,,,,,,,,,,,,,,,,,,,,,,,,,,,,,,,,,,,3,식품의약품안전처,210g,250g,20080493074669,농업회사법인 ㈜한우물,해당없음,씨피엘비㈜,N,,해당없음,2,수집,2022-12-29,2026-07-28 00:00:00
P101-435000400-0677,골든 바통 휘낭시에 말차,P,가공식품,1,가공식품,01,과자류·빵류 또는 떡류,01435,휘낭시에,0100000,해당없음,010000004,빵류,00,해당없음,100g,469,,8.57,34.29,,31.43,22.86,,,,,,43,,,,,,,,,51.43,14.29,0.00,,,,,,,,,,,,,,,,,,,,,,,,,,,,,,,,,,,,,,,,,,,,,,,,,,,,,,,,,,,,,,,,,,,,,,,,,,,,,,,,,,,,,,,,,,,,,,,,,,,,,,,,,,,,,,,3,식품의약품안전처,70g,35g,20100288523345,(주)한스제과,해당없음,해당없음,N,,해당없음,2,수집,2026-05-29,2026-07-28 00:00:00
P123-216020300-0006,곤약콩콩푸드&풀드치킨마일드,P,가공식품,1,가공식품,23,즉석식품류,23216,치킨,2300002,즉석섭취·편의식품류,230000203,즉석조리식품,00,해당없음,100g,121,,7.62,2.86,,16.67,2.38,,,,,,229,,,,,,,,,14.29,0.29,0.00,,,,,,,,,,,,,,,,,,,,,,,,,,,,,,,,,,,,,,,,,,,,,,,,,,,,,,,,,,,,,,,,,,,,,,,,,,,,,,,,,,,,,,,,,,,,,,,,,,,,,,,,,,,,,,,3,식품의약품안전처,,210g,2019021198841,(주)한국푸드씨스템,해당없음,해당없음,N,,해당없음,2,수집,2021-06-30,2026-07-28 00:00:00
P123-305020300-0650,곡물톡톡 프리미엄 케어에디션 파로앤파바빈,P,가공식품,1,가공식품,23,즉석식품류,23305,기타 즉석식품,2300002,즉석섭취·편의식품류,230000203,즉석조리식품,00,해당없음,100g,82,,5.46,1.00,,11.09,0.09,,,,,,3,,,,,,,,,0.00,0.00,0.18,,,,,,,,,,,,,,,,,,,,,,,,,,,,,,,,,,,,,,,,,,,,,,,,,,,,,,,,,,,,,,,,,,,,,,,,,,,,,,,,,,,,,,,,,,,,,,,,,,,,,,,,,,,,,,,3,식품의약품안전처,,110g,2022085339084,농업회사법인주식회사진푸드,해당없음,해당없음,N,,해당없음,2,수집,2025-07-29,2026-07-28 00:00:00
P113-206020400-6187,고투분말소스,P,가공식품,1,가공식품,13,조미식품,13206,기타 소스류,1300002,소스류,130000204,소스,00,해당없음,100g,255,,1.40,0.48,,62.50,36.00,,,,,,890,,,,,,,,,0.00,0.26,0.00,,,,,,,,,,,,,,,,,,,,,,,,,,,,,,,,,,,,,,,,,,,,,,,,,,,,,,,,,,,,,,,,,,,,,,,,,,,,,,,,,,,,,,,,,,,,,,,,,,,,,,,,,,,,,,,3,식품의약품안전처,"드레싱 15g, 덮밥소스 165g",1000g,2025039004931,(주)고투,해당없음,해당없음,N,,해당없음,2,수집,2025-09-23,2026-07-28 00:00:00
P114-300030000-0494,고추장멸치볶음,P,가공식품,1,가공식품,14,절임류 또는 조림류,14300,기타 조림,1400003,조림류,140000300,해당없음,00,해당없음,100g,335,,29.92,8.67,,34.39,14.97,,,,,,1356,,,,,,,,,282.13,1.98,0.00,,,,,,,,,,,,,,,,,,,,,,,,,,,,,,,,,,,,,,,,,,,,,,,,,,,,,,,,,,,,,,,,,,,,,,,,,,,,,,,,,,,,,,,,,,,,,,,,,,,,,,,,,,,,,,,3,식품의약품안전처,,150g,201904120507,뫼내뜰영농조합법인식품3공장,해당없음,해당없음,N,,해당없음,2,수집,2024-08-14,2026-07-28 00:00:00
P116-702070100-1708,고추 듬뿍 간편한 찌개용 채소,P,가공식품,1,가공식품,16,농산가공식품류,16702,채소가공품,1600007,기타 농산가공품류,160000701,과·채가공품,00,해당없음,100g,36,,1.10,0.09,,7.67,2.53,,,,,,3,,,,,,,,,0.00,0.00,0.00,,,,,,,,,,,,,,,,,,,,,,,,,,,,,,,,,,,,,,,,,,,,,,,,,,,,,,,,,,,,,,,,,,,,,,,,,,,,,,,,,,,,,,,,,,,,,,,,,,,,,,,,,,,,,,,3,식품의약품안전처,30g,500g,20130498038121,농업회사법인(주)그린피아,해당없음,해당없음,N,,해당없음,2,수집,2025-12-23,2026-07-28 00:00:00
P101-501000500-5461,고수록 저당 영양찰떡,P,가공식품,1,가공식품,01,과자류·빵류 또는 떡류,01501,떡,0100000,해당없음,010000005,떡류,00,해당없음,100g,206,,4.16,0.58,,46.05,4.75,,,,,,196,,,,,,,,,0.00,0.06,0.00,,,,,,,,,,,,,,,,,,,,,,,,,,,,,,,,,,,,,,,,,,,,,,,,,,,,,,,,,,,,,,,,,,,,,,,,,,,,,,,,,,,,,,,,,,,,,,,,,,,,,,,,,,,,,,,3,식품의약품안전처,100g,400g,20130471055145,(주)고수록식품,해당없음,해당없음,N,,해당없음,2,수집,2026-06-04,2026-07-28 00:00:00
P123-201020300-3133,고소한 계란을 듬뿍 든든하고 가벼운 컬리플라워 볶음밥! 역시 배민이지,P,가공식품,1,가공식품,23,즉석식품류,23201,밥류,2300002,즉석섭취·편의식품류,230000203,즉석조리식품,00,해당없음,100g,155,,3.50,5.00,,24.00,2.50,,,,,,422,,,,,,,,,47.50,0.75,0.00,,,,,,,,,,,,,,,,,,,,,,,,,,,,,,,,,,,,,,,,,,,,,,,,,,,,,,,,,,,,,,,,,,,,,,,,,,,,,,,,,,,,,,,,,,,,,,,,,,,,,,,,,,,,,,,3,식품의약품안전처,210g,200g,200504150204486,(주)시아스,해당없음,해당없음,N,,해당없음,2,수집,2023-12-22,2026-07-28 00:00:00
P105-001000100-1933,고메이494장미딸기잼,P,가공식품,1,가공식품,05,잼류,05001,잼,0500000,해당없음,050000001,잼,00,해당없음,100g,235,,0.69,0.31,,57.38,47.37,,,,,,1,,,,,,,,,0.00,0.03,0.01,,,,,,,,,,,,,,,,,,,,,,,,,,,,,,,,,,,,,,,,,,,,,,,,,,,,,,,,,,,,,,,,,,,,,,,,,,,,,,,,,,,,,,,,,,,,,,,,,,,,,,,,,,,,,,,3,식품의약품안전처,20g,100g,2017032160842,(주)꽃담에프앤씨,해당없음,해당없음,N,,해당없음,2,수집,2025-12-29,2026-07-28 00:00:00
P101-411000400-0087,고로케번,P,가공식품,1,가공식품,01,과자류·빵류 또는 떡류,01411,크로켓,0100000,해당없음,010000004,빵류,00,해당없음,100g,274,,9.28,4.26,,49.51,3.24,,,,,,439,,,,,,,,,23.06,2.56,0.00,,,,,,,,,,,,,,,,,,,,,,,,,,,,,,,,,,,,,,,,,,,,,,,,,,,,,,,,,,,,,,,,,,,,,,,,,,,,,,,,,,,,,,,,,,,,,,,,,,,,,,,,,,,,,,,3,식품의약품안전처,70g,100g,20180108492221,아우어로스팅,해당없음,해당없음,N,,해당없음,2,수집,2025-07-29,2026-07-28 00:00:00
P103-101020500-0051,고디바초콜레티어코리아,P,가공식품,1,가공식품,03,코코아가공품류 또는 초콜릿류,03101,초콜릿,0300002,초콜릿류,030000205,초콜릿가공품,00,해당없음,100g,520,,7.00,32.00,,50.00,44.00,,,,,,46,,,,,,,,,21.00,18.00,0.40,,,,,,,,,,,,,,,,,,,,,,,,,,,,,,,,,,,,,,,,,,,,,,,,,,,,,,,,,,,,,,,,,,,,,,,,,,,,,,,,,,,,,,,,,,,,,,,,,,,,,,,,,,,,,,,3,식품의약품안전처,15g,180g,2020_DNSP_00174,해당없음,MANUFACTURE BELGE DE CHOCOLATS SRL,해당없음,Y,056,벨기에,2,수집,2020-06-30,2026-07-28 00:00:00
P123-203020200-4102,고단백계란명란마요김밥,P,가공식품,1,가공식품,23,즉석식품류,23203,주먹밥/김밥/초밥,2300002,즉석섭취·편의식품류,230000202,즉석섭취식품,00,해당없음,100g,175,,5.69,7.69,,20.77,1.15,,,,,,458,,,,,,,,,66.92,1.58,0.04,,,,,,,,,,,,,,,,,,,,,,,,,,,,,,,,,,,,,,,,,,,,,,,,,,,,,,,,,,,,,,,,,,,,,,,,,,,,,,,,,,,,,,,,,,,,,,,,,,,,,,,,,,,,,,,3,식품의약품안전처,210g,260g,200803362281642,(주)후레쉬서브,해당없음,해당없음,N,,해당없음,2,수집,2026-05-14,2026-07-28 00:00:00
P123-204020400-0022,고기완당면 밀키트,P,가공식품,1,가공식품,23,즉석식품류,23204,즉석 면요리,2300002,즉석섭취·편의식품류,230000204,간편조리세트,00,해당없음,100g,46,,1.87,1.56,,6.07,0.09,,,,,,444,,,,,,,,,0.78,0.61,0.00,,,,,,,,,,,,,,,,,,,,,,,,,,,,,,,,,,,,,,,,,,,,,,,,,,,,,,,,,,,,,,,,,,,,,,,,,,,,,,,,,,,,,,,,,,,,,,,,,,,,,,,,,,,,,,,3,식품의약품안전처,,642g,2014036812171,(주)밀빛C&F,해당없음,해당없음,N,,해당없음,2,수집,2023-12-13,2026-07-28 00:00:00
P117-700080000-0130,고구마품은소떡궁,P,가공식품,1,가공식품,17,식육가공품 및 포장육,17700,식육간편조리,1700008,식육함유가공품,170000800,해당없음,00,해당없음,100g,225,,9.20,9.60,,26.00,2.70,,,,,,493,,,,,,,,,27.10,3.20,0.00,,,,,,,,,,,,,,,,,,,,,,,,,,,,,,,,,,,,,,,,,,,,,,,,,,,,,,,,,,,,,,,,,,,,,,,,,,,,,,,,,,,,,,,,,,,,,,,,,,,,,,,,,,,,,,,3,식품의약품안전처,,120g,202204252697,잎슬푸드,해당없음,해당없음,N,,해당없음,2,수집,2024-06-26,2026-07-28 00:00:00
P101-405000400-8745,고구마빵,P,가공식품,1,가공식품,01,과자류·빵류 또는 떡류,01405,기타 빵,0100000,해당없음,010000004,빵류,00,해당없음,100g,250,,2.00,7.00,,44.00,11.00,,,,,,230,,,,,,,,,35.00,3.30,0.20,,,,,,,,,,,,,,,,,,,,,,,,,,,,,,,,,,,,,,,,,,,,,,,,,,,,,,,,,,,,,,,,,,,,,,,,,,,,,,,,,,,,,,,,,,,,,,,,,,,,,,,,,,,,,,,3,식품의약품안전처,70g,100g,2022053312722,농업회사법인 밭 주식회사,해당없음,해당없음,N,,해당없음,2,수집,2026-01-19,2026-07-28 00:00:00
P101-501000500-2559,고구마 모찌,P,가공식품,1,가공식품,01,과자류·빵류 또는 떡류,01501,떡,0100000,해당없음,010000005,떡류,00,해당없음,100g,277,,4.00,2.80,,59.00,24.00,,,,,,95,,,,,,,,,3.00,1.20,0.00,,,,,,,,,,,,,,,,,,,,,,,,,,,,,,,,,,,,,,,,,,,,,,,,,,,,,,,,,,,,,,,,,,,,,,,,,,,,,,,,,,,,,,,,,,,,,,,,,,,,,,,,,,,,,,,3,식품의약품안전처,100g,258g,202408543227,농업회사법인(주)태산글로벌,해당없음,해당없음,N,,해당없음,2,수집,2025-05-26,2026-07-28 00:00:00
P123-201020300-0343,계란밥&떡갈비스틱,P,가공식품,1,가공식품,23,즉석식품류,23201,밥류,2300002,즉석섭취·편의식품류,230000203,즉석조리식품,00,해당없음,100g,196,,5.32,9.32,,22.72,0.00,,,,,,223,,,,,,,,,12.20,2.72,0.00,,,,,,,,,,,,,,,,,,,,,,,,,,,,,,,,,,,,,,,,,,,,,,,,,,,,,,,,,,,,,,,,,,,,,,,,,,,,,,,,,,,,,,,,,,,,,,,,,,,,,,,,,,,,,,,3,식품의약품안전처,210g,250g,2021_DNSP_00172,주식회사제이유통정담도공지점,해당없음,해당없음,N,,해당없음,2,수집,2021-06-30,2026-07-28 00:00:00
P109-102010200-0577,경록고흑삼고,P,가공식품,1,가공식품,09,음료류,09102,액상차,0900001,다류,090000102,액상차,00,해당없음,100g,300,,1.00,0.00,,71.33,10.67,,,,,,10,,,,,,,,,0.00,0.00,0.00,,,,,,,,,,,,,,,,,,,,,,,,,,,,,,,,,,,,,,,,,,,,,,,,,,,,,,,,,,,,,,,,,,,,,,,,,,,,,,,,,,,,,,,,,,,,,,,,,,,,,,,,,,,,,,,3,식품의약품안전처,200ml,300g,20130358242450,주식회사 이수바이오,해당없음,해당없음,N,,해당없음,2,수집,2023-12-22,2026-07-28 00:00:00
P123-206020300-0716,게살스프,P,가공식품,1,가공식품,23,즉석식품류,23206,스프,2300002,즉석섭취·편의식품류,230000203,즉석조리식품,00,해당없음,100g,83,,10.00,1.13,,8.00,2.00,,,,,,20,,,,,,,,,43.34,0.33,0.00,,,,,,,,,,,,,,,,,,,,,,,,,,,,,,,,,,,,,,,,,,,,,,,,,,,,,,,,,,,,,,,,,,,,,,,,,,,,,,,,,,,,,,,,,,,,,,,,,,,,,,,,,,,,,,,3,식품의약품안전처,150ml(g),150g,20250483015937,주식회사 플라잉닥터 제2공장,해당없음,해당없음,N,,해당없음,2,수집,2026-05-18,2026-07-28 00:00:00
P101-205000200-1856,검은콩스윗젤리,P,가공식품,1,가공식품,01,과자류·빵류 또는 떡류,01205,젤리,0100000,해당없음,010000002,캔디류,00,해당없음,100g,117,,6.60,1.62,,18.90,10.37,,,,,,62,,,,,,,,,0.00,0.25,0.00,,,,,,,,,,,,,,,,,,,,,,,,,,,,,,,,,,,,,,,,,,,,,,,,,,,,,,,,,,,,,,,,,,,,,,,,,,,,,,,,,,,,,,,,,,,,,,,,,,,,,,,,,,,,,,,3,식품의약품안전처,10g,100g,2024076306313,순창군제2농산물종합가공센터,해당없음,해당없음,N,,해당없음,2,수집,2024-12-10,2026-07-28 00:00:00
P116-712070100-0019,건조 잭푸르트,P,가공식품,1,가공식품,16,농산가공식품류,16712,건조과일(건과류),1600007,기타 농산가공품류,160000701,과·채가공품,00,해당없음,100g,403,,9.00,3.00,,85.00,35.00,,,,,,10,,,,,,,,,0.00,0.00,0.00,,,,,,,,,,,,,,,,,,,,,,,,,,,,,,,,,,,,,,,,,,,,,,,,,,,,,,,,,,,,,,,,,,,,,,,,,,,,,,,,,,,,,,,,,,,,,,,,,,,,,,,,,,,,,,,3,식품의약품안전처,15g,100g,23LK04200D4,LAKDIV ECOFOODS (PVT) LTD,사만아시아마트,해당없음,Y,144,스리랑카,2,수집,2023-05-23,2026-07-28 00:00:00
P123-201020300-0297,건강현미밥바 우엉호두현미밥바,P,가공식품,1,가공식품,23,즉석식품류,23201,밥류,2300002,즉석섭취·편의식품류,230000203,즉석조리식품,00,해당없음,100g,192,,5.56,4.44,,32.22,1.11,,,,,,104,,,,,,,,,0.00,1.11,0.00,,,,,,,,,,,,,,,,,,,,,,,,,,,,,,,,,,,,,,,,,,,,,,,,,,,,,,,,,,,,,,,,,,,,,,,,,,,,,,,,,,,,,,,,,,,,,,,,,,,,,,,,,,,,,,,3,식품의약품안전처,210g,1260g,20110074017793,㈜쥬비스다이어트 쥬비스푸드점,해당없음,㈜쥬비스다이어트 쥬비스푸드점,N,,해당없음,2,수집,2022-12-29,2026-07-28 00:00:00
P105-001000100-0966,거창한 딸기잼,P,가공식품,1,가공식품,05,잼류,05001,잼,0500000,해당없음,050000001,잼,00,해당없음,100g,290,,0.00,0.00,,72.00,67.00,,,,,,0,,,,,,,,,0.00,0.00,0.00,,,,,,,,,,,,,,,,,,,,,,,,,,,,,,,,,,,,,,,,,,,,,,,,,,,,,,,,,,,,,,,,,,,,,,,,,,,,,,,,,,,,,,,,,,,,,,,,,,,,,,,,,,,,,,,3,식품의약품안전처,20g,250g,202309001741,농부와약초꾼,해당없음,해당없음,N,,해당없음,2,수집,2025-03-17,2026-07-28 00:00:00
P114-300030000-0619,강황감자조림,P,가공식품,1,가공식품,14,절임류 또는 조림류,14300,기타 조림,1400003,조림류,140000300,해당없음,00,해당없음,100g,89,,2.01,1.37,,17.09,2.43,,,,,,318,,,,,,,,,0.00,0.19,0.00,,,,,,,,,,,,,,,,,,,,,,,,,,,,,,,,,,,,,,,,,,,,,,,,,,,,,,,,,,,,,,,,,,,,,,,,,,,,,,,,,,,,,,,,,,,,,,,,,,,,,,,,,,,,,,,3,식품의약품안전처,,70g,20240155625110,(주)봄담메디푸드,해당없음,해당없음,N,,해당없음,2,수집,2025-01-07,2026-07-28 00:00:00
P108-013000100-0211,강릉식 장칼국수,P,가공식품,1,가공식품,08,면류,08013,칼국수,0800000,해당없음,080000001,생면,00,해당없음,100g,247,,6.91,0.92,,52.99,3.23,,,,,,1132,,,,,,,,,5.07,0.23,0.00,,,,,,,,,,,,,,,,,,,,,,,,,,,,,,,,,,,,,,,,,,,,,,,,,,,,,,,,,,,,,,,,,,,,,,,,,,,,,,,,,,,,,,,,,,,,,,,,,,,,,,,,,,,,,,,3,식품의약품안전처,"생·숙면 200g, 건면 100g, 당면 30g, 유탕면(봉지)120g, 유탕면(용기)80g",434g,20030394159522,(주)산돌식품,해당없음,해당없음,N,,해당없음,2,수집,2025-10-29,2026-07-28 00:00:00
P109-801080100-3221,갓비움 마일드 애사비,P,가공식품,1,가공식품,09,음료류,09801,액상음료,0900008,기타음료,090000801,혼합음료,00,해당없음,100ml,26,,0.00,0.00,,10.00,0.00,0.6,,,,,10,,,,,,,,,0.00,0.00,0.00,,,,,,,,,,,,,,,,,,,,,,,,,,,,,,,,,,,,,,,,,,,,,,,,,,,,,,,,,,,,,,,,,,,,,,,,,,,,,,,,,,,,,,,,,,,,,,,,,,,,,,,,,,,,,,,3,식품의약품안전처,200ml,230ml,20070443110943,(주)삼양패키징광혜원공장,해당없음,해당없음,N,,해당없음,2,수집,2025-02-14,2026-07-28 00:00:00
P101-405000400-8184,감자콩빵,P,가공식품,1,가공식품,01,과자류·빵류 또는 떡류,01405,기타 빵,0100000,해당없음,010000004,빵류,00,해당없음,100g,204,,2.22,7.78,,31.11,15.56,,,,,,249,,,,,,,,,10.00,2.89,0.00,,,,,,,,,,,,,,,,,,,,,,,,,,,,,,,,,,,,,,,,,,,,,,,,,,,,,,,,,,,,,,,,,,,,,,,,,,,,,,,,,,,,,,,,,,,,,,,,,,,,,,,,,,,,,,,3,식품의약품안전처,70g,90g,2023045135346,(주)비엘컴퍼니 2공장,해당없음,해당없음,N,,해당없음,2,수집,2025-11-13,2026-07-28 00:00:00
P101-426000400-0003,감자베이컨소금빵,P,가공식품,1,가공식품,01,과자류·빵류 또는 떡류,01426,소금빵,0100000,해당없음,010000004,빵류,00,해당없음,100g,153,,4.50,3.70,,27.10,2.70,,,,,,226,,,,,,,,,8.80,1.30,0.00,,,,,,,,,,,,,,,,,,,,,,,,,,,,,,,,,,,,,,,,,,,,,,,,,,,,,,,,,,,,,,,,,,,,,,,,,,,,,,,,,,,,,,,,,,,,,,,,,,,,,,,,,,,,,,,3,식품의약품안전처,70g,140g,2023027221247,주식회사 유통몬스터,해당없음,해당없음,N,,해당없음,2,수집,2024-02-02,2026-07-28 00:00:00
P108-001000200-0064,감동면,P,가공식품,1,가공식품,08,면류,08001,국수,0800000,해당없음,080000002,숙면,00,해당없음,100g,226,,5.50,0.60,,49.50,2.00,,,,,,440,,,,,,,,,0.00,0.20,0.00,,,,,,,,,,,,,,,,,,,,,,,,,,,,,,,,,,,,,,,,,,,,,,,,,,,,,,,,,,,,,,,,,,,,,,,,,,,,,,,,,,,,,,,,,,,,,,,,,,,,,,,,,,,,,,,3,식품의약품안전처,"생·숙면 200g, 건면 100g, 당면 30g, 유탕면(봉지)120g, 유탕면(용기)80g",200g,2015060776690,주식회사미담,해당없음,해당없음,N,,해당없음,2,수집,2023-12-22,2026-07-28 00:00:00
P123-203020200-3372,갈비양념제육김밥,P,가공식품,1,가공식품,23,즉석식품류,23203,주먹밥/김밥/초밥,2300002,즉석섭취·편의식품류,230000202,즉석섭취식품,00,해당없음,100g,126,,2.76,3.54,,20.87,2.76,,,,,,474,,,,,,,,,20.47,0.67,0.00,,,,,,,,,,,,,,,,,,,,,,,,,,,,,,,,,,,,,,,,,,,,,,,,,,,,,,,,,,,,,,,,,,,,,,,,,,,,,,,,,,,,,,,,,,,,,,,,,,,,,,,,,,,,,,,3,식품의약품안전처,210g,254g,20120358388985,(주)한국데리카후레쉬,해당없음,해당없음,N,,해당없음,2,수집,2025-12-08,2026-07-28 00:00:00
P101-404000400-0004,갈릭베이글,P,가공식품,1,가공식품,01,과자류·빵류 또는 떡류,01404,베이글,0100000,해당없음,010000004,빵류,00,해당없음,100g,304,,10.00,8.00,,48.00,6.00,,,,,,473,,,,,,,,,24.00,2.70,0.00,,,,,,,,,,,,,,,,,,,,,,,,,,,,,,,,,,,,,,,,,,,,,,,,,,,,,,,,,,,,,,,,,,,,,,,,,,,,,,,,,,,,,,,,,,,,,,,,,,,,,,,,,,,,,,,3,식품의약품안전처,70g,400g,2009027510461,화이트도우,해당없음,해당없음,N,,해당없음,2,수집,2021-06-30,2026-07-28 00:00:00
P116-702070100-1704,간편하게 생선조림용 손질된 채소,P,가공식품,1,가공식품,16,농산가공식품류,16702,채소가공품,1600007,기타 농산가공품류,160000701,과·채가공품,00,해당없음,100g,25,,1.01,0.08,,5.18,2.61,,,,,,8,,,,,,,,,0.00,0.01,0.00,,,,,,,,,,,,,,,,,,,,,,,,,,,,,,,,,,,,,,,,,,,,,,,,,,,,,,,,,,,,,,,,,,,,,,,,,,,,,,,,,,,,,,,,,,,,,,,,,,,,,,,,,,,,,,,3,식품의약품안전처,30g,500g,20130498038120,농업회사법인(주)그린피아,해당없음,해당없음,N,,해당없음,2,수집,2025-12-26,2026-07-28 00:00:00
P123-201020300-4866,간장제외/닭안심렌틸콩미역덮밥 밀키트(베이직),P,가공식품,1,가공식품,23,즉석식품류,23201,밥류,2300002,즉석섭취·편의식품류,230000203,즉석조리식품,00,해당없음,100g,78,,8.00,0.40,,10.50,2.00,,,,,,33,,,,,,,,,12.50,0.00,0.00,,,,,,,,,,,,,,,,,,,,,,,,,,,,,,,,,,,,,,,,,,,,,,,,,,,,,,,,,,,,,,,,,,,,,,,,,,,,,,,,,,,,,,,,,,,,,,,,,,,,,,,,,,,,,,,3,식품의약품안전처,210g,200g,202002308872012,쿡베이스,해당없음,해당없음,N,,해당없음,2,수집,2024-12-04,2026-07-28 00:00:00
P113-206020400-0298,간장게장 황금레시피 소스,P,가공식품,1,가공식품,13,조미식품,13206,기타 소스류,1300002,소스류,130000204,소스,00,해당없음,100g,140,,2.60,0.00,,32.00,27.00,,,,,,2180,,,,,,,,,0.00,0.00,0.00,,,,,,,,,,,,,,,,,,,,,,,,,,,,,,,,,,,,,,,,,,,,,,,,,,,,,,,,,,,,,,,,,,,,,,,,,,,,,,,,,,,,,,,,,,,,,,,,,,,,,,,,,,,,,,,3,식품의약품안전처,"드레싱 15g, 덮밥소스 165g",1000g,200304432175479,프레시플러스 주식회사,해당없음,해당없음,N,,해당없음,2,수집,2023-12-22,2026-07-28 00:00:00
P109-303030300-0042,가족사랑캐플,P,가공식품,1,가공식품,09,음료류,09303,과·채음료,0900003,과일·채소류음료,090000303,과·채음료,00,해당없음,100ml,65,,0.00,0.00,,16.00,15.00,,,,,,15,,,,,,,,,0.00,0.00,0.00,,,,,,,,,,,,,,,,,,,,,,,,,,,,,,,,,,,,,,,,,,,,,,,,,,,,,,,,,,,,,,,,,,,,,,,,,,,,,,,,,,,,,,,,,,,,,,,,,,,,,,,,,,,,,,,3,식품의약품안전처,200ml,100ml,20110527046107,(주)새암푸드먼트,해당없음,해당없음,N,,해당없음,2,수집,2020-06-30,2026-07-28 00:00:00
P103-101020100-0550,가셈 빈투바 MD,P,가공식품,1,가공식품,03,코코아가공품류 또는 초콜릿류,03101,초콜릿,0300002,초콜릿류,030000201,초콜릿,00,해당없음,100g,455,,10.14,43.57,,23.14,1.43,,,,,,1,,,,,,,,,1.43,27.14,0.00,,,,,,,,,,,,,,,,,,,,,,,,,,,,,,,,,,,,,,,,,,,,,,,,,,,,,,,,,,,,,,,,,,,,,,,,,,,,,,,,,,,,,,,,,,,,,,,,,,,,,,,,,,,,,,,3,식품의약품안전처,15g,70g,2024058025922,(주)해명씨앤씨,해당없음,해당없음,N,,해당없음,2,수집,2024-09-12,2026-07-28 00:00:00
P120-104010400-1990,가리비어묵(매운맛),P,가공식품,1,가공식품,20,수산가공식품류,20104,어묵,2000001,어육가공품류,200000104,어묵,00,해당없음,100g,120,,7.99,1.94,,17.69,3.84,,,,,,60,,,,,,,,,34.16,0.70,0.00,,,,,,,,,,,,,,,,,,,,,,,,,,,,,,,,,,,,,,,,,,,,,,,,,,,,,,,,,,,,,,,,,,,,,,,,,,,,,,,,,,,,,,,,,,,,,,,,,,,,,,,,,,,,,,,3,식품의약품안전처,30g,100g,19990144396735,(주)대광에프앤씨,해당없음,해당없음,N,,해당없음,2,수집,2025-12-21,2026-07-28 00:00:00
P101-412000400-0102,가나슈타르트,P,가공식품,1,가공식품,01,과자류·빵류 또는 떡류,01412,파이/타르트,0100000,해당없음,010000004,빵류,00,해당없음,100g,202,,1.00,13.00,,20.00,16.00,,,,,,43,,,,,,,,,0.00,12.00,0.00,,,,,,,,,,,,,,,,,,,,,,,,,,,,,,,,,,,,,,,,,,,,,,,,,,,,,,,,,,,,,,,,,,,,,,,,,,,,,,,,,,,,,,,,,,,,,,,,,,,,,,,,,,,,,,,3,식품의약품안전처,70g,1460g,2023026901060,주식회사 마띠아 남촌지점,해당없음,해당없음,N,,해당없음,2,수집,2023-12-22,2026-07-28 00:00:00
P109-202020000-0098,zero 믹스커피파우더,P,가공식품,1,가공식품,09,음료류,09202,인스턴트커피,0900002,커피,090000200,해당없음,00,해당없음,100g,193,,2.69,12.34,,81.69,0.00,,,,,,52,,,,,,,,,0.00,12.29,0.00,,,,,,,,,,,,,,,,,,,,,,,,,,,,,,,,,,,,,,,,,,,,,,,,,,,,,,,,,,,,,,,,,,,,,,,,,,,,,,,,,,,,,,,,,,,,,,,,,,,,,,,,,,,,,,,3,식품의약품안전처,,500g,2023052815761,(주)태향,해당없음,해당없음,N,,해당없음,2,수집,2024-01-11,2026-07-28 00:00:00
P116-703070300-0065,shake bok 오복오곡,P,가공식품,1,가공식품,16,농산가공식품류,16703,두류가공품,1600007,기타 농산가공품류,160000703,두류가공품,00,해당없음,100g,161,,10.80,7.60,,12.20,1.50,,,,,,1,,,,,,,,,0.00,1.20,0.00,,,,,,,,,,,,,,,,,,,,,,,,,,,,,,,,,,,,,,,,,,,,,,,,,,,,,,,,,,,,,,,,,,,,,,,,,,,,,,,,,,,,,,,,,,,,,,,,,,,,,,,,,,,,,,,3,식품의약품안전처,,33g,2022068300730,모닝팜,해당없음,해당없음,N,,해당없음,2,수집,2023-12-22,2026-07-28 00:00:00
P101-104000100-0775,darda 코리안BBQ라이스칩,P,가공식품,1,가공식품,01,과자류·빵류 또는 떡류,01104,스낵과자,0100000,해당없음,010000001,과자,00,해당없음,100g,483,,7.00,20.00,,70.00,3.33,,,,,,833,,,,,,,,,0.00,7.33,0.00,,,,,,,,,,,,,,,,,,,,,,,,,,,,,,,,,,,,,,,,,,,,,,,,,,,,,,,,,,,,,,,,,,,,,,,,,,,,,,,,,,,,,,,,,,,,,,,,,,,,,,,,,,,,,,,3,식품의약품안전처,30g,30g,20100461303783,(주)제이앤이아산공장,해당없음,해당없음,N,,해당없음,2,수집,2024-12-22,2026-07-28 00:00:00
P109-302030200-2647,abc 클렌즈 주스,P,가공식품,1,가공식품,09,음료류,09302,과·채주스,0900003,과일·채소류음료,090000302,과·채주스,00,해당없음,100ml,40,,0.69,0.03,,9.33,7.34,,,,,,21,,,,,,,,,0.00,0.01,0.00,,,,,,,,,,,,,,,,,,,,,,,,,,,,,,,,,,,,,,,,,,,,,,,,,,,,,,,,,,,,,,,,,,,,,,,,,,,,,,,,,,,,,,,,,,,,,,,,,,,,,,,,,,,,,,,3,식품의약품안전처,200ml,80ml,2021014992320,가온길,해당없음,해당없음,N,,해당없음,2,수집,2024-03-11,2026-07-28 00:00:00
P123-226020200-0010,[쉐프엠)콘샐러드,P,가공식품,1,가공식품,23,즉석식품류,23226,샐러드,2300002,즉석섭취·편의식품류,230000202,즉석섭취식품,00,해당없음,100g,140,,2.00,7.00,,17.00,10.00,,,,,,310,,,,,,,,,4.70,1.10,0.00,,,,,,,,,,,,,,,,,,,,,,,,,,,,,,,,,,,,,,,,,,,,,,,,,,,,,,,,,,,,,,,,,,,,,,,,,,,,,,,,,,,,,,,,,,,,,,,,,,,,,,,,,,,,,,,3,식품의약품안전처,,100g,20150355222337,(주)엠디에스코리아,해당없음,해당없음,N,,해당없음,2,수집,2021-06-30,2026-07-28 00:00:00
P123-212020300-0002,[Careplus)통마늘병아리콩조림행복한맛남,P,가공식품,1,가공식품,23,즉석식품류,23212,반찬,2300002,즉석섭취·편의식품류,230000203,즉석조리식품,00,해당없음,100g,165,,6.40,3.10,,27.70,5.80,,,,,,237,,,,,,,,,0.00,0.39,0.03,,,,,,,,,,,,,,,,,,,,,,,,,,,,,,,,,,,,,,,,,,,,,,,,,,,,,,,,,,,,,,,,,,,,,,,,,,,,,,,,,,,,,,,,,,,,,,,,,,,,,,,,,,,,,,,3,식품의약품안전처,,1000g,20090311271748,(주)아워홈,해당없음,해당없음,N,,해당없음,2,수집,2020-06-30,2026-07-28 00:00:00
P119-202040200-1205,WRECIPE 꾸덕 그릭요거트,P,가공식품,1,가공식품,19,유가공품류,19202,농후발효유,1900004,발효유류(축산물가공품),190000402,농후발효유,00,해당없음,100g,214,,15.37,12.14,,10.93,1.80,,,,,,28,,,,,,,,,68.57,7.36,0.21,,,,,,,,,,,,,,,,,,,,,,,,,,,,,,,,,,,,,,,,,,,,,,,,,,,,,,,,,,,,,,,,,,,,,,,,,,,,,,,,,,,,,,,,,,,,,,,,,,,,,,,,,,,,,,,3,식품의약품안전처,"액상 150ml, 호상 100ml(g)",1000g,2024010414727,파인드,해당없음,해당없음,N,,해당없음,2,수집,2025-08-19,2026-07-28 00:00:00
P112-010001000-0223,Traditional Korean chili paste,P,가공식품,1,가공식품,12,장류,12010,고추장,1200000,해당없음,120000010,고추장,00,해당없음,100g,167,,5.60,1.60,,32.60,25.00,,,,,,1320,,,,,,,,,0.00,0.60,0.00,,,,,,,,,,,,,,,,,,,,,,,,,,,,,,,,,,,,,,,,,,,,,,,,,,,,,,,,,,,,,,,,,,,,,,,,,,,,,,,,,,,,,,,,,,,,,,,,,,,,,,,,,,,,,,,3,식품의약품안전처,10g,200g,2000055833715,문경한식된장,해당없음,해당없음,N,,해당없음,2,수집,2024-07-07,2026-07-28 00:00:00
P116-302030200-2193,The 고소한 마카다미아 매일견과,P,가공식품,1,가공식품,16,농산가공식품류,16302,견과류,1600003,땅콩 또는 견과류가공품류,160000302,땅콩 또는 견과류가공품,00,해당없음,100g,495,,0.00,30.00,,60.00,0.00,,,,,,0,,,,,,,,,0.00,2.50,0.00,,,,,,,,,,,,,,,,,,,,,,,,,,,,,,,,,,,,,,,,,,,,,,,,,,,,,,,,,,,,,,,,,,,,,,,,,,,,,,,,,,,,,,,,,,,,,,,,,,,,,,,,,,,,,,,3,식품의약품안전처,10g,20g,20140368087107,주식회사 애드웰스,해당없음,해당없음,N,,해당없음,2,수집,2026-06-09,2026-07-28 00:00:00
P101-405000400-8513,T79516. 인디비주얼 멀티그레인 스퀘어,P,가공식품,1,가공식품,01,과자류·빵류 또는 떡류,01405,기타 빵,0100000,해당없음,010000004,빵류,00,해당없음,100g,247,,9.70,5.20,,40.40,1.10,,,,,,652,,,,,,,,,0.00,0.60,0.00,,,,,,,,,,,,,,,,,,,,,,,,,,,,,,,,,,,,,,,,,,,,,,,,,,,,,,,,,,,,,,,,,,,,,,,,,,,,,,,,,,,,,,,,,,,,,,,,,,,,,,,,,,,,,,,3,식품의약품안전처,70g,3840g,25TH0TQ00D9,PARIS BANGKOK BAKERY CO. LTD,(주)베이크플러스,해당없음,Y,764,태국,2,수집,2025-11-12,2026-07-28 00:00:00
P109-201020000-2734,STARBUCKS 카페 라떼 설탕 무첨가,P,가공식품,1,가공식품,09,음료류,09201,액상커피,0900002,커피,090000200,해당없음,00,해당없음,100ml,56,,1.56,4.38,,6.56,2.19,,,,,,47,,,,,,,,,12.50,2.50,0.16,,,,,,,,,,,,,,,,,,,,,,,,,,,,4.063,,,,,,,,,,,,,,,,,,,,,,,,,,,,,,,,,,,,,,,,,,,,,,,,,,,,,,,,,,,,,,,,,,,,,,,,,,,,,,,,,,,3,식품의약품안전처,240ml,320ml,2006062401229,서울우유협동조합거창공장,해당없음,해당없음,N,,해당없음,2,수집,2026-05-08,2026-07-28 00:00:00
P123-201020300-5714,Rally 닭가슴살 곤약볶음밥 새우,P,가공식품,1,가공식품,23,즉석식품류,23201,밥류,2300002,즉석섭취·편의식품류,230000203,즉석조리식품,00,해당없음,100g,152,,6.46,3.54,,24.59,1.76,1.6,,,,,252,,,,,,,,,18.35,0.63,0.01,,,,,,,,,,,,,,,,,,,,,,,,,,,,,,,,,,,,,,,,,,,,,,,,,,,,,,,,,,,,,,,,,,,,,,,,,,,,,,,,,,,,,,,,,,,,,,,,,,,,,,,,,,,,,,,3,식품의약품안전처,210g,200g,20040355580672,오뚜기냉동식품주식회사,해당없음,해당없음,N,,해당없음,2,수집,2025-09-04,2026-07-28 00:00:00
P113-206020400-7872,PN-치킨빈달루,P,가공식품,1,가공식품,13,조미식품,13206,기타 소스류,1300002,소스류,130000204,소스,00,해당없음,100g,148,,9.90,8.30,,8.30,4.90,,,,,,606,,,,,,,,,39.10,1.60,0.01,,,,,,,,,,,,,,,,,,,,,,,,,,,,,,,,,,,,,,,,,,,,,,,,,,,,,,,,,,,,,,,,,,,,,,,,,,,,,,,,,,,,,,,,,,,,,,,,,,,,,,,,,,,,,,,3,식품의약품안전처,"드레싱 15g, 덮밥소스 165g",100g,2024024005514,주식회사 애딘트,해당없음,해당없음,N,,해당없음,2,수집,2026-02-05,2026-07-28 00:00:00
P101-106000100-2041,OMG 그래놀라 초코,P,가공식품,1,가공식품,01,과자류·빵류 또는 떡류,01106,일반과자,0100000,해당없음,010000001,과자,00,해당없음,100g,335,,6.00,22.00,,31.00,17.00,,,,,,190,,,,,,,,,5.00,3.60,0.13,,,,,,,,,,,,,,,,,,,,,,,,,,,,,,,,,,,,,,,,,,,,,,,,,,,,,,,,,,,,,,,,,,,,,,,,,,,,,,,,,,,,,,,,,,,,,,,,,,,,,,,,,,,,,,,3,식품의약품안전처,30g,150g,20020383685955,(주)파리크라상,해당없음,해당없음,N,,해당없음,2,수집,2023-12-22,2026-07-28 00:00:00
P109-302030200-3796,NFC착즙100% 유기농 푸룬주스,P,가공식품,1,가공식품,09,음료류,09302,과·채주스,0900003,과일·채소류음료,090000302,과·채주스,00,해당없음,100g,75,,0.00,0.00,,20.00,10.00,,,,,,0,,,,,,,,,0.00,0.00,0.00,,,,,,,,,,,,,,,,,,,,,,,,,,,,,,,,,,,,,,,,,,,,,,,,,,,,,,,,,,,,,,,,,,,,,,,,,,,,,,,,,,,,,,,,,,,,,,,,,,,,,,,,,,,,,,,3,식품의약품안전처,200ml,20g,2021060692887,주식회사청담,해당없음,해당없음,N,,해당없음,2,수집,2024-12-04,2026-07-28 00:00:00
P123-224020200-1679,NEW 스크램블&소시지 샌드위치,P,가공식품,1,가공식품,23,즉석식품류,23224,샌드위치,2300002,즉석섭취·편의식품류,230000202,즉석섭취식품,00,해당없음,100g,305,,5.88,20.00,,25.29,6.47,,,,,,582,,,,,,,,,38.23,4.12,0.12,,,,,,,,,,,,,,,,,,,,,,,,,,,,,,,,,,,,,,,,,,,,,,,,,,,,,,,,,,,,,,,,,,,,,,,,,,,,,,,,,,,,,,,,,,,,,,,,,,,,,,,,,,,,,,,3,식품의약품안전처,150g,170g,20090188032414,주식회사샌드팜영남공장,해당없음,해당없음,N,,해당없음,2,수집,2025-05-21,2026-07-28 00:00:00
P123-224020300-0365,MEGA 초코멜로우 샌드,P,가공식품,1,가공식품,23,즉석식품류,23224,샌드위치,2300002,즉석섭취·편의식품류,230000203,즉석조리식품,00,해당없음,100g,326,,4.17,12.50,,48.61,23.61,,,,,,194,,,,,,,,,0.00,8.33,0.00,,,,,,,,,,,,,,,,,,,,,,,,,,,,,,,,,,,,,,,,,,,,,,,,,,,,,,,,,,,,,,,,,,,,,,,,,,,,,,,,,,,,,,,,,,,,,,,,,,,,,,,,,,,,,,,3,식품의약품안전처,150g,72g,20180280335123,(주)페이퍼플랜성남공장,해당없음,해당없음,N,,해당없음,2,수집,2025-01-09,2026-07-28 00:00:00
P117-501050100-7933,LA양념돼지갈비,P,가공식품,1,가공식품,17,식육가공품 및 포장육,17501,양념육,1700005,양념육류(축산물가공품),170000501,양념육,00,해당없음,100g,232,,14.50,15.50,,8.50,7.40,,,,,,460,,,,,,,,,55.00,5.20,0.00,,,,,,,,,,,,,,,,,,,,,,,,,,,,,,,,,,,,,,,,,,,,,,,,,,,,,,,,,,,,,,,,,,,,,,,,,,,,,,,,,,,,,,,,,,,,,,,,,,,,,,,,,,,,,,,3,식품의약품안전처,100g,1000g,2012026209529,(주)한승,해당없음,해당없음,N,,해당없음,2,수집,2026-06-04,2026-07-28 00:00:00
P123-224020300-0573,KIMCHI’Z Burrito 김치즈 브리또,P,가공식품,1,가공식품,23,즉석식품류,23224,샌드위치,2300002,즉석섭취·편의식품류,230000203,즉석조리식품,00,해당없음,100g,257,,8.39,10.03,,34.97,2.28,,,,,,684,,,,,,,,,9.69,4.37,0.10,,,,,,,,,,,,,,,,,,,,,,,,,,,,,,,,,,,,,,,,,,,,,,,,,,,,,,,,,,,,,,,,,,,,,,,,,,,,,,,,,,,,,,,,,,,,,,,,,,,,,,,,,,,,,,,3,식품의약품안전처,150g,165g,200804930741784,농업회사법인 주식회사 한우물,해당없음,해당없음,N,,해당없음,2,수집,2026-05-29,2026-07-28 00:00:00
P109-302030200-6024,JEJU 감귤100% NFC 착즙주스,P,가공식품,1,가공식품,09,음료류,09302,과·채주스,0900003,과일·채소류음료,090000302,과·채주스,00,해당없음,100ml,40,,0.47,0.08,,9.58,8.45,,,,,,2,,,,,,,,,0.00,0.03,0.01,,,,,,,,,,,,,,,,,,,,,,,,,,,,,,,,,,,,,,,,,,,,,,,,,,,,,,,,,,,,,,,,,,,,,,,,,,,,,,,,,,,,,,,,,,,,,,,,,,,,,,,,,,,,,,,3,식품의약품안전처,200ml,1000ml,20110445029241,주식회사 퓨럽2공장,해당없음,해당없음,N,,해당없음,2,수집,2026-01-30,2026-07-28 00:00:00
P109-401040100-0628,HOT6 더킹크러쉬피치,P,가공식품,1,가공식품,09,음료류,09401,탄산음료,0900004,탄산음료류,090000401,탄산음료,00,해당없음,100ml,48,,0.41,0.00,,11.44,10.86,,,,,,32,,,,,,,,,0.00,0.00,0.00,,,,,,,,,,,,,,,,,,,,,,,,,,,,,,,,,,,,,,,,,,,,,,,,,,,,,,,,,,,,,,,,,,,,,,,,,,,,,,,,,,,,,,,,,,,,,,,,,,,,,,,,,,,,,,,3,식품의약품안전처,200ml,355ml,2021044228216,롯데칠성음료(주),해당없음,해당없음,N,,해당없음,2,수집,2023-12-22,2026-07-28 00:00:00
P101-106000100-2034,GOLD커피콩비스킷,P,가공식품,1,가공식품,01,과자류·빵류 또는 떡류,01106,일반과자,0100000,해당없음,010000001,과자,00,해당없음,100g,430,,9.00,8.00,,81.00,12.00,,,,,,370,,,,,,,,,0.00,3.80,0.00,,,,,,,,,,,,,,,,,,,,,,,,,,,,,,,,,,,,,,,,,,,,,,,,,,,,,,,,,,,,,,,,,,,,,,,,,,,,,,,,,,,,,,,,,,,,,,,,,,,,,,,,,,,,,,,3,식품의약품안전처,30g,100g,200004670223,정든식품,해당없음,해당없음,N,,해당없음,2,수집,2023-12-22,2026-07-28 00:00:00
P123-203020300-0361,F78 참치케일볶음밥,P,가공식품,1,가공식품,23,즉석식품류,23203,주먹밥/김밥/초밥,2300002,즉석섭취·편의식품류,230000203,즉석조리식품,00,해당없음,100g,106,,3.75,1.88,,18.75,1.25,,,,,,106,,,,,,,,,6.25,0.00,0.00,,,,,,,,,,,,,,,,,,,,,,,,,,,,,,,,,,,,,,,,,,,,,,,,,,,,,,,,,,,,,,,,,,,,,,,,,,,,,,,,,,,,,,,,,,,,,,,,,,,,,,,,,,,,,,,3,식품의약품안전처,210g,160g,20200442032939,아이배냇(주),해당없음,해당없음,N,,해당없음,2,수집,2024-10-21,2026-07-28 00:00:00
P101-106000100-0020,DELIGHTPROJECT갈릭버터베이글칩,P,가공식품,1,가공식품,01,과자류·빵류 또는 떡류,01106,일반과자,0100000,해당없음,010000001,과자,00,해당없음,100g,433,,10.00,10.00,,75.00,30.00,,,,,,333,,,,,,,,,7.17,6.50,0.00,,,,,,,,,,,,,,,,,,,,,,,,,,,,,,,,,,,,,,,,,,,,,,,,,,,,,,,,,,,,,,,,,,,,,,,,,,,,,,,,,,,,,,,,,,,,,,,,,,,,,,,,,,,,,,,3,식품의약품안전처,30g,60g,2017027516717,(주)고메베이글,해당없음,해당없음,N,,해당없음,2,수집,2021-06-30,2026-07-28 00:00:00
P123-201020200-0332,CK)김치제육덮밥,P,가공식품,1,가공식품,23,즉석식품류,23201,밥류,2300002,즉석섭취·편의식품류,230000202,즉석섭취식품,00,해당없음,100g,243,,7.65,5.88,,39.71,2.06,,,,,,815,,,,,,,,,13.24,1.26,0.00,,,,,,,,,,,,,,,,,,,,,,,,,,,,,,,,,,,,,,,,,,,,,,,,,,,,,,,,,,,,,,,,,,,,,,,,,,,,,,,,,,,,,,,,,,,,,,,,,,,,,,,,,,,,,,,3,식품의약품안전처,210g,340g,200003470522998,롯데후레쉬델리카제1호 주식회사,해당없음,해당없음,N,,해당없음,2,수집,2024-03-05,2026-07-28 00:00:00
P101-405000400-2695,BT버거번F,P,가공식품,1,가공식품,01,과자류·빵류 또는 떡류,01405,기타 빵,0100000,해당없음,010000004,빵류,00,해당없음,100g,345,,9.53,10.55,,53.06,11.67,,,,,,252,,,,,,,,,70.75,5.45,0.22,,,,,,,,,,,,,,,,,,,,,,,,,,,,,,,,,,,,,,,,,,,,,,,,,,,,,,,,,,,,,,,,,,,,,,,,,,,,,,,,,,,,,,,,,,,,,,,,,,,,,,,,,,,,,,,3,식품의약품안전처,70g,70g,20140036600392,몽상클레르 코리아,해당없음,해당없음,N,,해당없음,2,수집,2023-12-22,2026-07-28 00:00:00
P117-501050100-6125,BBQ 치킨텐더스틱,P,가공식품,1,가공식품,17,식육가공품 및 포장육,17501,양념육,1700005,양념육류(축산물가공품),170000501,양념육,00,해당없음,100g,225,,15.00,11.00,,16.00,1.00,,,,,,460,,,,,,,,,50.00,2.50,0.00,,,,,,,,,,,,,,,,,,,,,,,,,,,,,,,,,,,,,,,,,,,,,,,,,,,,,,,,,,,,,,,,,,,,,,,,,,,,,,,,,,,,,,,,,,,,,,,,,,,,,,,,,,,,,,,3,식품의약품안전처,100g,450g,19840532001495,(주)체리푸드,해당없음,해당없음,N,,해당없음,2,수집,2026-03-20,2026-07-28 00:00:00
P109-801080100-3970,ABC베이스,P,가공식품,1,가공식품,09,음료류,09801,액상음료,0900008,기타음료,090000801,혼합음료,00,해당없음,100ml,154,,0.65,0.02,,37.83,33.25,,,,,,92,,,,,,,,,0.00,0.00,0.00,,,,,,,,,,,,,,,,,,,,,,,,,,,,,,,,,,,,,,,,,,,,,,,,,,,,,,,,,,,,,,,,,,,,,,,,,,,,,,,,,,,,,,,,,,,,,,,,,,,,,,,,,,,,,,,3,식품의약품안전처,200ml,1800ml,2019056448065,농업회사법인(주)프레쉬벨,해당없음,해당없음,N,,해당없음,2,수집,2025-08-18,2026-07-28 00:00:00
P123-208020300-0664,79돈까스 김치전골,P,가공식품,1,가공식품,23,즉석식품류,23208,찌개/전골류,2300002,즉석섭취·편의식품류,230000203,즉석조리식품,00,해당없음,100g,154,,5.85,6.02,,19.02,3.42,,,,,,846,,,,,,,,,7.32,1.14,0.07,,,,,,,,,,,,,,,,,,,,,,,,,,,,,,,,,,,,,,,,,,,,,,,,,,,,,,,,,,,,,,,,,,,,,,,,,,,,,,,,,,,,,,,,,,,,,,,,,,,,,,,,,,,,,,,3,식품의약품안전처,200ml(g),615g,20120368050275,농업회사법인주식회사에쓰와이푸드,해당없음,해당없음,N,,해당없음,2,수집,2024-07-11,2026-07-28 00:00:00
P109-700070000-0411,6년근 고려 홍삼애(愛) 스틱,P,가공식품,1,가공식품,09,음료류,09700,인삼/홍삼음료,0900007,인삼·홍삼음료,090000700,해당없음,00,해당없음,100g,250,,0.60,0.00,,61.80,17.60,,,,,,11,,,,,,,,,0.00,0.00,0.00,,,,,,,,,,,,,,,,,,,,,,,,,,,,,,,,,,,,,,,,,,,,,,,,,,,,,,,,,,,,,,,,,,,,,,,,,,,,,,,,,,,,,,,,,,,,,,,,,,,,,,,,,,,,,,,3,식품의약품안전처,100ml,600g,20080415099335,(주)휴럼,해당없음,해당없음,N,,해당없음,2,수집,2024-06-25,2026-07-28 00:00:00
P123-216020200-0115,4색치킨,P,가공식품,1,가공식품,23,즉석식품류,23216,치킨,2300002,즉석섭취·편의식품류,230000202,즉석섭취식품,00,해당없음,100g,218,,6.60,13.40,,17.80,7.40,,,,,,644,,,,,,,,,35.80,3.00,0.00,,,,,,,,,,,,,,,,,,,,,,,,,,,,,,,,,,,,,,,,,,,,,,,,,,,,,,,,,,,,,,,,,,,,,,,,,,,,,,,,,,,,,,,,,,,,,,,,,,,,,,,,,,,,,,,3,식품의약품안전처,,500g,20180348070640,(주)델리캡,해당없음,해당없음,N,,해당없음,2,수집,2025-06-20,2026-07-28 00:00:00
P123-203020200-2175,3XL청양리챔마요,P,가공식품,1,가공식품,23,즉석식품류,23203,주먹밥/김밥/초밥,2300002,즉석섭취·편의식품류,230000202,즉석섭취식품,00,해당없음,100g,203,,5.05,5.88,,32.38,0.12,,,,,,330,,,,,,,,,6.45,1.48,0.07,,,,,,,,,,,,,,,,,,,,,,,,,,,,,,,,,,,,,,,,,,,,,,,,,,,,,,,,,,,,,,,,,,,,,,,,,,,,,,,,,,,,,,,,,,,,,,,,,,,,,,,,,,,,,,,3,식품의약품안전처,210g,162g,201503831781261,(주)푸드플래닛,해당없음,해당없음,N,,해당없음,2,수집,2025-05-01,2026-07-28 00:00:00
P123-224020200-0877,2MIX샐러드샌드위치,P,가공식품,1,가공식품,23,즉석식품류,23224,샌드위치,2300002,즉석섭취·편의식품류,230000202,즉석섭취식품,00,해당없음,100g,244,,3.65,13.02,,28.12,7.29,,,,,,447,,,,,,,,,6.77,2.50,0.00,,,,,,,,,,,,,,,,,,,,,,,,,,,,,,,,,,,,,,,,,,,,,,,,,,,,,,,,,,,,,,,,,,,,,,,,,,,,,,,,,,,,,,,,,,,,,,,,,,,,,,,,,,,,,,,3,식품의약품안전처,150g,192g,20180212258497,(주)후레쉬퍼스트,해당없음,해당없음,N,,해당없음,2,수집,2024-04-26,2026-07-28 00:00:00
P123-203020300-0360,1am 저당 귀리 곤약김밥 참치마요,P,가공식품,1,가공식품,23,즉석식품류,23203,주먹밥/김밥/초밥,2300002,즉석섭취·편의식품류,230000203,즉석조리식품,00,해당없음,100g,140,,7.29,4.15,,18.35,2.06,,,,,,353,,,,,,,,,6.58,0.44,0.01,,,,,,,,,,,,,,,,,,,,,,,,,,,,,,,,,,,,,,,,,,,,,,,,,,,,,,,,,,,,,,,,,,,,,,,,,,,,,,,,,,,,,,,,,,,,,,,,,,,,,,,,,,,,,,,3,식품의약품안전처,210g,220g,20200614067153,복을만드는사람들주식회사농업회사법인,해당없음,해당없음,N,,해당없음,2,수집,2024-11-25,2026-07-28 00:00:00
P117-100010300-0001,120줄김밥햄,P,가공식품,1,가공식품,17,식육가공품 및 포장육,17100,햄,1700001,햄류(축산물가공품),170000103,프레스햄,00,해당없음,100g,195,,9.00,9.00,,20.00,2.00,,,,,,970,,,,,,,,,30.00,3.00,0.00,,,,,,,,,,,,,,,,,,,,,,,,,,,,,,,,,,,,,,,,,,,,,,,,,,,,,,,,,,,,,,,,,,,,,,,,,,,,,,,,,,,,,,,,,,,,,,,,,,,,,,,,,,,,,,,3,식품의약품안전처,30g,1000g,2003053200935,(주)소디프비앤에프,해당없음,해당없음,N,,해당없음,2,수집,2019-06-30,2026-07-28 00:00:00
P109-302030200-0009,100% 유기농 딸기그레이프,P,가공식품,1,가공식품,09,음료류,09302,과·채주스,0900003,과일·채소류음료,090000302,과·채주스,00,해당없음,100ml,60,,0.00,0.00,,14.00,12.00,,,,,,0,,,,,,,,,0.00,0.00,0.00,,,,,,,,,,,,,,,,,,,,,,,,,,,,,,,,,,,,,,,,,,,,,,,,,,,,,,,,,,,,,,,,,,,,,,,,,,,,,,,,,,,,,,,,,,,,,,,,,,,,,,,,,,,,,,,3,식품의약품안전처,200ml,100ml,20030445042590,(주)웰팜,해당없음,해당없음,N,,해당없음,2,수집,2022-12-29,2026-07-28 00:00:00
P101-406000100-0012,(완제품)무화과스콘,P,가공식품,1,가공식품,01,과자류·빵류 또는 떡류,01406,스콘,0100000,해당없음,010000001,과자,00,해당없음,100g,355,,4.00,14.00,,52.00,10.00,,,,,,372,,,,,,,,,63.00,7.60,0.00,,,,,,,,,,,,,,,,,,,,,,,,,,,,,,,,,,,,,,,,,,,,,,,,,,,,,,,,,,,,,,,,,,,,,,,,,,,,,,,,,,,,,,,,,,,,,,,,,,,,,,,,,,,,,,,3,식품의약품안전처,70g,100g,20210398767220,나눔베이커리 협동조합,해당없음,해당없음,N,,해당없음,2,수집,2024-01-16,2026-07-28 00:00:00
P101-409000400-4933,(가또)떠먹는 티라미스,P,가공식품,1,가공식품,01,과자류·빵류 또는 떡류,01409,케이크,0100000,해당없음,010000004,빵류,00,해당없음,100g,313,,5.63,18.13,,31.88,19.38,,,,,,104,,,,,,,,,84.38,11.88,0.38,,,,,,,,,,,,,,,,,,,,,,,,,,,,,,,,,,,,,,,,,,,,,,,,,,,,,,,,,,,,,,,,,,,,,,,,,,,,,,,,,,,,,,,,,,,,,,,,,,,,,,,,,,,,,,,3,식품의약품안전처,70g,480g,20040347013430,(주)가또케익,해당없음,해당없음,N,,해당없음,2,수집,2026-01-16,2026-07-28 00:00:00
